image_id,primary_class,assigned_rule_id,condition,seed,decoding,image_width,image_height,target_box,mask_box,target_area_fraction,mask_area_fraction,mask_target_iou,baseline_answer,perturbed_answer,answer_changed,genuine_answer_changed,object_box_iou,object_centroid_drift,object_disappeared,worker_lost,flip_due_to_worker_loss,confidence_drop,perturbed_worker_boxes,perturbed_object_boxes,inference_ms
0000007,ppe_violation,rule_1,random_matched,42,beam,2048,1536,"[982, 225, 1199, 406]","[500, 615, 717, 796]",0.012485822041829428,0.012485822041829428,0.0,compliant,compliant,False,False,1.0,0.0,False,False,False,-0.0003712822550109296,"[[967.6800537109375,226.55999755859375,1494.01611328125,1427.7120361328125]]","[[982.0160522460938,225.0240020751953,1199.10400390625,406.2720031738281]]",512.8628999955254
0000007,ppe_violation,rule_1,random_matched,43,beam,2048,1536,"[982, 225, 1199, 406]","[123, 1337, 340, 1518]",0.012485822041829428,0.012485822041829428,0.0,compliant,compliant,False,False,1.0,0.0,False,False,False,-0.0006704813401613441,"[[967.6800537109375,226.55999755859375,1494.01611328125,1427.7120361328125]]","[[982.0160522460938,225.0240020751953,1199.10400390625,406.2720031738281]]",505.9518000052776
0000007,ppe_violation,rule_1,random_matched,44,beam,2048,1536,"[982, 225, 1199, 406]","[784, 1033, 1001, 1214]",0.012485822041829428,0.012485822041829428,0.0,compliant,compliant,False,False,0.9906537708981777,0.00040001869201660155,False,False,False,-0.0016298484323279405,"[[967.6800537109375,226.55999755859375,1494.01611328125,1427.7120361328125]]","[[982.0160522460938,225.0240020751953,1201.152099609375,406.2720031738281]]",505.6748999923002
0000007,ppe_violation,rule_1,random_matched,45,beam,2048,1536,"[982, 225, 1199, 406]","[238, 322, 455, 503]",0.012485822041829428,0.012485822041829428,0.0,compliant,compliant,False,False,1.0,0.0,False,False,False,-0.0014954345034701166,"[[967.6800537109375,226.55999755859375,1494.01611328125,1427.7120361328125]]","[[982.0160522460938,225.0240020751953,1199.10400390625,406.2720031738281]]",502.34990000899415
0000007,ppe_violation,rule_1,random_matched,46,beam,2048,1536,"[982, 225, 1199, 406]","[1328, 1250, 1545, 1431]",0.012485822041829428,0.012485822041829428,0.0,compliant,compliant,False,False,1.0,0.0,False,False,False,0.0015750498111758438,"[[967.6800537109375,226.55999755859375,1494.01611328125,1424.6400146484375]]","[[982.0160522460938,225.0240020751953,1199.10400390625,406.2720031738281]]",530.3962000034517
0000007,ppe_violation,rule_1,targeted,-1,beam,2048,1536,"[982, 225, 1199, 406]","[982, 225, 1199, 406]",0.012485822041829428,0.012485822041829428,1.0,compliant,compliant,False,False,0.0,0.13499214111030633,False,False,False,-0.015785358180957165,"[[316.416015625,248.06399536132812,969.72802734375,1533.696044921875]]","[[599.0400390625,163.58399963378906,891.904052734375,430.8479919433594]]",1630.4352000006475
0000022,compliant,rule_3,random_matched,42,beam,907,765,"[0, 0, 779, 764]","[128, 1, 907, 765]",0.8577527004921778,0.8577527004921778,0.7161385757476583,compliant,compliant,False,False,0.17016317801915545,0.2721293461326552,False,False,False,-0.18163195083843087,"[[0.45350000262260437,0.3824999928474426,905.6395263671875,763.8524780273438],[0.45350000262260437,0.3824999928474426,133.78250122070312,763.8524780273438]]","[[0.45350000262260437,0.3824999928474426,132.87550354003906,763.8524780273438]]",528.4685999940848
0000022,compliant,rule_3,random_matched,43,beam,907,765,"[0, 0, 779, 764]","[128, 0, 907, 764]",0.8577527004921778,0.8577527004921778,0.7177508269018743,compliant,compliant,False,False,0.17132867622696796,0.2717471429611284,False,False,False,-0.19146702516757486,"[[0.45350000262260437,0.3824999928474426,133.78250122070312,763.8524780273438]]","[[0.45350000262260437,0.3824999928474426,133.78250122070312,763.8524780273438]]",461.46289999887813
0000022,compliant,rule_3,random_matched,44,beam,907,765,"[0, 0, 779, 764]","[128, 1, 907, 765]",0.8577527004921778,0.8577527004921778,0.7161385757476583,compliant,compliant,False,False,0.17016317801915545,0.2721293461326552,False,False,False,-0.18163195083843087,"[[0.45350000262260437,0.3824999928474426,905.6395263671875,763.8524780273438],[0.45350000262260437,0.3824999928474426,133.78250122070312,763.8524780273438]]","[[0.45350000262260437,0.3824999928474426,132.87550354003906,763.8524780273438]]",569.3944999948144
0000022,compliant,rule_3,random_matched,45,beam,907,765,"[0, 0, 779, 764]","[128, 1, 907, 765]",0.8577527004921778,0.8577527004921778,0.7161385757476583,compliant,compliant,False,False,0.17016317801915545,0.2721293461326552,False,False,False,-0.18163195083843087,"[[0.45350000262260437,0.3824999928474426,905.6395263671875,763.8524780273438],[0.45350000262260437,0.3824999928474426,133.78250122070312,763.8524780273438]]","[[0.45350000262260437,0.3824999928474426,132.87550354003906,763.8524780273438]]",549.0347000013571
0000022,compliant,rule_3,random_matched,46,beam,907,765,"[0, 0, 779, 764]","[128, 1, 907, 765]",0.8577527004921778,0.8577527004921778,0.7161385757476583,compliant,compliant,False,False,0.17016317801915545,0.2721293461326552,False,False,False,-0.18163195083843087,"[[0.45350000262260437,0.3824999928474426,905.6395263671875,763.8524780273438],[0.45350000262260437,0.3824999928474426,133.78250122070312,763.8524780273438]]","[[0.45350000262260437,0.3824999928474426,132.87550354003906,763.8524780273438]]",509.87540000642184
0000022,compliant,rule_3,targeted,-1,beam,907,765,"[0, 0, 779, 764]","[0, 0, 779, 764]",0.8577527004921778,0.8577527004921778,1.0,compliant,compliant,False,False,0.0,0.39167907056632467,False,True,False,-0.16875425389004728,[],"[[778.6594848632812,0.3824999928474426,905.6395263671875,552.7124633789062]]",698.5239000059664
0000023,compliant,rule_1,random_matched,42,beam,1200,900,"[602, 298, 617, 312]","[261, 848, 276, 862]",0.00019444444444444443,0.00019444444444444443,0.0,compliant,compliant,False,False,1.0,0.0,False,False,False,-0.004482061243974211,[],"[[601.800048828125,298.3500061035156,617.4000244140625,311.8500061035156]]",527.6199999934761
0000023,compliant,rule_1,random_matched,43,beam,1200,900,"[602, 298, 617, 312]","[407, 8, 422, 22]",0.00019444444444444443,0.00019444444444444443,0.0,compliant,compliant,False,False,0.9230799327047224,0.00039998372395833335,False,False,False,-0.001987683550956132,[],"[[603.0,298.3500061035156,617.4000244140625,311.8500061035156]]",504.1322000033688
0000023,compliant,rule_1,random_matched,44,beam,1200,900,"[602, 298, 617, 312]","[74, 167, 89, 181]",0.00019444444444444443,0.00019444444444444443,0.0,compliant,compliant,False,False,1.0,0.0,False,False,False,0.002145566189518333,[],"[[601.800048828125,298.3500061035156,617.4000244140625,311.8500061035156]]",595.944500004407
0000023,compliant,rule_1,random_matched,45,beam,1200,900,"[602, 298, 617, 312]","[274, 601, 289, 615]",0.00019444444444444443,0.00019444444444444443,0.0,compliant,compliant,False,False,1.0,0.0,False,False,False,0.0001569528562518352,[],"[[601.800048828125,298.3500061035156,617.4000244140625,311.8500061035156]]",576.7148000013549
0000023,compliant,rule_1,random_matched,46,beam,1200,900,"[602, 298, 617, 312]","[95, 270, 110, 284]",0.00019444444444444443,0.00019444444444444443,0.0,compliant,compliant,False,False,0.9230799327047224,0.00039998372395833335,False,False,False,-0.0013728540820571178,[],"[[603.0,298.3500061035156,617.4000244140625,311.8500061035156]]",568.1530999863753
0000023,compliant,rule_1,targeted,-1,beam,1200,900,"[602, 298, 617, 312]","[602, 298, 617, 312]",0.00019444444444444443,0.00019444444444444443,1.0,compliant,compliant,False,False,0.5462187895005238,0.0007999877930334261,False,False,False,-0.013163295108824968,[],"[[600.6000366210938,295.6499938964844,621.0,314.54998779296875]]",548.5428999963915
0000034,compliant,rule_2,random_matched,42,beam,1000,750,"[490, 330, 520, 407]","[436, 91, 466, 168]",0.00308,0.00308,0.0,compliant,compliant,False,False,1.0,0.0,False,False,False,0.0013583725584405126,"[[430.5,275.625,516.5,453.375]]","[[489.5,330.375,519.5,406.875]]",440.8450000046287
0000034,compliant,rule_2,random_matched,43,beam,1000,750,"[490, 330, 520, 407]","[736, 644, 766, 721]",0.00308,0.00308,0.0,compliant,compliant,False,False,1.0,0.0,False,False,False,0.001043003185519198,"[[430.5,275.625,516.5,453.375]]","[[489.5,330.375,519.5,406.875]]",489.33980001311284
0000034,compliant,rule_2,random_matched,44,beam,1000,750,"[490, 330, 520, 407]","[185, 506, 215, 583]",0.00308,0.00308,0.0,compliant,compliant,False,False,1.0,0.0,False,False,False,0.0018607983365654945,"[[430.5,275.625,516.5,453.375]]","[[489.5,330.375,519.5,406.875]]",433.08149999938905
0000034,compliant,rule_2,random_matched,45,beam,1000,750,"[490, 330, 520, 407]","[760, 491, 790, 568]",0.00308,0.00308,0.0,compliant,compliant,False,False,1.0,0.0,False,False,False,0.001998141208397586,"[[430.5,275.625,516.5,453.375]]","[[489.5,330.375,519.5,406.875]]",498.41970000125
0000034,compliant,rule_2,random_matched,46,beam,1000,750,"[490, 330, 520, 407]","[411, 186, 441, 263]",0.00308,0.00308,0.0,compliant,compliant,False,False,1.0,0.0,False,False,False,0.0001568613973047528,"[[430.5,275.625,516.5,453.375]]","[[489.5,330.375,519.5,406.875]]",448.9210000028834
0000034,compliant,rule_2,targeted,-1,beam,1000,750,"[490, 330, 520, 407]","[490, 330, 520, 407]",0.00308,0.00308,1.0,compliant,compliant,False,False,0.5795454545454546,0.002408318915758459,False,False,False,-0.02569941384717822,"[[430.5,275.625,512.5,453.375]]","[[484.5,325.875,528.5,415.875]]",479.5389999926556
0000037,compliant,rule_1,random_matched,42,beam,1200,900,"[1183, 6, 1198, 32]","[137, 554, 152, 580]",0.0003611111111111111,0.0003611111111111111,0.0,violation,compliant,True,True,0.0,0.41111003824719744,False,False,False,0.022410110171352082,"[[682.2000122070312,397.3499755859375,802.2000122070312,680.8499755859375]]","[[691.800048828125,397.3499755859375,756.6000366210938,447.75]]",486.5600000048289
0000037,compliant,rule_1,random_matched,43,beam,1200,900,"[1183, 6, 1198, 32]","[145, 471, 160, 497]",0.0003611111111111111,0.0003611111111111111,0.0,violation,compliant,True,True,0.0,0.4109137247370148,False,False,False,0.022120654982115462,"[[682.2000122070312,397.3499755859375,802.2000122070312,680.8499755859375]]","[[691.800048828125,397.3499755859375,756.6000366210938,446.8499755859375]]",460.8100000041304
0000037,compliant,rule_1,random_matched,44,beam,1200,900,"[1183, 6, 1198, 32]","[964, 301, 979, 327]",0.0003611111111111111,0.0003611111111111111,0.0,violation,compliant,True,True,0.0,0.41111003824719744,False,False,False,0.020938871228801226,"[[682.2000122070312,397.3499755859375,802.2000122070312,680.8499755859375]]","[[691.800048828125,397.3499755859375,756.6000366210938,447.75]]",539.4434000045294
0000037,compliant,rule_1,random_matched,45,beam,1200,900,"[1183, 6, 1198, 32]","[841, 779, 856, 805]",0.0003611111111111111,0.0003611111111111111,0.0,violation,compliant,True,True,0.0,0.41111003824719744,False,False,False,0.04976204281584129,"[[682.2000122070312,397.3499755859375,802.2000122070312,680.8499755859375]]","[[691.800048828125,397.3499755859375,756.6000366210938,447.75]]",597.7908999921056
0000037,compliant,rule_1,random_matched,46,beam,1200,900,"[1183, 6, 1198, 32]","[289, 408, 304, 434]",0.0003611111111111111,0.0003611111111111111,0.0,violation,compliant,True,True,0.0,0.41111003824719744,False,False,False,0.02128227281251116,"[[682.2000122070312,397.3499755859375,802.2000122070312,680.8499755859375]]","[[691.800048828125,397.3499755859375,756.6000366210938,447.75]]",481.9562000047881
0000037,compliant,rule_1,targeted,-1,beam,1200,900,"[1183, 6, 1198, 32]","[1183, 6, 1198, 32]",0.0003611111111111111,0.0003611111111111111,1.0,violation,compliant,True,True,0.0,0.41111003824719744,False,False,False,0.04279046173074408,"[[682.2000122070312,397.3499755859375,802.2000122070312,680.8499755859375]]","[[691.800048828125,397.3499755859375,756.6000366210938,447.75]]",532.6877000043169
0000057,compliant,rule_1,random_matched,42,beam,1200,900,"[118, 375, 145, 396]","[758, 695, 785, 716]",0.000525,0.000525,0.0,compliant,violation,True,True,0.0,0.40034485969646744,False,False,False,-0.0035511577523059112,"[[109.80000305175781,373.9499816894531,166.20001220703125,451.3499755859375]]","[[718.2000122070312,306.4499816894531,737.4000244140625,324.4499816894531]]",687.275000003865
0000057,compliant,rule_1,random_matched,43,beam,1200,900,"[118, 375, 145, 396]","[77, 678, 104, 699]",0.000525,0.000525,0.0,compliant,compliant,False,False,1.0,0.0,False,False,False,-0.0010760875566946937,"[[109.80000305175781,373.9499816894531,166.20001220703125,451.3499755859375]]","[[118.20000457763672,374.8499755859375,144.60000610351562,396.4499816894531],[162.60000610351562,373.04998779296875,185.40000915527344,391.04998779296875],[376.20001220703125,384.75,394.20001220703125,402.75]]",690.6948999967426
0000057,compliant,rule_1,random_matched,44,beam,1200,900,"[118, 375, 145, 396]","[464, 500, 491, 521]",0.000525,0.000525,0.0,compliant,compliant,False,False,1.0,0.0,False,False,False,-0.000404717114923292,"[[109.80000305175781,373.9499816894531,166.20001220703125,451.3499755859375]]","[[118.20000457763672,374.8499755859375,144.60000610351562,396.4499816894531],[162.60000610351562,373.04998779296875,185.40000915527344,391.04998779296875],[376.20001220703125,384.75,394.20001220703125,402.75]]",675.6999999925029
0000057,compliant,rule_1,random_matched,45,beam,1200,900,"[118, 375, 145, 396]","[20, 324, 47, 345]",0.000525,0.000525,0.0,compliant,compliant,False,False,1.0,0.0,False,False,False,-0.019607141795386696,"[[109.80000305175781,373.9499816894531,166.20001220703125,451.3499755859375]]","[[118.20000457763672,374.8499755859375,144.60000610351562,396.4499816894531],[162.60000610351562,373.04998779296875,185.40000915527344,391.04998779296875],[376.20001220703125,384.75,394.20001220703125,402.75]]",552.9822999960743
0000057,compliant,rule_1,random_matched,46,beam,1200,900,"[118, 375, 145, 396]","[187, 563, 214, 584]",0.000525,0.000525,0.0,compliant,violation,True,True,0.0,0.40034485969646744,False,False,False,-0.0038219764828681946,"[[109.80000305175781,373.9499816894531,166.20001220703125,451.3499755859375]]","[[718.2000122070312,306.4499816894531,737.4000244140625,324.4499816894531]]",642.2942999924999
0000057,compliant,rule_1,targeted,-1,beam,1200,900,"[118, 375, 145, 396]","[118, 375, 145, 396]",0.000525,0.000525,1.0,compliant,violation,True,True,0.0,0.028501229050219682,False,False,False,-0.06957280743228134,"[[373.8000183105469,382.9499816894531,435.0000305175781,444.1499938964844]]","[[162.60000610351562,373.04998779296875,185.40000915527344,391.04998779296875]]",542.6050999958534
0000069,compliant,rule_1,random_matched,42,beam,1280,960,"[506, 539, 538, 567]","[868, 12, 900, 40]",0.0007291666666666667,0.0007291666666666667,0.0,violation,violation,False,False,1.0,0.0,False,False,False,-0.0010797443267489548,"[[323.1999816894531,628.3200073242188,385.91998291015625,800.1599731445312]]","[[506.239990234375,539.0399780273438,538.239990234375,566.8800048828125]]",416.433300008066
0000069,compliant,rule_1,random_matched,43,beam,1280,960,"[506, 539, 538, 567]","[943, 390, 975, 418]",0.0007291666666666667,0.0007291666666666667,0.0,violation,violation,False,False,1.0,0.0,False,False,False,-0.001762639731168747,"[[323.1999816894531,628.3200073242188,385.91998291015625,800.1599731445312]]","[[506.239990234375,539.0399780273438,538.239990234375,566.8800048828125]]",447.10950000444427
0000069,compliant,rule_1,random_matched,44,beam,1280,960,"[506, 539, 538, 567]","[263, 186, 295, 214]",0.0007291666666666667,0.0007291666666666667,0.0,violation,violation,False,False,1.0,0.0,False,False,False,-0.003459542590592557,"[[323.1999816894531,628.3200073242188,385.91998291015625,800.1599731445312]]","[[506.239990234375,539.0399780273438,538.239990234375,566.8800048828125]]",456.29919999919366
0000069,compliant,rule_1,random_matched,45,beam,1280,960,"[506, 539, 538, 567]","[989, 63, 1021, 91]",0.0007291666666666667,0.0007291666666666667,0.0,violation,violation,False,False,1.0,0.0,False,False,False,-0.002065168959753838,"[[323.1999816894531,628.3200073242188,385.91998291015625,800.1599731445312]]","[[506.239990234375,539.0399780273438,538.239990234375,566.8800048828125]]",477.2575999959372
0000069,compliant,rule_1,random_matched,46,beam,1280,960,"[506, 539, 538, 567]","[18, 420, 50, 448]",0.0007291666666666667,0.0007291666666666667,0.0,violation,violation,False,False,1.0,0.0,False,False,False,-0.0018501217876161213,"[[323.1999816894531,628.3200073242188,385.91998291015625,800.1599731445312]]","[[506.239990234375,539.0399780273438,538.239990234375,566.8800048828125]]",477.16769999533426
0000069,compliant,rule_1,targeted,-1,beam,1280,960,"[506, 539, 538, 567]","[506, 539, 538, 567]",0.0007291666666666667,0.0007291666666666667,1.0,violation,compliant,True,True,0.0,0.1149062641956113,False,False,False,0.04883545621608698,"[[323.1999816894531,628.3200073242188,385.91998291015625,800.1599731445312]]","[[344.9599914550781,627.3599853515625,380.79998779296875,661.9199829101562],[260.47998046875,638.8800048828125,296.32000732421875,669.5999755859375],[478.0799865722656,393.1199951171875,512.6400146484375,423.8399963378906],[525.4400024414062,388.3199768066406,558.719970703125,417.1199951171875],[560.0,389.2799987792969,593.2799682617188,419.03997802734375]]",702.6343000034103
0000074,compliant,rule_2,random_matched,42,beam,1200,900,"[406, 726, 437, 790]","[931, 799, 962, 863]",0.001837037037037037,0.001837037037037037,0.0,compliant,compliant,False,False,1.0,0.0,False,False,False,-0.0009490109847060113,"[[405.0000305175781,724.949951171875,439.8000183105469,796.0499877929688]]","[[406.20001220703125,725.8499755859375,437.4000244140625,789.75]]",478.5286999976961
0000074,compliant,rule_2,random_matched,43,beam,1200,900,"[406, 726, 437, 790]","[713, 388, 744, 452]",0.001837037037037037,0.001837037037037037,0.0,compliant,compliant,False,False,1.0,0.0,False,False,False,-0.0002510926819272452,"[[405.0000305175781,724.949951171875,439.8000183105469,796.0499877929688]]","[[406.20001220703125,725.8499755859375,437.4000244140625,789.75]]",557.044399989536
0000074,compliant,rule_2,random_matched,44,beam,1200,900,"[406, 726, 437, 790]","[164, 0, 195, 64]",0.001837037037037037,0.001837037037037037,0.0,compliant,compliant,False,False,1.0,0.0,False,False,False,0.0005213983489998908,"[[405.0000305175781,724.949951171875,439.8000183105469,796.949951171875]]","[[406.20001220703125,725.8499755859375,437.4000244140625,789.75]]",569.9947999964934
0000074,compliant,rule_2,random_matched,45,beam,1200,900,"[406, 726, 437, 790]","[739, 112, 770, 176]",0.001837037037037037,0.001837037037037037,0.0,compliant,compliant,False,False,1.0,0.0,False,False,False,-0.002816482912749052,"[[405.0000305175781,724.949951171875,441.0000305175781,796.949951171875]]","[[406.20001220703125,725.8499755859375,437.4000244140625,789.75]]",592.8684000100475
0000074,compliant,rule_2,random_matched,46,beam,1200,900,"[406, 726, 437, 790]","[337, 519, 368, 583]",0.001837037037037037,0.001837037037037037,0.0,compliant,compliant,False,False,0.9859151162724058,0.00030000813802083336,False,False,False,0.0011124049446412654,"[[405.0000305175781,724.949951171875,439.8000183105469,796.0499877929688]]","[[406.20001220703125,725.8499755859375,437.4000244140625,788.8499755859375]]",582.2721000004094
0000074,compliant,rule_2,targeted,-1,beam,1200,900,"[406, 726, 437, 790]","[406, 726, 437, 790]",0.001837037037037037,0.001837037037037037,1.0,compliant,compliant,False,False,0.0,0.32647292888582374,False,False,False,0.0348695155366191,"[[988.2000122070312,563.8499755859375,1017.0000610351562,616.9500122070312]]","[[417.0000305175781,225.4499969482422,1121.4000244140625,599.8499755859375]]",490.45110000588465
0000079,fall_hazard,rule_3,random_matched,42,beam,1200,900,"[1, 457, 1198, 676]","[0, 148, 1197, 367]",0.242725,0.242725,0.0,compliant,compliant,False,False,0.9878540598191158,0.0002999979654947917,False,False,False,0.00654728318165454,"[[173.40000915527344,372.1499938964844,234.60000610351562,542.25]]","[[0.6000000238418579,454.9499816894531,1198.2000732421875,677.25]]",593.5581999947317
0000079,fall_hazard,rule_3,random_matched,43,beam,1200,900,"[1, 457, 1198, 676]","[2, 29, 1199, 248]",0.242725,0.242725,0.0,compliant,compliant,False,False,1.0,0.0,False,False,False,-0.0020602944173983007,"[[175.8000030517578,373.9499816894531,231.00001525878906,540.4500122070312]]","[[0.6000000238418579,456.75,1198.2000732421875,676.3499755859375]]",589.2027000081725
0000079,fall_hazard,rule_3,random_matched,44,beam,1200,900,"[1, 457, 1198, 676]","[3, 94, 1200, 313]",0.242725,0.242725,0.0,compliant,compliant,False,False,0.9959182566255669,0.00030000813802083336,False,False,False,0.0065361629240214825,"[[174.60000610351562,373.04998779296875,233.40000915527344,542.25]]","[[0.6000000238418579,456.75,1198.2000732421875,677.25]]",516.1207000055583
0000079,fall_hazard,rule_3,random_matched,45,beam,1200,900,"[1, 457, 1198, 676]","[3, 124, 1200, 343]",0.242725,0.242725,0.0,compliant,compliant,False,False,0.9959182566255669,0.00030000813802083336,False,False,False,0.008362138444291678,"[[173.40000915527344,372.1499938964844,234.60000610351562,542.25]]","[[0.6000000238418579,456.75,1198.2000732421875,677.25]]",545.0076999986777
0000079,fall_hazard,rule_3,random_matched,46,beam,1200,900,"[1, 457, 1198, 676]","[2, 107, 1199, 326]",0.242725,0.242725,0.0,compliant,compliant,False,False,0.9959182566255669,0.00030000813802083336,False,False,False,0.00867411813565655,"[[174.60000610351562,373.04998779296875,233.40000915527344,542.25]]","[[0.6000000238418579,456.75,1198.2000732421875,677.25]]",503.3545999904163
0000079,fall_hazard,rule_3,targeted,-1,beam,1200,900,"[1, 457, 1198, 676]","[1, 457, 1198, 676]",0.242725,0.242725,1.0,compliant,compliant,False,False,0.9644268478046574,0.0002999979654947917,False,False,False,-0.06525114551186562,"[[175.8000030517578,373.9499816894531,227.40000915527344,458.54998779296875]]","[[0.6000000238418579,453.1499938964844,1198.2000732421875,680.8499755859375]]",598.7368000060087
0000081,compliant,rule_3,random_matched,42,beam,1200,900,"[1, 404, 1198, 899]","[0, 0, 1197, 495]",0.548625,0.548625,0.10113046532502504,compliant,compliant,False,False,0.8181818069724225,0.03,False,True,False,-0.018279593787582482,[],"[[0.6000000238418579,493.6499938964844,1198.2000732421875,898.6499633789062]]",737.6455999910831
0000081,compliant,rule_3,random_matched,43,beam,1200,900,"[1, 404, 1198, 899]","[0, 0, 1197, 495]",0.548625,0.548625,0.10113046532502504,compliant,compliant,False,False,0.8181818069724225,0.03,False,True,False,-0.018279593787582482,[],"[[0.6000000238418579,493.6499938964844,1198.2000732421875,898.6499633789062]]",782.0818000036525
0000081,compliant,rule_3,random_matched,44,beam,1200,900,"[1, 404, 1198, 899]","[0, 0, 1197, 495]",0.548625,0.548625,0.10113046532502504,compliant,compliant,False,False,0.8181818069724225,0.03,False,True,False,-0.018279593787582482,[],"[[0.6000000238418579,493.6499938964844,1198.2000732421875,898.6499633789062]]",757.5371999992058
0000081,compliant,rule_3,random_matched,45,beam,1200,900,"[1, 404, 1198, 899]","[0, 0, 1197, 495]",0.548625,0.548625,0.10113046532502504,compliant,compliant,False,False,0.8181818069724225,0.03,False,True,False,-0.018279593787582482,[],"[[0.6000000238418579,493.6499938964844,1198.2000732421875,898.6499633789062]]",787.6587999926414
0000081,compliant,rule_3,random_matched,46,beam,1200,900,"[1, 404, 1198, 899]","[0, 0, 1197, 495]",0.548625,0.548625,0.10113046532502504,compliant,compliant,False,False,0.8181818069724225,0.03,False,True,False,-0.018279593787582482,[],"[[0.6000000238418579,493.6499938964844,1198.2000732421875,898.6499633789062]]",774.9865999940084
0000081,compliant,rule_3,targeted,-1,beam,1200,900,"[1, 404, 1198, 899]","[1, 404, 1198, 899]",0.548625,0.548625,1.0,compliant,compliant,False,False,0.0,0.3362999890645345,False,False,False,0.03026452627299092,"[[559.800048828125,350.54998779296875,693.0,408.1499938964844]]","[[0.6000000238418579,62.54999923706055,1198.2000732421875,230.84999084472656]]",511.42860000254586
0000102,ppe_violation,rule_1,random_matched,42,beam,1200,900,"[225, 563, 256, 588]","[824, 402, 855, 427]",0.0007175925925925926,0.0007175925925925926,0.0,compliant,compliant,False,False,1.0,0.0,False,False,False,-0.001106020262730878,"[[201.00001525878906,562.0499877929688,277.8000183105469,705.1499633789062]]","[[225.00001525878906,562.9500122070312,256.20001220703125,588.1499633789062]]",517.4173999985214
0000102,ppe_violation,rule_1,random_matched,43,beam,1200,900,"[225, 563, 256, 588]","[411, 87, 442, 112]",0.0007175925925925926,0.0007175925925925926,0.0,compliant,compliant,False,False,1.0,0.0,False,False,False,-0.0014963501931301026,"[[201.00001525878906,562.0499877929688,277.8000183105469,705.1499633789062]]","[[225.00001525878906,562.9500122070312,256.20001220703125,588.1499633789062]]",559.7868000040762
0000102,ppe_violation,rule_1,random_matched,44,beam,1200,900,"[225, 563, 256, 588]","[501, 184, 532, 209]",0.0007175925925925926,0.0007175925925925926,0.0,compliant,compliant,False,False,1.0,0.0,False,False,False,-0.00016469994027690227,"[[201.00001525878906,562.0499877929688,277.8000183105469,705.1499633789062]]","[[225.00001525878906,562.9500122070312,256.20001220703125,588.1499633789062]]",579.8981999978423
0000102,ppe_violation,rule_1,random_matched,45,beam,1200,900,"[225, 563, 256, 588]","[634, 17, 665, 42]",0.0007175925925925926,0.0007175925925925926,0.0,compliant,compliant,False,False,1.0,0.0,False,False,False,-0.0011154819679046746,"[[202.20001220703125,562.9500122070312,275.4000244140625,718.6499633789062]]","[[225.00001525878906,562.9500122070312,256.20001220703125,588.1499633789062]]",595.8650999964448
0000102,ppe_violation,rule_1,random_matched,46,beam,1200,900,"[225, 563, 256, 588]","[1083, 244, 1114, 269]",0.0007175925925925926,0.0007175925925925926,0.0,compliant,compliant,False,False,1.0,0.0,False,False,False,-0.0010047409284327236,"[[201.00001525878906,562.0499877929688,277.8000183105469,705.1499633789062]]","[[225.00001525878906,562.9500122070312,256.20001220703125,588.1499633789062]]",658.3296999888262
0000102,ppe_violation,rule_1,targeted,-1,beam,1200,900,"[225, 563, 256, 588]","[225, 563, 256, 588]",0.0007175925925925926,0.0007175925925925926,1.0,compliant,compliant,False,False,0.7353514246677301,0.0008543941834575347,False,False,False,0.041955997768257314,"[[202.20001220703125,584.5499877929688,275.4000244140625,699.75]]","[[221.40000915527344,560.25,257.4000244140625,589.9500122070312]]",582.3184000037145
0000116,ppe_violation,rule_1,random_matched,42,beam,1536,2048,"[561, 529, 704, 656]","[1252, 970, 1395, 1097]",0.005773226420084636,0.005773226420084636,0.0,compliant,compliant,False,False,0.9893616256768405,0.0003000020980834961,False,False,False,-0.008157058219824487,"[[157.44000244140625,531.4560546875,939.2640380859375,1434.6240234375]]","[[561.4080200195312,529.4080200195312,705.7919921875,656.384033203125]]",602.8054999915184
0000116,ppe_violation,rule_1,random_matched,43,beam,1536,2048,"[561, 529, 704, 656]","[939, 1166, 1082, 1293]",0.005773226420084636,0.005773226420084636,0.0,compliant,compliant,False,False,0.9893616256768405,0.0003000020980834961,False,False,False,-0.012071297304438788,"[[157.44000244140625,531.4560546875,939.2640380859375,1434.6240234375]]","[[561.4080200195312,529.4080200195312,705.7919921875,656.384033203125]]",613.5628000047291
0000116,ppe_violation,rule_1,random_matched,44,beam,1536,2048,"[561, 529, 704, 656]","[1256, 122, 1399, 249]",0.005773226420084636,0.005773226420084636,0.0,compliant,compliant,False,False,1.0,0.0,False,False,False,-0.0016935043968260288,"[[157.44000244140625,531.4560546875,939.2640380859375,1434.6240234375]]","[[561.4080200195312,529.4080200195312,704.2559814453125,656.384033203125]]",612.2938000044087
0000116,ppe_violation,rule_1,random_matched,45,beam,1536,2048,"[561, 529, 704, 656]","[710, 1580, 853, 1707]",0.005773226420084636,0.005773226420084636,0.0,compliant,compliant,False,False,0.9893616256768405,0.0003000020980834961,False,False,False,-0.0007990715759140787,"[[157.44000244140625,531.4560546875,939.2640380859375,1434.6240234375]]","[[561.4080200195312,529.4080200195312,705.7919921875,656.384033203125]]",496.19730000267737
0000116,ppe_violation,rule_1,random_matched,46,beam,1536,2048,"[561, 529, 704, 656]","[1373, 1186, 1516, 1313]",0.005773226420084636,0.005773226420084636,0.0,compliant,compliant,False,False,0.9893616256768405,0.0003000020980834961,False,False,False,-0.013300215659130865,"[[157.44000244140625,531.4560546875,939.2640380859375,1434.6240234375]]","[[561.4080200195312,529.4080200195312,705.7919921875,656.384033203125]]",549.0950999956112
0000116,ppe_violation,rule_1,targeted,-1,beam,1536,2048,"[561, 529, 704, 656]","[561, 529, 704, 656]",0.005773226420084636,0.005773226420084636,1.0,compliant,compliant,False,False,0.0,0.0908281942157099,False,False,False,0.012155213792409247,"[[157.44000244140625,615.4240112304688,942.3359985351562,1436.672119140625]]","[[822.5280151367188,613.3760375976562,891.6480102539062,695.2960205078125]]",715.5347999942023
0000117,fall_hazard,rule_3,random_matched,42,beam,960,1280,"[0, 534, 959, 1278]","[0, 0, 959, 744]",0.58064453125,0.58064453125,0.1643192488262911,compliant,compliant,False,False,0.7194492030130526,0.06520000457763672,False,False,False,-0.08185821971190821,"[[0.47999998927116394,743.0399780273438,958.5599975585938,1278.0799560546875]]","[[0.47999998927116394,743.0399780273438,958.5599975585938,1278.0799560546875]]",645.2206000103615
0000117,fall_hazard,rule_3,random_matched,43,beam,960,1280,"[0, 534, 959, 1278]","[0, 0, 959, 744]",0.58064453125,0.58064453125,0.1643192488262911,compliant,compliant,False,False,0.7194492030130526,0.06520000457763672,False,False,False,-0.08185821971190821,"[[0.47999998927116394,743.0399780273438,958.5599975585938,1278.0799560546875]]","[[0.47999998927116394,743.0399780273438,958.5599975585938,1278.0799560546875]]",626.2180999910925
0000117,fall_hazard,rule_3,random_matched,44,beam,960,1280,"[0, 534, 959, 1278]","[0, 0, 959, 744]",0.58064453125,0.58064453125,0.1643192488262911,compliant,compliant,False,False,0.7194492030130526,0.06520000457763672,False,False,False,-0.08185821971190821,"[[0.47999998927116394,743.0399780273438,958.5599975585938,1278.0799560546875]]","[[0.47999998927116394,743.0399780273438,958.5599975585938,1278.0799560546875]]",648.2051999919349
0000117,fall_hazard,rule_3,random_matched,45,beam,960,1280,"[0, 534, 959, 1278]","[0, 0, 959, 744]",0.58064453125,0.58064453125,0.1643192488262911,compliant,compliant,False,False,0.7194492030130526,0.06520000457763672,False,False,False,-0.08185821971190821,"[[0.47999998927116394,743.0399780273438,958.5599975585938,1278.0799560546875]]","[[0.47999998927116394,743.0399780273438,958.5599975585938,1278.0799560546875]]",636.6390000039246
0000117,fall_hazard,rule_3,random_matched,46,beam,960,1280,"[0, 534, 959, 1278]","[0, 0, 959, 744]",0.58064453125,0.58064453125,0.1643192488262911,compliant,compliant,False,False,0.7194492030130526,0.06520000457763672,False,False,False,-0.08185821971190821,"[[0.47999998927116394,743.0399780273438,958.5599975585938,1278.0799560546875]]","[[0.47999998927116394,743.0399780273438,958.5599975585938,1278.0799560546875]]",662.9609000083292
0000117,fall_hazard,rule_3,targeted,-1,beam,960,1280,"[0, 534, 959, 1278]","[0, 534, 959, 1278]",0.58064453125,0.58064453125,1.0,compliant,compliant,False,False,0.0007092225387655028,0.3753481616436716,False,False,False,-0.027084952397715467,"[[42.71999740600586,332.1600036621094,131.0399932861328,539.5199584960938]]","[[0.47999998927116394,452.47998046875,80.15999603271484,540.7999877929688]]",553.6451000079978
0000120,struck_by_risk,rule_4,random_matched,42,beam,1200,900,"[69, 360, 391, 606]","[376, 252, 698, 498]",0.07334444444444445,0.07334444444444445,0.01323918799646955,hazard,hazard,False,False,0.9927271987452652,0.000600006103515625,False,False,False,-0.025954417529560292,"[[58.20000076293945,490.04998779296875,72.60000610351562,537.75]]","[[69.0,360.4499816894531,390.6000061035156,607.0499877929688]]",583.3168999961345
0000120,struck_by_risk,rule_4,random_matched,43,beam,1200,900,"[69, 360, 391, 606]","[813, 293, 1135, 539]",0.07334444444444445,0.07334444444444445,0.0,hazard,hazard,False,False,1.0,0.0,False,False,False,-0.01411805970091673,"[[58.20000076293945,490.04998779296875,72.60000610351562,537.75]]","[[69.0,359.54998779296875,390.6000061035156,606.1499633789062]]",493.87550000392366
0000120,struck_by_risk,rule_4,random_matched,44,beam,1200,900,"[69, 360, 391, 606]","[684, 93, 1006, 339]",0.07334444444444445,0.07334444444444445,0.0,hazard,hazard,False,False,1.0,0.0,False,False,False,-0.0019475982657500834,"[[0.6000000238418579,496.3499755859375,48.60000228881836,591.75]]","[[69.0,359.54998779296875,390.6000061035156,606.1499633789062]]",402.16979999968316
0000120,struck_by_risk,rule_4,random_matched,45,beam,1200,900,"[69, 360, 391, 606]","[691, 297, 1013, 543]",0.07334444444444445,0.07334444444444445,0.0,hazard,hazard,False,False,1.0,0.0,False,False,False,-0.017452155727715746,"[[58.20000076293945,490.04998779296875,72.60000610351562,537.75]]","[[69.0,359.54998779296875,390.6000061035156,606.1499633789062]]",382.6491000072565
0000120,struck_by_risk,rule_4,random_matched,46,beam,1200,900,"[69, 360, 391, 606]","[601, 2, 923, 248]",0.07334444444444445,0.07334444444444445,0.0,hazard,hazard,False,False,1.0,0.0,False,False,False,-0.013125037508351478,"[[57.000003814697266,489.1499938964844,73.80000305175781,537.75]]","[[69.0,359.54998779296875,390.6000061035156,606.1499633789062]]",465.8612000057474
0000120,struck_by_risk,rule_4,targeted,-1,beam,1200,900,"[69, 360, 391, 606]","[69, 360, 391, 606]",0.07334444444444445,0.07334444444444445,1.0,hazard,safe,True,True,0.0,0.2692590153586104,False,False,False,0.031890796149497525,"[[0.6000000238418579,496.3499755859375,48.60000228881836,591.75]]","[[574.2000122070312,531.4500122070312,671.4000244140625,620.5499877929688],[509.4000244140625,463.9499816894531,576.6000366210938,568.3499755859375]]",669.176499999594
0000124,compliant,rule_2,random_matched,42,beam,1200,900,"[356, 355, 553, 491]","[542, 313, 739, 449]",0.024807407407407406,0.024807407407407406,0.01967649857278782,violation,violation,False,False,0.9570345435699225,0.001627887683652735,False,False,False,-0.004808176574962575,"[[771.0000610351562,344.25,1162.2000732421875,514.3499755859375]]","[[357.0,355.04998779296875,546.6000366210938,490.04998779296875]]",438.3514999935869
0000124,compliant,rule_2,random_matched,43,beam,1200,900,"[356, 355, 553, 491]","[720, 482, 917, 618]",0.024807407407407406,0.024807407407407406,0.0,violation,violation,False,False,0.9874003024236188,0.0005000020345217652,False,False,False,0.0013128383351223016,"[[771.0000610351562,344.25,1163.4000244140625,508.04998779296875]]","[[355.8000183105469,354.1499938964844,553.800048828125,490.9499816894531]]",519.1844000073615
0000124,compliant,rule_2,random_matched,44,beam,1200,900,"[356, 355, 553, 491]","[786, 229, 983, 365]",0.024807407407407406,0.024807407407407406,0.0,violation,violation,False,False,0.9874003024236188,0.0005000020345217652,False,False,False,0.007071595772036421,"[[771.0000610351562,360.4499816894531,1163.4000244140625,514.3499755859375]]","[[355.8000183105469,354.1499938964844,553.800048828125,490.9499816894531]]",390.8560999989277
0000124,compliant,rule_2,random_matched,45,beam,1200,900,"[356, 355, 553, 491]","[246, 693, 443, 829]",0.024807407407407406,0.024807407407407406,0.0,violation,violation,False,False,0.9874003024236188,0.0005000020345217652,False,False,False,-0.005387646811349178,"[[771.0000610351562,344.25,1163.4000244140625,514.3499755859375]]","[[355.8000183105469,354.1499938964844,553.800048828125,490.9499816894531]]",440.75840000004973
0000124,compliant,rule_2,random_matched,46,beam,1200,900,"[356, 355, 553, 491]","[448, 511, 645, 647]",0.024807407407407406,0.024807407407407406,0.0,violation,violation,False,False,0.9878788205728518,0.0007999979654947916,False,False,False,-0.005998051858374098,"[[771.0000610351562,344.25,1163.4000244140625,514.3499755859375]]","[[357.0,355.04998779296875,553.800048828125,490.9499816894531]]",531.3547999976436
0000124,compliant,rule_2,targeted,-1,beam,1200,900,"[356, 355, 553, 491]","[356, 355, 553, 491]",0.024807407407407406,0.024807407407407406,1.0,violation,compliant,True,True,0.0,0.341625824824488,False,False,False,-0.03391366558415554,"[[769.800048828125,344.25,1163.4000244140625,514.3499755859375]]","[[769.800048828125,344.25,1163.4000244140625,514.3499755859375]]",383.5314999887487
0000129,compliant,rule_1,random_matched,42,beam,900,1200,"[706, 655, 725, 668]","[370, 439, 389, 452]",0.0002287037037037037,0.0002287037037037037,0.0,violation,compliant,True,True,0.0,0.26425086990295105,False,False,False,-0.002486440685710689,"[[64.3499984741211,354.6000061035156,486.4499816894531,750.6000366210938]]","[[365.8499755859375,435.0000305175781,397.3499755859375,460.20001220703125]]",562.0028999983333
0000129,compliant,rule_1,random_matched,43,beam,900,1200,"[706, 655, 725, 668]","[121, 231, 140, 244]",0.0002287037037037037,0.0002287037037037037,0.0,violation,violation,False,False,0.0,0.4798321343568594,False,False,False,-0.014912902244499704,"[[64.3499984741211,354.6000061035156,486.4499816894531,750.6000366210938]]","[[116.54999542236328,226.20001220703125,148.0500030517578,252.60000610351562]]",565.6365000031656
0000129,compliant,rule_1,random_matched,44,beam,900,1200,"[706, 655, 725, 668]","[101, 165, 120, 178]",0.0002287037037037037,0.0002287037037037037,0.0,violation,violation,False,False,0.0,0.517067730764784,False,False,False,-0.008252069753195479,"[[64.3499984741211,354.6000061035156,486.4499816894531,750.6000366210938]]","[[96.75,160.20001220703125,128.25,186.60000610351562]]",573.6247999884654
0000129,compliant,rule_1,random_matched,45,beam,900,1200,"[706, 655, 725, 668]","[543, 252, 562, 265]",0.0002287037037037037,0.0002287037037037037,0.0,violation,violation,False,False,0.0,0.2890551773185672,False,False,False,-0.0162508194334805,"[[64.3499984741211,354.6000061035156,486.4499816894531,750.6000366210938]]","[[539.5499877929688,249.00001525878906,566.5499877929688,269.4000244140625]]",564.3650999991223
0000129,compliant,rule_1,random_matched,46,beam,900,1200,"[706, 655, 725, 668]","[880, 1081, 899, 1094]",0.0002287037037037037,0.0002287037037037037,0.0,violation,violation,False,False,1.0,0.0,False,False,False,-0.0016796303513858524,"[[64.3499984741211,354.6000061035156,486.4499816894531,750.6000366210938]]","[[706.0499877929688,654.6000366210938,724.949951171875,667.800048828125]]",577.4290999979712
0000129,compliant,rule_1,targeted,-1,beam,900,1200,"[706, 655, 725, 668]","[706, 655, 725, 668]",0.0002287037037037037,0.0002287037037037037,1.0,violation,violation,False,False,0.4529401756445945,0.00029998779365864666,False,False,False,0.0046406649718327975,"[[64.3499984741211,354.6000061035156,486.4499816894531,750.6000366210938]]","[[702.449951171875,651.0,729.449951171875,671.4000244140625]]",557.9997999884654
0000149,fall_hazard,rule_2,random_matched,42,beam,906,765,"[696, 486, 767, 572]","[158, 299, 229, 385]",0.008809822678151467,0.008809822678151467,0.0,compliant,compliant,False,False,0.9871794096689914,0.00038203128524278465,False,False,False,-0.009197271459239986,"[[685.3890380859375,446.37750244140625,801.3569946289062,606.2625122070312]]","[[696.260986328125,486.1575012207031,766.0230102539062,571.8374633789062]]",435.6044000014663
0000149,fall_hazard,rule_2,random_matched,43,beam,906,765,"[696, 486, 767, 572]","[129, 502, 200, 588]",0.008809822678151467,0.008809822678151467,0.0,compliant,compliant,False,False,0.9871794096689914,0.00038203128524278465,False,False,False,-0.0038150764771966994,"[[685.3890380859375,446.37750244140625,801.3569946289062,606.2625122070312]]","[[696.260986328125,486.1575012207031,766.0230102539062,571.8374633789062]]",319.5823000132805
0000149,fall_hazard,rule_2,random_matched,44,beam,906,765,"[696, 486, 767, 572]","[30, 423, 101, 509]",0.008809822678151467,0.008809822678151467,0.0,compliant,compliant,False,False,1.0,0.0,False,False,False,-0.0034872399546301835,"[[685.3890380859375,446.37750244140625,801.3569946289062,606.2625122070312]]","[[696.260986328125,486.1575012207031,766.9290161132812,571.8374633789062]]",317.042800001218
0000149,fall_hazard,rule_2,random_matched,45,beam,906,765,"[696, 486, 767, 572]","[648, 330, 719, 416]",0.008809822678151467,0.008809822678151467,0.0,compliant,compliant,False,False,0.9871794096689914,0.00038203128524278465,False,False,False,-0.007234769903558758,"[[685.3890380859375,446.37750244140625,801.3569946289062,606.2625122070312]]","[[697.1669921875,486.1575012207031,766.9290161132812,571.8374633789062]]",381.6934000060428
0000149,fall_hazard,rule_2,random_matched,46,beam,906,765,"[696, 486, 767, 572]","[581, 84, 652, 170]",0.008809822678151467,0.008809822678151467,0.0,compliant,compliant,False,False,1.0,0.0,False,False,False,-0.010941307157181224,"[[685.3890380859375,446.37750244140625,801.3569946289062,606.2625122070312]]","[[696.260986328125,486.1575012207031,766.9290161132812,571.8374633789062]]",524.8386000021128
0000149,fall_hazard,rule_2,targeted,-1,beam,906,765,"[696, 486, 767, 572]","[696, 486, 767, 572]",0.008809822678151467,0.008809822678151467,1.0,compliant,compliant,False,False,0.34710751587172484,0.008427454551762192,False,False,False,0.02771060649674495,"[[684.4830322265625,445.61248779296875,799.5450439453125,653.6925048828125]]","[[686.2950439453125,446.37750244140625,795.9210205078125,605.4974975585938]]",539.18479999993
0000183,compliant,rule_1,random_matched,42,beam,1200,900,"[886, 330, 898, 338]","[924, 717, 936, 725]",8.888888888888889e-05,8.888888888888889e-05,0.0,violation,violation,False,False,1.0,0.0,False,False,False,0.0008023185655474663,"[[637.800048828125,316.3500061035156,664.2000122070312,358.6499938964844]]","[[886.2000122070312,329.8500061035156,898.2000122070312,337.9499816894531]]",666.9361999956891
0000183,compliant,rule_1,random_matched,43,beam,1200,900,"[886, 330, 898, 338]","[553, 641, 565, 649]",8.888888888888889e-05,8.888888888888889e-05,0.0,violation,violation,False,False,1.0,0.0,False,False,False,2.4361003722495056e-05,"[[637.800048828125,315.4499816894531,664.2000122070312,357.75]]","[[886.2000122070312,329.8500061035156,898.2000122070312,337.9499816894531]]",558.1739000044763
0000183,compliant,rule_1,random_matched,44,beam,1200,900,"[886, 330, 898, 338]","[116, 786, 128, 794]",8.888888888888889e-05,8.888888888888889e-05,0.0,violation,violation,False,False,1.0,0.0,False,False,False,7.6071758355888974e-06,"[[637.800048828125,315.4499816894531,664.2000122070312,357.75]]","[[886.2000122070312,329.8500061035156,898.2000122070312,337.9499816894531]]",511.5796999889426
0000183,compliant,rule_1,random_matched,45,beam,1200,900,"[886, 330, 898, 338]","[751, 470, 763, 478]",8.888888888888889e-05,8.888888888888889e-05,0.0,violation,violation,False,False,1.0,0.0,False,False,False,-0.00041668848799802927,"[[637.800048828125,315.4499816894531,664.2000122070312,357.75]]","[[886.2000122070312,329.8500061035156,898.2000122070312,337.9499816894531]]",515.4145999986213
0000183,compliant,rule_1,random_matched,46,beam,1200,900,"[886, 330, 898, 338]","[1092, 166, 1104, 174]",8.888888888888889e-05,8.888888888888889e-05,0.0,violation,violation,False,False,1.0,0.0,False,False,False,0.00023052628551212262,"[[637.800048828125,315.4499816894531,664.2000122070312,357.75]]","[[886.2000122070312,329.8500061035156,898.2000122070312,337.9499816894531]]",542.585200004396
0000183,compliant,rule_1,targeted,-1,beam,1200,900,"[886, 330, 898, 338]","[886, 330, 898, 338]",8.888888888888889e-05,8.888888888888889e-05,1.0,violation,compliant,True,True,0.0,0.16177392283484876,False,False,False,-0.03382620508117329,"[[637.800048828125,316.3500061035156,664.2000122070312,357.75]]","[[643.800048828125,318.1499938964844,655.800048828125,327.1499938964844]]",529.3849000008777
0000203,fall_hazard,rule_3,random_matched,42,beam,1200,900,"[1, 448, 515, 530]","[539, 619, 1053, 701]",0.03902592592592593,0.03902592592592593,0.0,violation,violation,False,False,1.0,0.0,False,False,False,-0.0013417689063186522,"[[1067.4000244140625,319.9499816894531,1110.60009765625,416.25]]","[[0.6000000238418579,447.75,515.4000244140625,529.6499633789062]]",469.6071999933338
0000203,fall_hazard,rule_3,random_matched,43,beam,1200,900,"[1, 448, 515, 530]","[226, 531, 740, 613]",0.03902592592592593,0.03902592592592593,0.0,violation,violation,False,False,0.0,0.3393409095642714,False,False,False,-0.04424160605828675,"[[1067.4000244140625,319.9499816894531,1110.60009765625,417.1499938964844]]","[[433.8000183105469,799.6499633789062,801.0000610351562,898.6499633789062]]",522.6216000010027
0000203,fall_hazard,rule_3,random_matched,44,beam,1200,900,"[1, 448, 515, 530]","[113, 27, 627, 109]",0.03902592592592593,0.03902592592592593,0.0,violation,violation,False,False,1.0,0.0,False,False,False,0.00123036576301927,"[[1067.4000244140625,319.9499816894531,1110.60009765625,417.1499938964844]]","[[0.6000000238418579,447.75,515.4000244140625,529.6499633789062]]",468.0699000018649
0000203,fall_hazard,rule_3,random_matched,45,beam,1200,900,"[1, 448, 515, 530]","[234, 284, 748, 366]",0.03902592592592593,0.03902592592592593,0.0,violation,violation,False,False,0.9777407051937689,0.002022374539817245,False,False,False,-0.005345821746491897,"[[1067.4000244140625,319.9499816894531,1110.60009765625,417.1499938964844]]","[[0.6000000238418579,448.6499938964844,521.4000244140625,529.6499633789062]]",456.7049000033876
0000203,fall_hazard,rule_3,random_matched,46,beam,1200,900,"[1, 448, 515, 530]","[223, 696, 737, 778]",0.03902592592592593,0.03902592592592593,0.0,violation,violation,False,False,0.9777346303518974,0.0020223760488293782,False,False,False,-0.0015071065032056241,"[[1067.4000244140625,319.9499816894531,1110.60009765625,417.1499938964844]]","[[0.6000000238418579,446.8499755859375,521.4000244140625,529.6499633789062]]",464.6368999965489
0000203,fall_hazard,rule_3,targeted,-1,beam,1200,900,"[1, 448, 515, 530]","[1, 448, 515, 530]",0.03902592592592593,0.03902592592592593,1.0,violation,violation,False,False,0.8629305727420976,0.0028302031815663274,False,False,False,0.004666390296603984,"[[1067.4000244140625,319.9499816894531,1110.60009765625,417.1499938964844]]","[[0.6000000238418579,444.1499938964844,522.6000366210938,537.75]]",486.3860999903409
0000204,compliant,rule_1,random_matched,42,beam,900,1200,"[0, 524, 860, 1069]","[21, 12, 881, 557]",0.43398148148148147,0.43398148148148147,0.030434873416121347,compliant,compliant,False,False,0.9449339256401856,0.01,False,False,False,0.03192288927467801,"[[0.44999998807907104,379.8000183105469,291.1499938964844,621.0]]","[[0.44999998807907104,553.800048828125,859.949951171875,1068.60009765625]]",517.9464999964694
0000204,compliant,rule_1,random_matched,43,beam,900,1200,"[0, 524, 860, 1069]","[16, 24, 876, 569]",0.43398148148148147,0.43398148148148147,0.04222721309288208,compliant,compliant,False,False,0.9207049425476395,0.014399983723958334,False,False,False,0.034088805051786575,"[[0.44999998807907104,567.0,859.949951171875,1068.60009765625]]","[[0.44999998807907104,567.0,859.949951171875,1068.60009765625]]",514.588799997
0000204,compliant,rule_1,random_matched,44,beam,900,1200,"[0, 524, 860, 1069]","[16, 10, 876, 555]",0.43398148148148147,0.43398148148148147,0.028712649631928502,compliant,compliant,False,False,0.9471365910210212,0.009599995930989584,False,False,False,0.04108793594475302,"[[0.44999998807907104,381.0,291.1499938964844,621.0]]","[[0.44999998807907104,552.6000366210938,859.949951171875,1068.60009765625]]",457.84099999582395
0000204,compliant,rule_1,random_matched,45,beam,900,1200,"[0, 524, 860, 1069]","[13, 14, 873, 559]",0.43398148148148147,0.43398148148148147,0.03265749018182219,compliant,compliant,False,False,0.9384616949619391,0.011199971516927084,False,False,False,0.0256134788505733,"[[0.44999998807907104,381.0,290.25,621.0]]","[[0.44999998807907104,556.2000122070312,859.949951171875,1069.800048828125]]",461.42419999523554
0000204,compliant,rule_1,random_matched,46,beam,900,1200,"[0, 524, 860, 1069]","[16, 23, 876, 568]",0.43398148148148147,0.43398148148148147,0.04125012218638088,compliant,compliant,False,False,0.9251101612770954,0.013599995930989584,False,False,False,0.03202748232121977,"[[0.44999998807907104,565.800048828125,859.949951171875,1068.60009765625]]","[[0.44999998807907104,564.6000366210938,859.949951171875,1068.60009765625]]",494.8543999926187
0000204,compliant,rule_1,targeted,-1,beam,900,1200,"[0, 524, 860, 1069]","[0, 524, 860, 1069]",0.43398148148148147,0.43398148148148147,1.0,compliant,compliant,False,False,0.003084054607352003,0.30315680602303324,False,False,False,0.0028506337132837567,"[[0.44999998807907104,378.6000061035156,260.54998779296875,529.800048828125]]","[[0.44999998807907104,378.6000061035156,260.54998779296875,529.800048828125]]",459.5353000040632
0000205,compliant,rule_4,random_matched,42,beam,900,1200,"[16, 429, 899, 1198]","[0, 0, 883, 769]",0.6287287037037037,0.6287287037037037,0.2772380402417439,hazard,hazard,False,False,0.6313438460389219,0.14289105256468765,False,False,False,0.07726493634416687,"[[0.44999998807907104,0.6000000238418579,898.6499633789062,1198.2000732421875]]","[[0.44999998807907104,0.6000000238418579,898.6499633789062,1198.2000732421875]]",624.6085000020685
0000205,compliant,rule_4,random_matched,43,beam,900,1200,"[16, 429, 899, 1198]","[0, 0, 883, 769]",0.6287287037037037,0.6287287037037037,0.2772380402417439,hazard,hazard,False,False,0.6313438460389219,0.14289105256468765,False,False,False,0.07726493634416687,"[[0.44999998807907104,0.6000000238418579,898.6499633789062,1198.2000732421875]]","[[0.44999998807907104,0.6000000238418579,898.6499633789062,1198.2000732421875]]",580.0933999998961
0000205,compliant,rule_4,random_matched,44,beam,900,1200,"[16, 429, 899, 1198]","[0, 0, 883, 769]",0.6287287037037037,0.6287287037037037,0.2772380402417439,hazard,hazard,False,False,0.6313438460389219,0.14289105256468765,False,False,False,0.07726493634416687,"[[0.44999998807907104,0.6000000238418579,898.6499633789062,1198.2000732421875]]","[[0.44999998807907104,0.6000000238418579,898.6499633789062,1198.2000732421875]]",637.0704000000842
0000205,compliant,rule_4,random_matched,45,beam,900,1200,"[16, 429, 899, 1198]","[0, 0, 883, 769]",0.6287287037037037,0.6287287037037037,0.2772380402417439,hazard,hazard,False,False,0.6313438460389219,0.14289105256468765,False,False,False,0.07726493634416687,"[[0.44999998807907104,0.6000000238418579,898.6499633789062,1198.2000732421875]]","[[0.44999998807907104,0.6000000238418579,898.6499633789062,1198.2000732421875]]",644.2748000117717
0000205,compliant,rule_4,random_matched,46,beam,900,1200,"[16, 429, 899, 1198]","[0, 0, 883, 769]",0.6287287037037037,0.6287287037037037,0.2772380402417439,hazard,hazard,False,False,0.6313438460389219,0.14289105256468765,False,False,False,0.07726493634416687,"[[0.44999998807907104,0.6000000238418579,898.6499633789062,1198.2000732421875]]","[[0.44999998807907104,0.6000000238418579,898.6499633789062,1198.2000732421875]]",730.0919999979669
0000205,compliant,rule_4,targeted,-1,beam,900,1200,"[16, 429, 899, 1198]","[16, 429, 899, 1198]",0.6287287037037037,0.6287287037037037,1.0,hazard,safe,True,True,0.0,0.5554607797419682,False,False,False,-0.00545498575009995,"[[620.5499877929688,208.20001220703125,751.949951171875,433.8000183105469]]","[[796.0499877929688,0.6000000238418579,898.6499633789062,154.20001220703125]]",495.908299999428
0000229,ppe_violation,rule_1,random_matched,42,beam,1200,675,"[571, 268, 591, 285]","[180, 564, 200, 581]",0.0004197530864197531,0.0004197530864197531,0.0,compliant,compliant,False,False,1.0,0.0,False,False,False,-7.405145359906662e-06,"[[552.6000366210938,265.6125183105469,616.2000122070312,410.0625]]","[[570.6000366210938,267.63751220703125,591.0,285.1875]]",500.49430000944994
0000229,ppe_violation,rule_1,random_matched,43,beam,1200,675,"[571, 268, 591, 285]","[537, 611, 557, 628]",0.0004197530864197531,0.0004197530864197531,0.0,compliant,compliant,False,False,1.0,0.0,False,False,False,-0.0005904248516475086,"[[552.6000366210938,265.6125183105469,616.2000122070312,410.0625]]","[[570.6000366210938,267.63751220703125,591.0,285.1875]]",489.74340000131633
0000229,ppe_violation,rule_1,random_matched,44,beam,1200,675,"[571, 268, 591, 285]","[1176, 18, 1196, 35]",0.0004197530864197531,0.0004197530864197531,0.0,compliant,compliant,False,False,1.0,0.0,False,False,False,-0.0014771270299596129,"[[552.6000366210938,265.6125183105469,616.2000122070312,410.0625]]","[[570.6000366210938,267.63751220703125,591.0,285.1875]]",541.8264000036288
0000229,ppe_violation,rule_1,random_matched,45,beam,1200,675,"[571, 268, 591, 285]","[795, 496, 815, 513]",0.0004197530864197531,0.0004197530864197531,0.0,compliant,compliant,False,False,1.0,0.0,False,False,False,-0.0006106322232102279,"[[552.6000366210938,265.6125183105469,616.2000122070312,410.0625]]","[[570.6000366210938,267.63751220703125,591.0,285.1875]]",472.39940000872593
0000229,ppe_violation,rule_1,random_matched,46,beam,1200,675,"[571, 268, 591, 285]","[602, 211, 622, 228]",0.0004197530864197531,0.0004197530864197531,0.0,compliant,compliant,False,False,1.0,0.0,False,False,False,-0.0005331085329609575,"[[552.6000366210938,265.6125183105469,616.2000122070312,410.0625]]","[[570.6000366210938,267.63751220703125,591.0,285.1875]]",493.0498999892734
0000229,ppe_violation,rule_1,targeted,-1,beam,1200,675,"[571, 268, 591, 285]","[571, 268, 591, 285]",0.0004197530864197531,0.0004197530864197531,1.0,compliant,violation,True,True,0.0,0.17022033257193717,False,False,False,-0.010751549354089174,"[[552.6000366210938,264.26251220703125,616.2000122070312,410.0625]]","[[797.4000244140625,210.9375,819.0000610351562,228.4875030517578]]",485.4622999991989
0000233,ppe_violation,rule_1,random_matched,42,beam,1200,900,"[130, 404, 145, 416]","[824, 456, 839, 468]",0.00016666666666666666,0.00016666666666666666,0.0,violation,compliant,True,True,1.0,0.0,False,False,False,-0.028804069917116926,"[[119.4000015258789,401.8499755859375,160.20001220703125,481.04998779296875]]","[[130.20001220703125,403.6499938964844,144.60000610351562,416.25]]",479.25889999896754
0000233,ppe_violation,rule_1,random_matched,43,beam,1200,900,"[130, 404, 145, 416]","[1093, 663, 1108, 675]",0.00016666666666666666,0.00016666666666666666,0.0,violation,violation,False,False,1.0,0.0,False,False,False,-0.0033242755702564963,"[[813.0000610351562,380.25,894.6000366210938,578.25]]","[[130.20001220703125,403.6499938964844,144.60000610351562,416.25]]",494.9602999986382
0000233,ppe_violation,rule_1,random_matched,44,beam,1200,900,"[130, 404, 145, 416]","[1137, 877, 1152, 889]",0.00016666666666666666,0.00016666666666666666,0.0,violation,violation,False,False,1.0,0.0,False,False,False,-0.0030142104785357837,"[[813.0000610351562,380.25,894.6000366210938,578.25]]","[[130.20001220703125,403.6499938964844,144.60000610351562,416.25]]",476.40790000150446
0000233,ppe_violation,rule_1,random_matched,45,beam,1200,900,"[130, 404, 145, 416]","[1157, 863, 1172, 875]",0.00016666666666666666,0.00016666666666666666,0.0,violation,violation,False,False,1.0,0.0,False,False,False,-0.0028870289347002753,"[[813.0000610351562,380.25,894.6000366210938,578.25]]","[[130.20001220703125,403.6499938964844,144.60000610351562,416.25]]",503.1002999894554
0000233,ppe_violation,rule_1,random_matched,46,beam,1200,900,"[130, 404, 145, 416]","[153, 300, 168, 312]",0.00016666666666666666,0.00016666666666666666,0.0,violation,violation,False,False,0.8615390193220912,0.0004999979654958265,False,False,False,-0.002167073078453541,"[[813.0000610351562,380.25,894.6000366210938,578.25]]","[[130.20001220703125,403.6499938964844,145.8000030517578,417.1499938964844]]",490.85180000110995
0000233,ppe_violation,rule_1,targeted,-1,beam,1200,900,"[130, 404, 145, 416]","[130, 404, 145, 416]",0.00016666666666666666,0.00016666666666666666,1.0,violation,compliant,True,True,0.0,0.47053815215329475,False,False,False,0.013002350128122675,"[[813.0000610351562,380.25,894.6000366210938,578.25]]","[[825.0000610351562,380.25,861.0000610351562,405.4499816894531]]",466.8877999938559
0000254,compliant,rule_3,random_matched,42,beam,1200,900,"[155, 484, 1198, 899]","[41, 12, 1084, 427]",0.4007824074074074,0.4007824074074074,0.0,compliant,compliant,False,False,0.962434720377466,0.01161550768229549,False,False,False,0.011884956088449306,"[[711.0,446.8499755859375,802.2000122070312,598.9500122070312]]","[[190.20001220703125,485.54998779296875,1198.2000732421875,898.6499633789062]]",550.6674000062048
0000254,compliant,rule_3,random_matched,43,beam,1200,900,"[155, 484, 1198, 899]","[38, 78, 1081, 493]",0.4007824074074074,0.4007824074074074,0.009720582815073318,compliant,compliant,False,False,0.5506017415691844,0.15242392445604522,False,False,False,0.011529419862199575,"[[708.6000366210938,491.8499755859375,792.6000366210938,598.9500122070312]]","[[612.6000366210938,491.8499755859375,1198.2000732421875,898.6499633789062]]",471.6413999994984
0000254,compliant,rule_3,random_matched,44,beam,1200,900,"[155, 484, 1198, 899]","[77, 10, 1120, 425]",0.4007824074074074,0.4007824074074074,0.0,compliant,compliant,False,False,0.9666283075248667,0.011600001017252604,False,False,False,0.006122582625331607,"[[711.0,446.8499755859375,802.2000122070312,598.9500122070312]]","[[190.20001220703125,483.75,1198.2000732421875,898.6499633789062]]",498.7014999933308
0000254,compliant,rule_3,random_matched,45,beam,1200,900,"[155, 484, 1198, 899]","[59, 3, 1102, 418]",0.4007824074074074,0.4007824074074074,0.0,compliant,compliant,False,False,0.962434720377466,0.01161550768229549,False,False,False,0.010305593671676272,"[[711.0,446.8499755859375,802.2000122070312,598.9500122070312]]","[[190.20001220703125,485.54998779296875,1198.2000732421875,898.6499633789062]]",483.43050001130905
0000254,compliant,rule_3,random_matched,46,beam,1200,900,"[155, 484, 1198, 899]","[30, 0, 1073, 415]",0.4007824074074074,0.4007824074074074,0.0,compliant,compliant,False,False,0.962434720377466,0.01161550768229549,False,False,False,0.010642423319430772,"[[711.0,446.8499755859375,802.2000122070312,598.9500122070312]]","[[190.20001220703125,485.54998779296875,1198.2000732421875,898.6499633789062]]",451.5594999975292
0000254,compliant,rule_3,targeted,-1,beam,1200,900,"[155, 484, 1198, 899]","[155, 484, 1198, 899]",0.4007824074074074,0.4007824074074074,1.0,compliant,compliant,False,False,0.9891213668646839,0.0014422238958076005,False,False,False,0.012053924257911408,"[[538.2000122070312,436.04998779296875,618.6000366210938,490.04998779296875]]","[[153.0,480.1499938964844,1198.2000732421875,898.6499633789062]]",589.668900007382
0000280,compliant,rule_2,random_matched,42,beam,1200,900,"[41, 358, 1099, 666]","[45, 71, 1103, 379]",0.30172592592592595,0.30172592592592595,0.03515598941540104,compliant,compliant,False,False,0.9387754335384118,0.005699991861979167,False,False,False,0.000959944911301136,"[[792.6000366210938,443.25,837.0000610351562,516.1499633789062]]","[[41.400001525878906,375.75,1098.60009765625,665.5499877929688]]",480.5863999936264
0000280,compliant,rule_2,random_matched,43,beam,1200,900,"[41, 358, 1099, 666]","[101, 38, 1159, 346]",0.30172592592592595,0.30172592592592595,0.0,compliant,compliant,False,False,0.9970845679919158,0.0002999979654947917,False,False,False,0.0004822848630803289,"[[791.4000244140625,443.25,837.0000610351562,516.1499633789062]]","[[41.400001525878906,358.6499938964844,1098.60009765625,666.4500122070312]]",449.17310000164434
0000280,compliant,rule_2,random_matched,44,beam,1200,900,"[41, 358, 1099, 666]","[87, 67, 1145, 375]",0.30172592592592595,0.30172592592592595,0.02711323763955343,compliant,compliant,False,False,0.9504372604291125,0.0044999898274739585,False,False,False,-0.0037343080288596564,"[[791.4000244140625,443.25,837.0000610351562,516.1499633789062]]","[[41.400001525878906,372.1499938964844,1098.60009765625,665.5499877929688]]",448.7038999941433
0000280,compliant,rule_2,random_matched,45,beam,1200,900,"[41, 358, 1099, 666]","[72, 45, 1130, 353]",0.30172592592592595,0.30172592592592595,0.0,compliant,compliant,False,False,0.9912536051173835,0.00029998779296875,False,False,False,0.005144842301628483,"[[791.4000244140625,443.25,835.800048828125,515.25]]","[[41.400001525878906,359.54998779296875,1098.60009765625,665.5499877929688]]",468.5052999993786
0000280,compliant,rule_2,random_matched,46,beam,1200,900,"[41, 358, 1099, 666]","[135, 36, 1193, 344]",0.30172592592592595,0.30172592592592595,0.0,compliant,compliant,False,False,0.9970845679919158,0.0002999979654947917,False,False,False,0.000984130560287455,"[[791.4000244140625,443.25,837.0000610351562,516.1499633789062]]","[[41.400001525878906,358.6499938964844,1098.60009765625,666.4500122070312]]",492.1007999946596
0000280,compliant,rule_2,targeted,-1,beam,1200,900,"[41, 358, 1099, 666]","[41, 358, 1099, 666]",0.30172592592592595,0.30172592592592595,1.0,compliant,compliant,False,False,0.970089927586053,0.0004999928793301432,False,True,False,-0.06378649138323544,[],"[[36.60000228881836,355.04998779296875,1104.60009765625,670.0499877929688]]",585.4571999952896
0000288,compliant,rule_2,random_matched,42,beam,1200,900,"[466, 472, 865, 759]","[344, 223, 743, 510]",0.10603055555555556,0.10603055555555556,0.04817391304347826,compliant,compliant,False,False,0.9937305558047607,1.0172526041666666e-08,False,False,False,0.015021780771868665,"[[466.20001220703125,472.04998779296875,864.6000366210938,758.25]]","[[466.20001220703125,472.9499816894531,864.6000366210938,758.25]]",503.5072000027867
0000288,compliant,rule_2,random_matched,43,beam,1200,900,"[466, 472, 865, 759]","[383, 195, 782, 482]",0.10603055555555556,0.10603055555555556,0.013990596194203644,compliant,compliant,False,False,0.9782359230154701,0.0012649239314080913,False,False,False,0.008349883237055433,"[[466.20001220703125,474.75,864.6000366210938,758.25]]","[[467.4000244140625,476.54998779296875,864.6000366210938,758.25]]",458.10590000473894
0000288,compliant,rule_2,random_matched,44,beam,1200,900,"[466, 472, 865, 759]","[683, 114, 1082, 401]",0.10603055555555556,0.10603055555555556,0.0,compliant,compliant,False,False,0.9968653310503788,0.00029998779296875,False,False,False,-0.003861100945089513,"[[466.20001220703125,471.1499938964844,864.6000366210938,758.25]]","[[466.20001220703125,472.04998779296875,864.6000366210938,758.25]]",466.7219999973895
0000288,compliant,rule_2,random_matched,45,beam,1200,900,"[466, 472, 865, 759]","[789, 73, 1188, 360]",0.10603055555555556,0.10603055555555556,0.0,compliant,compliant,False,False,0.9968653310503788,0.00029998779296875,False,False,False,-0.0018054401235920725,"[[466.20001220703125,471.1499938964844,864.6000366210938,758.25]]","[[466.20001220703125,472.04998779296875,864.6000366210938,758.25]]",568.2680000027176
0000288,compliant,rule_2,random_matched,46,beam,1200,900,"[466, 472, 865, 759]","[31, 244, 430, 531]",0.10603055555555556,0.10603055555555556,0.0,compliant,compliant,False,False,0.9938626942714628,0.0004999959311385962,False,False,False,0.0033953573022570405,"[[466.20001220703125,471.1499938964844,864.6000366210938,758.25]]","[[467.4000244140625,472.04998779296875,864.6000366210938,758.25]]",498.36309999227524
0000288,compliant,rule_2,targeted,-1,beam,1200,900,"[466, 472, 865, 759]","[466, 472, 865, 759]",0.10603055555555556,0.10603055555555556,1.0,compliant,compliant,False,False,0.9496771261165328,0.0009000040690104167,False,False,False,-0.08083248670612053,"[[0.6000000238418579,121.04999542236328,1198.2000732421875,898.6499633789062]]","[[461.4000244140625,469.3499755859375,869.4000244140625,764.5499877929688]]",495.86890000500716
0000325,compliant,rule_4,random_matched,42,beam,1200,900,"[261, 590, 512, 792]","[628, 250, 879, 452]",0.0469462962962963,0.0469462962962963,0.0,safe,safe,False,False,1.0,0.0,False,False,False,-0.046371977153132904,"[[1133.4000244140625,727.6499633789062,1198.2000732421875,898.6499633789062]]","[[261.0,589.9500122070312,511.8000183105469,791.5499877929688]]",491.96489999303594
0000325,compliant,rule_4,random_matched,43,beam,1200,900,"[261, 590, 512, 792]","[373, 243, 624, 445]",0.0469462962962963,0.0469462962962963,0.0,safe,safe,False,False,1.0,0.0,False,False,False,-0.04715145795955178,"[[1133.4000244140625,727.6499633789062,1198.2000732421875,898.6499633789062]]","[[261.0,589.9500122070312,511.8000183105469,791.5499877929688]]",509.45309999224264
0000325,compliant,rule_4,random_matched,44,beam,1200,900,"[261, 590, 512, 792]","[567, 430, 818, 632]",0.0469462962962963,0.0469462962962963,0.0,safe,safe,False,False,1.0,0.0,False,False,False,-0.04658270346157711,"[[1133.4000244140625,727.6499633789062,1198.2000732421875,898.6499633789062]]","[[261.0,589.9500122070312,511.8000183105469,791.5499877929688]]",513.5174000024563
0000325,compliant,rule_4,random_matched,45,beam,1200,900,"[261, 590, 512, 792]","[573, 350, 824, 552]",0.0469462962962963,0.0469462962962963,0.0,safe,safe,False,False,1.0,0.0,False,False,False,-0.04714380644980509,"[[1133.4000244140625,727.6499633789062,1198.2000732421875,898.6499633789062]]","[[261.0,589.9500122070312,511.8000183105469,791.5499877929688]]",567.0797000057064
0000325,compliant,rule_4,random_matched,46,beam,1200,900,"[261, 590, 512, 792]","[489, 636, 740, 838]",0.0469462962962963,0.0469462962962963,0.03668111556391592,safe,safe,False,False,0.9288493337184462,0.005608025240940892,False,False,False,-0.06494328512449687,"[[1132.2000732421875,726.75,1198.2000732421875,898.6499633789062]]","[[261.0,590.8499755859375,495.0000305175781,791.5499877929688]]",494.1293999872869
0000325,compliant,rule_4,targeted,-1,beam,1200,900,"[261, 590, 512, 792]","[261, 590, 512, 792]",0.0469462962962963,0.0469462962962963,1.0,safe,safe,False,False,0.0,0.17924921383595344,False,False,False,-0.002026827084821603,"[[1132.2000732421875,726.75,1198.2000732421875,898.6499633789062]]","[[557.4000244140625,648.4500122070312,753.0,745.6499633789062],[821.4000244140625,642.1499633789062,889.800048828125,734.8499755859375]]",521.295900005498
0000327,struck_by_risk,rule_4,random_matched,42,beam,673,1200,"[72, 274, 479, 782]","[259, 689, 666, 1197]",0.25601287766220904,0.25601287766220904,0.052054181126161427,hazard,hazard,False,False,0.984447888324986,0.002004635849297601,False,False,False,0.04043488689358277,"[[71.67449951171875,273.0,473.4554748535156,779.4000244140625]]","[[71.67449951171875,274.20001220703125,474.12847900390625,780.6000366210938]]",496.9311999884667
0000327,struck_by_risk,rule_4,random_matched,43,beam,673,1200,"[72, 274, 479, 782]","[264, 692, 671, 1200]",0.25601287766220904,0.25601287766220904,0.04909149030094225,hazard,hazard,False,False,0.984447888324986,0.002004635849297601,False,False,False,0.041284897261195774,"[[71.67449951171875,273.0,473.4554748535156,779.4000244140625]]","[[71.67449951171875,274.20001220703125,474.12847900390625,780.6000366210938]]",450.8250000071712
0000327,struck_by_risk,rule_4,random_matched,44,beam,673,1200,"[72, 274, 479, 782]","[263, 691, 670, 1199]",0.25601287766220904,0.25601287766220904,0.0499065648358791,hazard,hazard,False,False,0.984447888324986,0.002004635849297601,False,False,False,0.04415234580399496,"[[71.67449951171875,273.0,473.4554748535156,779.4000244140625]]","[[71.67449951171875,274.20001220703125,474.12847900390625,780.6000366210938]]",446.6083999868715
0000327,struck_by_risk,rule_4,random_matched,45,beam,673,1200,"[72, 274, 479, 782]","[239, 680, 646, 1188]",0.25601287766220904,0.25601287766220904,0.0629254148758971,hazard,hazard,False,False,0.9844764085122354,0.002004635849297601,False,False,False,0.04699676862311741,"[[71.67449951171875,273.0,473.4554748535156,779.4000244140625]]","[[71.67449951171875,274.20001220703125,474.12847900390625,783.0000610351562]]",551.5500000037719
0000327,struck_by_risk,rule_4,random_matched,46,beam,673,1200,"[72, 274, 479, 782]","[226, 688, 633, 1196]",0.25601287766220904,0.25601287766220904,0.06102173299463731,hazard,hazard,False,False,0.984447888324986,0.002004635849297601,False,False,False,0.05663171114902643,"[[71.67449951171875,273.0,474.12847900390625,779.4000244140625]]","[[71.67449951171875,274.20001220703125,474.12847900390625,780.6000366210938]]",512.0537000038894
0000327,struck_by_risk,rule_4,targeted,-1,beam,673,1200,"[72, 274, 479, 782]","[72, 274, 479, 782]",0.25601287766220904,0.25601287766220904,1.0,hazard,hazard,False,False,0.0,0.22309936115004725,False,False,False,0.03164115619091756,"[[478.8394775390625,671.4000244140625,538.7365112304688,783.0000610351562]]","[[478.8394775390625,671.4000244140625,539.4094848632812,783.0000610351562]]",508.9833000092767
0000331,struck_by_risk,rule_4,random_matched,42,beam,900,1200,"[26, 339, 565, 784]","[211, 720, 750, 1165]",0.22208796296296296,0.22208796296296296,0.04956963509782214,hazard,hazard,False,False,0.9229849064301827,0.011204008998216023,False,False,False,0.038548337561743695,"[[0.44999998807907104,550.2000122070312,36.45000076293945,705.0]]","[[26.549999237060547,339.0,564.75,750.6000366210938]]",493.18200000561774
0000331,struck_by_risk,rule_4,random_matched,43,beam,900,1200,"[26, 339, 565, 784]","[317, 709, 856, 1154]",0.22208796296296296,0.22208796296296296,0.040337446596256855,hazard,hazard,False,False,0.9929487522906517,0.0008543918022650608,False,False,False,0.02221323466963243,"[[0.44999998807907104,550.2000122070312,36.45000076293945,706.2000122070312]]","[[25.649999618530273,339.0,563.8499755859375,781.800048828125]]",504.97989999712445
0000331,struck_by_risk,rule_4,random_matched,44,beam,900,1200,"[26, 339, 565, 784]","[325, 747, 864, 1192]",0.22208796296296296,0.22208796296296296,0.018860310515472677,hazard,hazard,False,False,0.9929487522906517,0.0008543918022650608,False,False,False,0.017858108121251437,"[[0.44999998807907104,550.2000122070312,36.45000076293945,706.2000122070312]]","[[25.649999618530273,339.0,563.8499755859375,781.800048828125]]",568.1542999955127
0000331,struck_by_risk,rule_4,random_matched,45,beam,900,1200,"[26, 339, 565, 784]","[84, 748, 623, 1193]",0.22208796296296296,0.22208796296296296,0.03744858281033058,hazard,hazard,False,False,0.9295006104987402,0.010000000000003416,False,False,False,0.0058838760568982185,"[[0.44999998807907104,550.2000122070312,36.45000076293945,706.2000122070312]]","[[26.549999237060547,339.0,563.8499755859375,754.2000122070312]]",496.01410000468604
0000331,struck_by_risk,rule_4,random_matched,46,beam,900,1200,"[26, 339, 565, 784]","[107, 745, 646, 1190]",0.22208796296296296,0.22208796296296296,0.03867506192513554,hazard,hazard,False,False,0.9214414115427417,0.011199991861982218,False,False,False,0.00987853819415685,"[[0.44999998807907104,550.2000122070312,36.45000076293945,705.0]]","[[26.549999237060547,339.0,563.8499755859375,750.6000366210938]]",533.046500000637
0000331,struck_by_risk,rule_4,targeted,-1,beam,900,1200,"[26, 339, 565, 784]","[26, 339, 565, 784]",0.22208796296296296,0.22208796296296296,1.0,hazard,hazard,False,False,0.004059371898901862,0.1913192118561265,False,False,False,0.05223908825289647,"[[0.44999998807907104,550.2000122070312,31.049999237060547,707.4000244140625]]","[[0.44999998807907104,550.2000122070312,31.94999885559082,707.4000244140625]]",536.5480000036769
0000332,fall_hazard,rule_2,random_matched,42,beam,1200,900,"[595, 382, 674, 433]","[1019, 315, 1098, 366]",0.0037305555555555555,0.0037305555555555555,0.0,compliant,compliant,False,False,0.9655174631348111,0.0005999959309895834,False,False,False,0.0042698447193418865,"[[579.0,256.9499816894531,683.4000244140625,477.4499816894531]]","[[594.6000366210938,381.1499938964844,673.800048828125,432.4499816894531]]",451.59399999829475
0000332,fall_hazard,rule_2,random_matched,43,beam,1200,900,"[595, 382, 674, 433]","[700, 59, 779, 110]",0.0037305555555555555,0.0037305555555555555,0.0,compliant,compliant,False,False,0.9655174631348111,0.0005999959309895834,False,False,False,0.002207917759993294,"[[579.0,256.9499816894531,683.4000244140625,477.4499816894531]]","[[594.6000366210938,381.1499938964844,673.800048828125,432.4499816894531]]",488.69870000635274
0000332,fall_hazard,rule_2,random_matched,44,beam,1200,900,"[595, 382, 674, 433]","[826, 5, 905, 56]",0.0037305555555555555,0.0037305555555555555,0.0,compliant,compliant,False,False,0.0,0.08702298500178102,False,False,False,-0.025117221022290748,"[[579.0,256.9499816894531,683.4000244140625,477.4499816894531]]","[[609.0,256.9499816894531,665.4000244140625,297.4499816894531]]",471.3986999995541
0000332,fall_hazard,rule_2,random_matched,45,beam,1200,900,"[595, 382, 674, 433]","[868, 107, 947, 158]",0.0037305555555555555,0.0037305555555555555,0.0,compliant,compliant,False,False,0.0,0.08674519306859618,False,False,False,-0.02102522418967312,"[[579.0,256.9499816894531,683.4000244140625,477.4499816894531]]","[[610.2000122070312,257.8500061035156,666.6000366210938,297.4499816894531]]",504.6157999895513
0000332,fall_hazard,rule_2,random_matched,46,beam,1200,900,"[595, 382, 674, 433]","[1025, 406, 1104, 457]",0.0037305555555555555,0.0037305555555555555,0.0,compliant,compliant,False,False,0.0,0.086733203046714,False,False,False,-0.02096812879400589,"[[579.0,256.9499816894531,683.4000244140625,477.4499816894531]]","[[610.2000122070312,257.8500061035156,665.4000244140625,297.4499816894531]]",478.0431000108365
0000332,fall_hazard,rule_2,targeted,-1,beam,1200,900,"[595, 382, 674, 433]","[595, 382, 674, 433]",0.0037305555555555555,0.0037305555555555555,1.0,compliant,compliant,False,False,0.0,0.08702298500178102,False,False,False,-0.033936608183596784,"[[579.0,256.9499816894531,683.4000244140625,476.54998779296875]]","[[609.0,256.9499816894531,665.4000244140625,297.4499816894531]]",461.02769998833537
0000341,compliant,rule_3,random_matched,42,beam,1200,900,"[148, 343, 1025, 831]","[0, 0, 877, 488]",0.39627407407407406,0.39627407407407406,0.14089359904138238,compliant,violation,True,False,,,True,True,True,0.05600279431462618,[],[],670.8420000068145
0000341,compliant,rule_3,random_matched,43,beam,1200,900,"[148, 343, 1025, 831]","[298, 0, 1175, 488]",0.39627407407407406,0.39627407407407406,0.1404527691506215,compliant,compliant,False,False,0.6695195813206101,0.04974343956201338,False,False,False,0.03142588239695343,"[[148.20001220703125,484.6499938964844,976.2000122070312,831.1499633789062]]","[[149.40000915527344,484.6499938964844,976.2000122070312,831.1499633789062]]",501.5123000048334
0000341,compliant,rule_3,random_matched,44,beam,1200,900,"[148, 343, 1025, 831]","[0, 0, 877, 488]",0.39627407407407406,0.39627407407407406,0.14089359904138238,compliant,violation,True,False,,,True,True,True,0.05600279431462618,[],[],695.6843999942066
0000341,compliant,rule_3,random_matched,45,beam,1200,900,"[148, 343, 1025, 831]","[0, 0, 877, 488]",0.39627407407407406,0.39627407407407406,0.14089359904138238,compliant,violation,True,False,,,True,True,True,0.05600279431462618,[],[],685.1673999917693
0000341,compliant,rule_3,random_matched,46,beam,1200,900,"[148, 343, 1025, 831]","[0, 0, 877, 488]",0.39627407407407406,0.39627407407407406,0.14089359904138238,compliant,violation,True,False,,,True,True,True,0.05600279431462618,[],[],657.8012999962084
0000341,compliant,rule_3,targeted,-1,beam,1200,900,"[148, 343, 1025, 831]","[148, 343, 1025, 831]",0.39627407407407406,0.39627407407407406,1.0,compliant,compliant,False,False,0.0,0.3114757099500834,False,True,False,-0.020501852219740213,[],"[[0.6000000238418579,61.64999771118164,964.2000122070312,202.04998779296875]]",544.9537999957101
0000370,fall_hazard,rule_3,random_matched,42,beam,1280,960,"[1, 571, 429, 959]","[210, 53, 638, 441]",0.13514322916666666,0.13514322916666666,0.0,compliant,compliant,False,False,1.0,0.0,False,False,False,0.030851751388538462,"[[0.6399999856948853,586.0800170898438,135.0399932861328,778.0799560546875]]","[[0.6399999856948853,570.719970703125,429.44000244140625,958.5599975585938],[0.6399999856948853,609.1199951171875,428.1600036621094,958.5599975585938]]",547.4983000021894
0000370,fall_hazard,rule_3,random_matched,43,beam,1280,960,"[1, 571, 429, 959]","[640, 242, 1068, 630]",0.13514322916666666,0.13514322916666666,0.0,compliant,compliant,False,False,0.9970149282370186,0.00039999961853027344,False,False,False,-0.01889008009207571,"[[0.6399999856948853,586.0800170898438,135.0399932861328,766.5599975585938]]","[[0.6399999856948853,570.719970703125,428.1600036621094,958.5599975585938]]",547.7095999958692
0000370,fall_hazard,rule_3,random_matched,44,beam,1280,960,"[1, 571, 429, 959]","[601, 102, 1029, 490]",0.13514322916666666,0.13514322916666666,0.0,compliant,compliant,False,False,0.9945605932324187,0.0004999923706964196,False,False,False,0.01128613343462348,"[[0.6399999856948853,586.0800170898438,135.0399932861328,771.3599853515625]]","[[0.6399999856948853,569.760009765625,428.1600036621094,958.5599975585938],[0.6399999856948853,649.4400024414062,428.1600036621094,958.5599975585938]]",604.4578000000911
0000370,fall_hazard,rule_3,random_matched,45,beam,1280,960,"[1, 571, 429, 959]","[482, 158, 910, 546]",0.13514322916666666,0.13514322916666666,0.0,compliant,compliant,False,False,0.9945605932324187,0.0004999923706964196,False,False,False,-0.017410024468387908,"[[0.6399999856948853,586.0800170898438,135.0399932861328,771.3599853515625]]","[[0.6399999856948853,569.760009765625,428.1600036621094,958.5599975585938]]",497.12740001268685
0000370,fall_hazard,rule_3,random_matched,46,beam,1280,960,"[1, 571, 429, 959]","[730, 200, 1158, 588]",0.13514322916666666,0.13514322916666666,0.0,compliant,compliant,False,False,0.9970149282370186,0.00039999961853027344,False,False,False,0.0005336686237049637,"[[0.6399999856948853,586.0800170898438,135.0399932861328,771.3599853515625]]","[[0.6399999856948853,570.719970703125,428.1600036621094,958.5599975585938],[0.6399999856948853,650.3999633789062,428.1600036621094,958.5599975585938]]",521.5951999998651
0000370,fall_hazard,rule_3,targeted,-1,beam,1280,960,"[1, 571, 429, 959]","[1, 571, 429, 959]",0.13514322916666666,0.13514322916666666,1.0,compliant,violation,True,True,0.0,0.5253839579923837,False,False,False,-0.045029695112524304,"[[170.87998962402344,405.6000061035156,251.51998901367188,576.47998046875]]","[[792.9599609375,433.44000244140625,1278.0799560546875,730.0799560546875]]",467.4964000005275
0000376,fall_hazard,rule_3,random_matched,42,beam,900,1200,"[0, 363, 342, 736]","[329, 615, 671, 988]",0.11811666666666666,0.11811666666666666,0.006203684349599107,violation,violation,False,False,0.9967845333124867,0.00040000406901041666,False,False,False,-0.012000929830329854,"[[634.9500122070312,231.00001525878906,681.75,329.4000244140625]]","[[0.44999998807907104,364.20001220703125,341.54998779296875,736.2000122070312]]",522.5543999986257
0000376,fall_hazard,rule_3,random_matched,43,beam,900,1200,"[0, 363, 342, 736]","[462, 712, 804, 1085]",0.11811666666666666,0.11811666666666666,0.0,violation,violation,False,False,0.9967845333124867,0.00040000406901041666,False,False,False,-0.0006829946235354933,"[[634.9500122070312,229.8000030517578,681.75,329.4000244140625]]","[[0.44999998807907104,364.20001220703125,341.54998779296875,736.2000122070312]]",523.1353999988642
0000376,fall_hazard,rule_3,random_matched,44,beam,900,1200,"[0, 363, 342, 736]","[264, 690, 606, 1063]",0.11811666666666666,0.11811666666666666,0.014263906115828642,violation,violation,False,False,0.9967845333124867,0.00040000406901041666,False,False,False,-0.00935162617159746,"[[634.9500122070312,229.8000030517578,682.6499633789062,329.4000244140625]]","[[0.44999998807907104,364.20001220703125,341.54998779296875,736.2000122070312]]",489.04919999768026
0000376,fall_hazard,rule_3,random_matched,45,beam,900,1200,"[0, 363, 342, 736]","[531, 532, 873, 905]",0.11811666666666666,0.11811666666666666,0.0,violation,violation,False,False,0.9967845333124867,0.00040000406901041666,False,False,False,-0.003603577946445835,"[[634.9500122070312,231.00001525878906,681.75,329.4000244140625]]","[[0.44999998807907104,364.20001220703125,341.54998779296875,736.2000122070312]]",464.1030999919167
0000376,fall_hazard,rule_3,random_matched,46,beam,900,1200,"[0, 363, 342, 736]","[345, 339, 687, 712]",0.11811666666666666,0.11811666666666666,0.0,violation,violation,False,False,0.9863845119988502,0.0012649110640837135,False,False,False,-0.014027891813644389,"[[635.8499755859375,231.00001525878906,679.0499877929688,279.0]]","[[0.44999998807907104,361.8000183105469,345.1499938964844,736.2000122070312]]",494.74259999988135
0000376,fall_hazard,rule_3,targeted,-1,beam,900,1200,"[0, 363, 342, 736]","[0, 363, 342, 736]",0.11811666666666666,0.11811666666666666,1.0,violation,compliant,True,True,0.011631965642375069,0.13634753283833295,False,False,False,0.008504972194454452,"[[631.3499755859375,228.60000610351562,684.4500122070312,330.6000061035156]]","[[0.44999998807907104,333.0,434.25,367.8000183105469]]",435.3536999988137
0000413,compliant,rule_2,random_matched,42,beam,1200,900,"[80, 95, 613, 899]","[628, 73, 1161, 877]",0.3967888888888889,0.3967888888888889,0.0,compliant,compliant,False,False,0.9866369244351305,0.0023999989827527854,False,False,False,-0.053471945093146345,"[[244.20001220703125,6.75,418.20001220703125,259.6499938964844]]","[[78.60000610351562,102.14999389648438,613.800048828125,898.6499633789062]]",577.5057999999262
0000413,compliant,rule_2,random_matched,43,beam,1200,900,"[80, 95, 613, 899]","[576, 93, 1109, 897]",0.3967888888888889,0.3967888888888889,0.03586458622898512,compliant,compliant,False,False,0.9285432639871831,0.011454268573542247,False,False,False,-0.05671508936211467,"[[244.20001220703125,6.75,418.20001220703125,259.6499938964844]]","[[79.80000305175781,102.14999389648438,579.0,898.6499633789062]]",498.1898999976693
0000413,compliant,rule_2,random_matched,44,beam,1200,900,"[80, 95, 613, 899]","[638, 1, 1171, 805]",0.3967888888888889,0.3967888888888889,0.0,compliant,compliant,False,False,0.9633268688642521,0.008736702559822075,False,False,False,-0.05476990423630923,"[[244.20001220703125,6.75,418.20001220703125,259.6499938964844]]","[[79.80000305175781,121.04999542236328,615.0,898.6499633789062]]",475.27460000128485
0000413,compliant,rule_2,random_matched,45,beam,1200,900,"[80, 95, 613, 899]","[663, 22, 1196, 826]",0.3967888888888889,0.3967888888888889,0.0,compliant,compliant,False,False,0.9866370080708595,0.00252981730290698,False,False,False,-0.05233344603662515,"[[244.20001220703125,6.75,418.20001220703125,259.6499938964844]]","[[79.80000305175781,102.14999389648438,615.0,898.6499633789062]]",488.3914999954868
0000413,compliant,rule_2,random_matched,46,beam,1200,900,"[80, 95, 613, 899]","[637, 36, 1170, 840]",0.3967888888888889,0.3967888888888889,0.0,compliant,compliant,False,False,0.9654214150079381,0.008709190226716115,False,False,False,-0.05567034190919773,"[[244.20001220703125,6.75,418.20001220703125,259.6499938964844]]","[[79.80000305175781,121.04999542236328,613.800048828125,898.6499633789062]]",471.89200000138953
0000413,compliant,rule_2,targeted,-1,beam,1200,900,"[80, 95, 613, 899]","[80, 95, 613, 899]",0.3967888888888889,0.3967888888888889,1.0,compliant,violation,True,True,0.0,0.32403682655335503,False,False,False,-0.019245193007269012,"[[695.4000244140625,57.14999771118164,809.4000244140625,368.54998779296875]]","[[715.800048828125,500.8499755859375,927.0000610351562,697.0499877929688]]",459.9466000072425
0000421,fall_hazard,rule_3,random_matched,42,beam,960,1280,"[0, 478, 263, 993]","[220, 143, 483, 658]",0.11022542317708334,0.11022542317708334,0.029412882386471596,violation,violation,False,False,,,True,False,False,0.012221857107111544,"[[437.2799987792969,64.63999938964844,494.8799743652344,227.1999969482422]]",[],639.6255999861751
0000421,fall_hazard,rule_3,random_matched,43,beam,960,1280,"[0, 478, 263, 993]","[580, 652, 843, 1167]",0.11022542317708334,0.11022542317708334,0.0,violation,violation,False,False,1.0,0.0,False,False,False,-0.014879470957176899,"[[436.3199768066406,64.63999938964844,493.91998291015625,252.79998779296875]]","[[0.47999998927116394,478.0799865722656,262.55999755859375,992.6399536132812]]",504.08040000183973
0000421,fall_hazard,rule_3,random_matched,44,beam,960,1280,"[0, 478, 263, 993]","[422, 689, 685, 1204]",0.11022542317708334,0.11022542317708334,0.0,violation,violation,False,False,0.9950248800478684,0.0007999992370605469,False,False,False,0.0016442262567579746,"[[436.3199768066406,64.63999938964844,493.91998291015625,252.79998779296875]]","[[0.47999998927116394,478.0799865722656,262.55999755859375,990.0799560546875]]",494.57569999503903
0000421,fall_hazard,rule_3,random_matched,45,beam,960,1280,"[0, 478, 263, 993]","[348, 254, 611, 769]",0.11022542317708334,0.11022542317708334,0.0,violation,violation,False,False,,,True,False,False,0.009719994983502844,"[[437.2799987792969,64.63999938964844,493.91998291015625,251.51998901367188]]",[],581.1512999935076
0000421,fall_hazard,rule_3,random_matched,46,beam,960,1280,"[0, 478, 263, 993]","[294, 729, 557, 1244]",0.11022542317708334,0.11022542317708334,0.0,violation,violation,False,False,,,True,False,False,-0.011928358514394,"[[436.3199768066406,64.63999938964844,494.8799743652344,252.79998779296875]]",[],607.4901999963913
0000421,fall_hazard,rule_3,targeted,-1,beam,960,1280,"[0, 478, 263, 993]","[0, 478, 263, 993]",0.11022542317708334,0.11022542317708334,1.0,violation,violation,False,False,,,True,False,False,-0.020046424386756634,"[[436.3199768066406,64.63999938964844,494.8799743652344,252.79998779296875]]",[],593.0280000029597
0000433,compliant,rule_4,random_matched,42,beam,1200,900,"[443, 50, 765, 711]","[870, 105, 1192, 766]",0.19707592592592593,0.19707592592592593,0.0,hazard,hazard,False,False,0.992565074388963,0.0007999979654947916,False,False,False,0.007653324465666467,"[[444.6000061035156,49.94999694824219,765.0,711.449951171875]]","[[444.6000061035156,49.94999694824219,766.2000122070312,711.449951171875]]",499.5392999990145
0000433,compliant,rule_4,random_matched,43,beam,1200,900,"[443, 50, 765, 711]","[845, 55, 1167, 716]",0.19707592592592593,0.19707592592592593,0.0,hazard,hazard,False,False,1.0,0.0,False,False,False,0.006172545135967322,"[[443.4000244140625,49.04999923706055,763.800048828125,711.449951171875]]","[[443.4000244140625,49.94999694824219,765.0,711.449951171875]]",499.1934999998193
0000433,compliant,rule_4,random_matched,44,beam,1200,900,"[443, 50, 765, 711]","[740, 100, 1062, 761]",0.19707592592592593,0.19707592592592593,0.0372189693695801,hazard,safe,True,True,0.0,0.45914185011898606,False,False,False,-0.0005804182118958057,"[[444.6000061035156,49.94999694824219,743.4000244140625,711.449951171875]]","[[0.6000000238418579,0.44999998807907104,17.400001525878906,67.94999694824219]]",479.5453999977326
0000433,compliant,rule_4,random_matched,45,beam,1200,900,"[443, 50, 765, 711]","[108, 153, 430, 814]",0.19707592592592593,0.19707592592592593,0.0,hazard,safe,True,True,0.0,0.4002406484589009,False,False,False,0.01086593544968062,"[[444.6000061035156,49.04999923706055,765.0,709.6499633789062]]","[[0.6000000238418579,0.44999998807907104,15.000000953674316,898.6499633789062]]",575.0593999982812
0000433,compliant,rule_4,random_matched,46,beam,1200,900,"[443, 50, 765, 711]","[14, 179, 336, 840]",0.19707592592592593,0.19707592592592593,0.0,hazard,hazard,False,False,0.992565074388963,0.0007999979654947916,False,False,False,0.009611980368693596,"[[444.6000061035156,49.94999694824219,765.0,711.449951171875]]","[[444.6000061035156,49.94999694824219,766.2000122070312,711.449951171875]]",485.3424000029918
0000433,compliant,rule_4,targeted,-1,beam,1200,900,"[443, 50, 765, 711]","[443, 50, 765, 711]",0.19707592592592593,0.19707592592592593,1.0,hazard,hazard,False,False,0.19777025734927933,0.04601141556545426,False,False,False,-0.028961182641313532,"[[0.6000000238418579,0.44999998807907104,1198.2000732421875,898.6499633789062]]","[[0.6000000238418579,0.44999998807907104,1198.2000732421875,898.6499633789062]]",663.1849999976112
0000437,ppe_violation,rule_1,random_matched,42,beam,1200,900,"[320, 387, 341, 407]","[79, 745, 100, 765]",0.00038888888888888887,0.00038888888888888887,0.0,compliant,compliant,False,False,1.0,0.0,False,False,False,0.00029276590794324875,"[[309.0,386.54998779296875,358.20001220703125,514.3499755859375]]","[[319.8000183105469,386.54998779296875,341.4000244140625,407.25]]",643.2927999994718
0000437,ppe_violation,rule_1,random_matched,43,beam,1200,900,"[320, 387, 341, 407]","[557, 715, 578, 735]",0.00038888888888888887,0.00038888888888888887,0.0,compliant,compliant,False,False,1.0,0.0,False,False,False,0.0002699846933995609,"[[309.0,386.54998779296875,358.20001220703125,514.3499755859375]]","[[319.8000183105469,386.54998779296875,341.4000244140625,407.25]]",581.4474000071641
0000437,ppe_violation,rule_1,random_matched,44,beam,1200,900,"[320, 387, 341, 407]","[697, 566, 718, 586]",0.00038888888888888887,0.00038888888888888887,0.0,compliant,compliant,False,False,1.0,0.0,False,False,False,-0.00011063087731599808,"[[309.0,386.54998779296875,358.20001220703125,514.3499755859375]]","[[319.8000183105469,386.54998779296875,341.4000244140625,407.25]]",529.2720999859739
0000437,ppe_violation,rule_1,random_matched,45,beam,1200,900,"[320, 387, 341, 407]","[429, 291, 450, 311]",0.00038888888888888887,0.00038888888888888887,0.0,compliant,compliant,False,False,0.9565205853474431,0.00030000813802083336,False,False,False,-0.00213743413665457,"[[306.6000061035156,384.75,361.8000183105469,519.75]]","[[319.8000183105469,386.54998779296875,341.4000244140625,406.3499755859375]]",471.5202999941539
0000437,ppe_violation,rule_1,random_matched,46,beam,1200,900,"[320, 387, 341, 407]","[518, 18, 539, 38]",0.00038888888888888887,0.00038888888888888887,0.0,compliant,compliant,False,False,1.0,0.0,False,False,False,-0.0014767397993376008,"[[306.6000061035156,384.75,361.8000183105469,519.75]]","[[319.8000183105469,386.54998779296875,341.4000244140625,407.25]]",529.7165999945719
0000437,ppe_violation,rule_1,targeted,-1,beam,1200,900,"[320, 387, 341, 407]","[320, 387, 341, 407]",0.00038888888888888887,0.00038888888888888887,1.0,compliant,compliant,False,False,0.2851243474886246,0.001499995931011659,False,False,False,0.019946730296526716,"[[306.6000061035156,380.25,361.8000183105469,519.75]]","[[312.6000061035156,375.75,352.20001220703125,415.3499755859375]]",525.2832999976818
0000444,compliant,rule_2,random_matched,42,beam,1200,900,"[37, 81, 974, 694]","[260, 286, 1197, 899]",0.5318342592592593,0.5318342592592593,0.3397422590238498,compliant,compliant,False,False,0.20501597217983444,0.18227431969490196,False,False,False,0.004174367391637457,"[[407.4000244140625,81.44999694824219,971.4000244140625,289.3500061035156]]","[[407.4000244140625,81.44999694824219,971.4000244140625,290.25]]",531.1292999977013
0000444,compliant,rule_2,random_matched,43,beam,1200,900,"[37, 81, 974, 694]","[245, 283, 1182, 896]",0.5318342592592593,0.5318342592592593,0.35284869568494354,compliant,compliant,False,False,0.20107319863942283,0.18374808628073572,False,False,False,0.005748221916811902,"[[409.8000183105469,81.44999694824219,971.4000244140625,286.6499938964844]]","[[411.0000305175781,81.44999694824219,971.4000244140625,287.54998779296875]]",437.95789999421686
0000444,compliant,rule_2,random_matched,44,beam,1200,900,"[37, 81, 974, 694]","[258, 267, 1195, 880]",0.5318342592592593,0.5318342592592593,0.3626585056285067,compliant,compliant,False,False,0.179714256669332,0.19151281003173157,False,True,False,-0.002242033789445985,[],"[[427.8000183105469,81.44999694824219,971.4000244140625,271.3500061035156]]",548.976500009303
0000444,compliant,rule_2,random_matched,45,beam,1200,900,"[37, 81, 974, 694]","[261, 276, 1198, 889]",0.5318342592592593,0.5318342592592593,0.35032818950357814,compliant,compliant,False,False,0.19114017229022962,0.1874092767151655,False,True,False,-0.016720572977766857,[],"[[419.4000244140625,81.44999694824219,971.4000244140625,280.3500061035156]]",518.5548000008566
0000444,compliant,rule_2,random_matched,46,beam,1200,900,"[37, 81, 974, 694]","[233, 285, 1170, 898]",0.5318342592592593,0.5318342592592593,0.35836763459080306,compliant,compliant,False,False,0.20369797125924888,0.18276552071308086,False,False,False,0.0014218805091722464,"[[408.6000061035156,81.44999694824219,971.4000244140625,288.4499816894531]]","[[408.6000061035156,81.44999694824219,971.4000244140625,289.3500061035156]]",481.81430000113323
0000444,compliant,rule_2,targeted,-1,beam,1200,900,"[37, 81, 974, 694]","[37, 81, 974, 694]",0.5318342592592593,0.5318342592592593,1.0,compliant,compliant,False,False,0.0,0.40658932687861865,False,True,False,-0.06866847393154107,[],"[[827.4000244140625,751.949951171875,1125.0,798.75]]",562.0777000003727
0000468,fall_hazard,rule_3,random_matched,42,beam,1200,900,"[1, 417, 556, 702]","[616, 456, 1171, 741]",0.14645833333333333,0.14645833333333333,0.0,compliant,compliant,False,False,0.9978448057570661,0.00040000406901041666,False,False,False,0.016317021674389753,"[[459.0000305175781,691.6499633789062,522.6000366210938,831.1499633789062],[523.800048828125,619.6499633789062,579.0,760.0499877929688],[553.800048828125,571.9500122070312,601.800048828125,665.5499877929688],[435.0000305175781,564.75,487.8000183105469,643.0499877929688],[396.6000061035156,559.3499755859375,438.6000061035156,645.75]]","[[0.6000000238418579,417.1499938964844,557.4000244140625,701.5499877929688]]",704.1105999960564
0000468,fall_hazard,rule_3,random_matched,43,beam,1200,900,"[1, 417, 556, 702]","[499, 14, 1054, 299]",0.14645833333333333,0.14645833333333333,0.0,compliant,violation,True,True,1.0,0.0,False,False,False,0.02154655368410663,"[[459.0000305175781,691.6499633789062,522.6000366210938,831.1499633789062],[523.800048828125,620.5499877929688,579.0,760.0499877929688],[553.800048828125,571.9500122070312,603.0,665.5499877929688],[435.0000305175781,564.75,487.8000183105469,643.0499877929688],[396.6000061035156,559.3499755859375,438.6000061035156,645.75],[791.4000244140625,452.25,823.800048828125,506.25],[853.800048828125,441.4499816894531,883.800048828125,490.04998779296875]]","[[0.6000000238418579,417.1499938964844,556.2000122070312,701.5499877929688]]",803.8288000097964
0000468,fall_hazard,rule_3,random_matched,44,beam,1200,900,"[1, 417, 556, 702]","[324, 103, 879, 388]",0.14645833333333333,0.14645833333333333,0.0,compliant,compliant,False,False,0.32503482596808003,0.108011840969931,False,False,False,-0.015592139598230914,"[[459.0000305175781,691.6499633789062,522.6000366210938,831.1499633789062],[523.800048828125,620.5499877929688,579.0,760.0499877929688],[553.800048828125,571.9500122070312,603.0,665.5499877929688],[435.0000305175781,564.75,487.8000183105469,643.0499877929688],[396.6000061035156,559.3499755859375,438.6000061035156,645.75]]","[[0.6000000238418579,544.0499877929688,561.0,898.6499633789062]]",682.9287000000477
0000468,fall_hazard,rule_3,random_matched,45,beam,1200,900,"[1, 417, 556, 702]","[506, 605, 1061, 890]",0.14645833333333333,0.14645833333333333,0.015569823434991975,compliant,compliant,False,False,1.0,0.0,False,False,False,0.03708745718800599,"[[460.20001220703125,691.6499633789062,513.0,831.1499633789062]]","[[0.6000000238418579,417.1499938964844,556.2000122070312,701.5499877929688]]",477.28780000761617
0000468,fall_hazard,rule_3,random_matched,46,beam,1200,900,"[1, 417, 556, 702]","[482, 225, 1037, 510]",0.14645833333333333,0.14645833333333333,0.02223816355810617,compliant,compliant,False,False,0.27261420755501575,0.1431185546532511,False,False,False,0.019450903656616725,"[[459.0000305175781,691.6499633789062,522.6000366210938,831.1499633789062],[523.800048828125,620.5499877929688,579.0,760.0499877929688],[553.800048828125,571.9500122070312,603.0,665.5499877929688],[435.0000305175781,564.75,487.8000183105469,643.0499877929688],[396.6000061035156,559.3499755859375,438.6000061035156,645.75]]","[[0.6000000238418579,509.8499755859375,873.0000610351562,898.6499633789062],[0.6000000238418579,543.1499633789062,561.0,898.6499633789062]]",731.8716000008862
0000468,fall_hazard,rule_3,targeted,-1,beam,1200,900,"[1, 417, 556, 702]","[1, 417, 556, 702]",0.14645833333333333,0.14645833333333333,1.0,compliant,compliant,False,False,0.005564352054354538,0.15961802991402016,False,False,False,-0.017283237539231777,"[[459.0000305175781,698.8499755859375,522.6000366210938,831.1499633789062]]","[[0.6000000238418579,698.8499755859375,549.0,898.6499633789062]]",494.2019000009168
0000469,ppe_violation,rule_1,random_matched,42,beam,900,1200,"[202, 500, 301, 597]","[342, 610, 441, 707]",0.008891666666666668,0.008891666666666668,0.0,compliant,compliant,False,False,1.0,0.0,False,False,False,-0.0029558391709412213,"[[453.1499938964844,225.00001525878906,562.0499877929688,538.2000122070312]]","[[202.04998779296875,499.8000183105469,301.04998779296875,597.0],[600.75,466.20001220703125,679.9500122070312,522.6000366210938],[498.1499938964844,223.8000030517578,559.3499755859375,289.8000183105469]]",567.6833000034094
0000469,ppe_violation,rule_1,random_matched,43,beam,900,1200,"[202, 500, 301, 597]","[690, 302, 789, 399]",0.008891666666666668,0.008891666666666668,0.0,compliant,compliant,False,False,1.0,0.0,False,False,False,0.010260071405874926,"[[453.1499938964844,225.00001525878906,561.1499633789062,538.2000122070312]]","[[202.04998779296875,499.8000183105469,301.04998779296875,597.0],[600.75,466.20001220703125,679.9500122070312,522.6000366210938],[498.1499938964844,223.8000030517578,559.3499755859375,289.8000183105469]]",622.4196000111988
0000469,ppe_violation,rule_1,random_matched,44,beam,900,1200,"[202, 500, 301, 597]","[309, 199, 408, 296]",0.008891666666666668,0.008891666666666668,0.0,compliant,compliant,False,False,1.0,0.0,False,False,False,0.005554340181074036,"[[453.1499938964844,225.00001525878906,561.1499633789062,538.2000122070312]]","[[202.04998779296875,499.8000183105469,301.04998779296875,597.0],[600.75,466.20001220703125,679.9500122070312,522.6000366210938],[498.1499938964844,223.8000030517578,559.3499755859375,289.8000183105469]]",544.6412000019336
0000469,ppe_violation,rule_1,random_matched,45,beam,900,1200,"[202, 500, 301, 597]","[535, 971, 634, 1068]",0.008891666666666668,0.008891666666666668,0.0,compliant,compliant,False,False,1.0,0.0,False,False,False,0.005098139401525259,"[[453.1499938964844,225.00001525878906,562.0499877929688,538.2000122070312]]","[[202.04998779296875,499.8000183105469,301.04998779296875,597.0],[600.75,466.20001220703125,679.9500122070312,522.6000366210938],[498.1499938964844,223.8000030517578,559.3499755859375,289.8000183105469]]",650.1133999990998
0000469,ppe_violation,rule_1,random_matched,46,beam,900,1200,"[202, 500, 301, 597]","[342, 184, 441, 281]",0.008891666666666668,0.008891666666666668,0.0,compliant,compliant,False,False,1.0,0.0,False,False,False,0.0030040416334357056,"[[453.1499938964844,225.00001525878906,561.1499633789062,538.2000122070312]]","[[202.04998779296875,499.8000183105469,301.04998779296875,597.0],[600.75,466.20001220703125,679.9500122070312,522.6000366210938],[498.1499938964844,223.8000030517578,559.3499755859375,289.8000183105469]]",577.0962000096915
0000469,ppe_violation,rule_1,targeted,-1,beam,900,1200,"[202, 500, 301, 597]","[202, 500, 301, 597]",0.008891666666666668,0.008891666666666668,1.0,compliant,compliant,False,False,0.0,0.2616333212097665,False,False,False,-0.014747782942971965,"[[453.1499938964844,225.00001525878906,562.0499877929688,538.2000122070312]]","[[601.6499633789062,467.4000244140625,679.0499877929688,522.6000366210938],[499.04998779296875,223.8000030517578,559.3499755859375,289.8000183105469]]",553.1957999919541
0000471,compliant,rule_4,random_matched,42,beam,1200,900,"[178, 109, 1119, 899]","[0, 0, 941, 790]",0.688324074074074,0.688324074074074,0.5372367208897647,hazard,hazard,False,False,0.8502640269093406,0.03615647527406511,False,False,False,0.12289816945318188,"[[936.6000366210938,147.14999389648438,1086.60009765625,684.4500122070312]]","[[277.8000183105469,146.25,1121.4000244140625,898.6499633789062]]",475.0944000115851
0000471,compliant,rule_4,random_matched,43,beam,1200,900,"[178, 109, 1119, 899]","[0, 0, 941, 790]",0.688324074074074,0.688324074074074,0.5372367208897647,hazard,hazard,False,False,0.8502640269093406,0.03615647527406511,False,False,False,0.12289816945318188,"[[936.6000366210938,147.14999389648438,1086.60009765625,684.4500122070312]]","[[277.8000183105469,146.25,1121.4000244140625,898.6499633789062]]",479.0483000106178
0000471,compliant,rule_4,random_matched,44,beam,1200,900,"[178, 109, 1119, 899]","[0, 0, 941, 790]",0.688324074074074,0.688324074074074,0.5372367208897647,hazard,hazard,False,False,0.8502640269093406,0.03615647527406511,False,False,False,0.12289816945318188,"[[936.6000366210938,147.14999389648438,1086.60009765625,684.4500122070312]]","[[277.8000183105469,146.25,1121.4000244140625,898.6499633789062]]",499.8757000139449
0000471,compliant,rule_4,random_matched,45,beam,1200,900,"[178, 109, 1119, 899]","[0, 0, 941, 790]",0.688324074074074,0.688324074074074,0.5372367208897647,hazard,hazard,False,False,0.8502640269093406,0.03615647527406511,False,False,False,0.12289816945318188,"[[936.6000366210938,147.14999389648438,1086.60009765625,684.4500122070312]]","[[277.8000183105469,146.25,1121.4000244140625,898.6499633789062]]",509.8944999917876
0000471,compliant,rule_4,random_matched,46,beam,1200,900,"[178, 109, 1119, 899]","[0, 0, 941, 790]",0.688324074074074,0.688324074074074,0.5372367208897647,hazard,hazard,False,False,0.8502640269093406,0.03615647527406511,False,False,False,0.12289816945318188,"[[936.6000366210938,147.14999389648438,1086.60009765625,684.4500122070312]]","[[277.8000183105469,146.25,1121.4000244140625,898.6499633789062]]",448.53630001307465
0000471,compliant,rule_4,targeted,-1,beam,1200,900,"[178, 109, 1119, 899]","[178, 109, 1119, 899]",0.688324074074074,0.688324074074074,1.0,hazard,hazard,False,False,0.00034503229631915487,0.40743815181797277,False,False,False,0.02832659073765309,"[[0.6000000238418579,143.5500030517578,180.60000610351562,367.6499938964844]]","[[0.6000000238418579,143.5500030517578,179.40000915527344,368.54998779296875]]",572.6408999908017
0000478,fall_hazard,rule_3,random_matched,42,beam,1200,900,"[1, 251, 707, 684]","[494, 11, 1200, 444]",0.2830537037037037,0.2830537037037037,0.07208475732394391,compliant,compliant,False,False,0.6432732724450025,0.07028463545671063,False,False,False,-0.010581949659223988,"[[593.4000244140625,509.8499755859375,633.0,606.1499633789062]]","[[0.6000000238418579,288.4499816894531,499.8000183105469,683.5499877929688]]",490.8969999960391
0000478,fall_hazard,rule_3,random_matched,43,beam,1200,900,"[1, 251, 707, 684]","[443, 2, 1149, 435]",0.2830537037037037,0.2830537037037037,0.08630823353825379,compliant,compliant,False,False,0.5615537412416536,0.0865103464419373,False,False,False,-0.0029675271694681316,"[[593.4000244140625,509.8499755859375,633.0,606.1499633789062]]","[[0.6000000238418579,299.25,451.8000183105469,680.8499755859375]]",484.7230000013951
0000478,fall_hazard,rule_3,random_matched,44,beam,1200,900,"[1, 251, 707, 684]","[456, 13, 1162, 446]",0.2830537037037037,0.2830537037037037,0.08702091382182625,compliant,compliant,False,False,0.5849798422743938,0.0827420679752796,False,False,False,-0.006546137787933781,"[[593.4000244140625,509.8499755859375,633.0,606.1499633789062]]","[[0.6000000238418579,295.6499938964844,463.8000183105469,687.1499633789062]]",449.02379999984987
0000478,fall_hazard,rule_3,random_matched,45,beam,1200,900,"[1, 251, 707, 684]","[439, 2, 1145, 435]",0.2830537037037037,0.2830537037037037,0.08773065947438462,compliant,compliant,False,False,0.42705294285819306,0.10023970111891913,False,False,False,0.012393263634294271,"[[593.4000244140625,509.8499755859375,633.0,606.1499633789062]]","[[13.800000190734863,433.3499755859375,819.0000610351562,775.3499755859375]]",447.7329999936046
0000478,fall_hazard,rule_3,random_matched,46,beam,1200,900,"[1, 251, 707, 684]","[490, 59, 1196, 492]",0.2830537037037037,0.2830537037037037,0.0935379959542049,compliant,compliant,False,False,0.6359046559611352,0.07213237397313466,False,False,False,-0.01096027394357535,"[[593.4000244140625,509.8499755859375,633.0,606.1499633789062]]","[[0.6000000238418579,286.6499938964844,495.0000305175781,689.8499755859375]]",457.4722999968799
0000478,fall_hazard,rule_3,targeted,-1,beam,1200,900,"[1, 251, 707, 684]","[1, 251, 707, 684]",0.2830537037037037,0.2830537037037037,1.0,compliant,violation,True,True,0.006661548563418528,0.17522694442923206,False,False,False,-0.04908911890483325,"[[976.2000122070312,170.5500030517578,1000.2000122070312,228.14999389648438]]","[[13.800000190734863,680.8499755859375,748.2000122070312,777.1499633789062]]",487.38249999587424
0000486,compliant,rule_4,random_matched,42,beam,900,1200,"[0, 1, 899, 1198]","[1, 3, 900, 1200]",0.9963916666666667,0.9963916666666667,0.9944527641655608,hazard,hazard,False,False,1.0,0.0,False,False,False,-0.026353739712373758,"[[0.44999998807907104,0.6000000238418579,898.6499633789062,1198.2000732421875]]","[[0.44999998807907104,0.6000000238418579,898.6499633789062,1198.2000732421875]]",652.7231000072788
0000486,compliant,rule_4,random_matched,43,beam,900,1200,"[0, 1, 899, 1198]","[1, 3, 900, 1200]",0.9963916666666667,0.9963916666666667,0.9944527641655608,hazard,hazard,False,False,1.0,0.0,False,False,False,-0.026353739712373758,"[[0.44999998807907104,0.6000000238418579,898.6499633789062,1198.2000732421875]]","[[0.44999998807907104,0.6000000238418579,898.6499633789062,1198.2000732421875]]",698.012299995753
0000486,compliant,rule_4,random_matched,44,beam,900,1200,"[0, 1, 899, 1198]","[1, 3, 900, 1200]",0.9963916666666667,0.9963916666666667,0.9944527641655608,hazard,hazard,False,False,1.0,0.0,False,False,False,-0.026353739712373758,"[[0.44999998807907104,0.6000000238418579,898.6499633789062,1198.2000732421875]]","[[0.44999998807907104,0.6000000238418579,898.6499633789062,1198.2000732421875]]",659.0706999995746
0000486,compliant,rule_4,random_matched,45,beam,900,1200,"[0, 1, 899, 1198]","[1, 3, 900, 1200]",0.9963916666666667,0.9963916666666667,0.9944527641655608,hazard,hazard,False,False,1.0,0.0,False,False,False,-0.026353739712373758,"[[0.44999998807907104,0.6000000238418579,898.6499633789062,1198.2000732421875]]","[[0.44999998807907104,0.6000000238418579,898.6499633789062,1198.2000732421875]]",635.5978999927174
0000486,compliant,rule_4,random_matched,46,beam,900,1200,"[0, 1, 899, 1198]","[1, 3, 900, 1200]",0.9963916666666667,0.9963916666666667,0.9944527641655608,hazard,hazard,False,False,1.0,0.0,False,False,False,-0.026353739712373758,"[[0.44999998807907104,0.6000000238418579,898.6499633789062,1198.2000732421875]]","[[0.44999998807907104,0.6000000238418579,898.6499633789062,1198.2000732421875]]",673.2991000026232
0000486,compliant,rule_4,targeted,-1,beam,900,1200,"[0, 1, 899, 1198]","[0, 1, 899, 1198]",0.9963916666666667,0.9963916666666667,1.0,hazard,hazard,False,False,1.0,0.0,False,False,False,0.017914802968611254,"[[0.44999998807907104,0.6000000238418579,898.6499633789062,1198.2000732421875]]","[[0.44999998807907104,0.6000000238418579,898.6499633789062,1198.2000732421875]]",617.9409000033047
0000490,struck_by_risk,rule_4,random_matched,42,beam,1200,900,"[401, 444, 825, 740]","[247, 134, 671, 430]",0.11620740740740741,0.11620740740740741,0.0,hazard,hazard,False,False,0.9913364169481148,0.000854407280048909,False,False,False,0.0172749575641421,"[[403.8000183105469,653.8499755859375,433.8000183105469,744.75]]","[[400.20001220703125,445.04998779296875,823.800048828125,740.25]]",469.34139999211766
0000490,struck_by_risk,rule_4,random_matched,43,beam,1200,900,"[401, 444, 825, 740]","[25, 543, 449, 839]",0.11620740740740741,0.11620740740740741,0.03914685036762271,hazard,safe,True,True,0.8839904876427833,0.01600281221471092,False,False,False,-0.07565322630698723,"[[1128.60009765625,750.1499633789062,1198.2000732421875,898.6499633789062]]","[[449.4000244140625,445.04998779296875,825.0000610351562,740.25]]",476.6735000011977
0000490,struck_by_risk,rule_4,random_matched,44,beam,1200,900,"[401, 444, 825, 740]","[723, 231, 1147, 527]",0.11620740740740741,0.11620740740740741,0.0349052947530737,hazard,hazard,False,False,0.9127774381726635,0.008409502352576507,False,False,False,0.04946824175024789,"[[401.4000244140625,652.0499877929688,439.8000183105469,748.3499755859375]]","[[400.20001220703125,468.4499816894531,825.0000610351562,741.1499633789062]]",483.5632999893278
0000490,struck_by_risk,rule_4,random_matched,45,beam,1200,900,"[401, 444, 825, 740]","[25, 3, 449, 299]",0.11620740740740741,0.11620740740740741,0.0,hazard,hazard,False,False,1.0,0.0,False,False,False,-0.0030123813757820805,"[[403.8000183105469,653.8499755859375,433.8000183105469,744.75]]","[[401.4000244140625,444.1499938964844,825.0000610351562,740.25]]",486.0583999980008
0000490,struck_by_risk,rule_4,random_matched,46,beam,1200,900,"[401, 444, 825, 740]","[499, 50, 923, 346]",0.11620740740740741,0.11620740740740741,0.0,hazard,hazard,False,False,1.0,0.0,False,False,False,0.015685932030753524,"[[403.8000183105469,653.8499755859375,433.8000183105469,744.75]]","[[401.4000244140625,444.1499938964844,825.0000610351562,740.25]]",453.4585000074003
0000490,struck_by_risk,rule_4,targeted,-1,beam,1200,900,"[401, 444, 825, 740]","[401, 444, 825, 740]",0.11620740740740741,0.11620740740740741,1.0,hazard,hazard,False,False,0.0,0.2926811584676279,False,False,False,-0.06713867070146529,"[[1128.60009765625,750.1499633789062,1198.2000732421875,898.6499633789062]]","[[891.0000610351562,122.8499984741211,1198.2000732421875,898.6499633789062],[91.80000305175781,382.04998779296875,279.0,711.449951171875]]",574.6497999934945
0000503,compliant,rule_3,random_matched,42,beam,1200,900,"[863, 371, 1198, 440]","[600, 544, 935, 613]",0.021402777777777778,0.021402777777777778,0.0,compliant,compliant,False,False,0.9964285357468858,0.00040000406901041666,False,False,False,-0.002407634564276173,"[[129.0,212.84999084472656,796.2000122070312,580.0499877929688]]","[[862.2000122070312,371.25,1198.2000732421875,439.6499938964844]]",476.5363000042271
0000503,compliant,rule_3,random_matched,43,beam,1200,900,"[863, 371, 1198, 440]","[373, 266, 708, 335]",0.021402777777777778,0.021402777777777778,0.0,compliant,compliant,False,False,0.9928826711387165,0.00079998779296875,False,False,False,0.000269873333828885,"[[129.0,212.84999084472656,796.2000122070312,580.0499877929688]]","[[861.0000610351562,371.25,1198.2000732421875,439.6499938964844]]",460.6101999961538
0000503,compliant,rule_3,random_matched,44,beam,1200,900,"[863, 371, 1198, 440]","[651, 15, 986, 84]",0.021402777777777778,0.021402777777777778,0.0,compliant,compliant,False,False,1.0,0.0,False,False,False,-0.0010116679726965838,"[[129.0,212.84999084472656,795.0000610351562,580.0499877929688]]","[[863.4000244140625,371.25,1198.2000732421875,439.6499938964844]]",473.587000000407
0000503,compliant,rule_3,random_matched,45,beam,1200,900,"[863, 371, 1198, 440]","[280, 643, 615, 712]",0.021402777777777778,0.021402777777777778,0.0,compliant,compliant,False,False,1.0,0.0,False,False,False,-0.0012705823007438388,"[[129.0,212.84999084472656,795.0000610351562,580.0499877929688]]","[[863.4000244140625,371.25,1198.2000732421875,439.6499938964844]]",503.234000003431
0000503,compliant,rule_3,random_matched,46,beam,1200,900,"[863, 371, 1198, 440]","[503, 496, 838, 565]",0.021402777777777778,0.021402777777777778,0.0,compliant,compliant,False,False,1.0,0.0,False,False,False,0.001546189521572483,"[[129.0,212.84999084472656,796.2000122070312,578.25]]","[[863.4000244140625,371.25,1198.2000732421875,439.6499938964844]]",457.8556999913417
0000503,compliant,rule_3,targeted,-1,beam,1200,900,"[863, 371, 1198, 440]","[863, 371, 1198, 440]",0.021402777777777778,0.021402777777777778,1.0,compliant,compliant,False,False,0.0,0.3788475440593644,False,False,False,0.034968655356871325,"[[129.0,212.84999084472656,795.0000610351562,580.0499877929688]]","[[129.0,212.84999084472656,796.2000122070312,580.0499877929688]]",448.13540000177454
0000514,compliant,rule_1,random_matched,42,beam,1200,900,"[327, 201, 411, 280]","[352, 764, 436, 843]",0.0061444444444444446,0.0061444444444444446,0.0,compliant,compliant,False,False,1.0,0.0,False,False,False,-0.0024019354688269434,"[[185.40000915527344,201.14999389648438,435.0000305175781,606.1499633789062]]","[[327.0,201.14999389648438,411.0000305175781,280.3500061035156]]",546.587200005888
0000514,compliant,rule_1,random_matched,43,beam,1200,900,"[327, 201, 411, 280]","[768, 42, 852, 121]",0.0061444444444444446,0.0061444444444444446,0.0,compliant,compliant,False,False,1.0,0.0,False,False,False,-0.0036041286907024794,"[[185.40000915527344,201.14999389648438,435.0000305175781,606.1499633789062]]","[[327.0,201.14999389648438,411.0000305175781,280.3500061035156]]",470.5162000027485
0000514,compliant,rule_1,random_matched,44,beam,1200,900,"[327, 201, 411, 280]","[568, 59, 652, 138]",0.0061444444444444446,0.0061444444444444446,0.0,compliant,compliant,False,False,1.0,0.0,False,False,False,-0.0026100222021341324,"[[185.40000915527344,201.14999389648438,435.0000305175781,606.1499633789062]]","[[327.0,201.14999389648438,411.0000305175781,280.3500061035156]]",537.9782000090927
0000514,compliant,rule_1,random_matched,45,beam,1200,900,"[327, 201, 411, 280]","[60, 543, 144, 622]",0.0061444444444444446,0.0061444444444444446,0.0,compliant,compliant,False,False,1.0,0.0,False,False,False,-0.00031271497053753095,"[[185.40000915527344,201.14999389648438,435.0000305175781,606.1499633789062]]","[[327.0,201.14999389648438,411.0000305175781,280.3500061035156]]",490.255899989279
0000514,compliant,rule_1,random_matched,46,beam,1200,900,"[327, 201, 411, 280]","[1051, 804, 1135, 883]",0.0061444444444444446,0.0061444444444444446,0.0,compliant,compliant,False,False,1.0,0.0,False,False,False,-4.771298595829254e-05,"[[185.40000915527344,201.14999389648438,435.0000305175781,606.1499633789062]]","[[327.0,201.14999389648438,411.0000305175781,280.3500061035156]]",496.3311000028625
0000514,compliant,rule_1,targeted,-1,beam,1200,900,"[327, 201, 411, 280]","[327, 201, 411, 280]",0.0061444444444444446,0.0061444444444444446,1.0,compliant,violation,True,True,0.0,0.2513558778114893,False,False,False,0.02711863709347595,"[[185.40000915527344,247.9499969482422,435.0000305175781,606.1499633789062]]","[[714.6000366210938,172.34999084472656,774.6000366210938,243.4499969482422]]",488.37259999709204
0000530,compliant,rule_4,random_matched,42,beam,1000,1000,"[738, 620, 850, 748]","[428, 743, 540, 871]",0.014336,0.014336,0.0,hazard,hazard,False,False,1.0,0.0,False,False,False,-0.003291208237882648,"[[737.5,620.5,849.5,746.5]]","[[737.5,620.5,850.5,747.5]]",503.4304000000702
0000530,compliant,rule_4,random_matched,43,beam,1000,1000,"[738, 620, 850, 748]","[206, 563, 318, 691]",0.014336,0.014336,0.0,hazard,hazard,False,False,1.0,0.0,False,False,False,-0.004680242093782594,"[[737.5,620.5,849.5,746.5]]","[[737.5,620.5,850.5,747.5]]",492.473099991912
0000530,compliant,rule_4,random_matched,44,beam,1000,1000,"[738, 620, 850, 748]","[390, 279, 502, 407]",0.014336,0.014336,0.0,hazard,hazard,False,False,1.0,0.0,False,False,False,-0.025880216842605996,"[[737.5,620.5,849.5,747.5]]","[[737.5,620.5,850.5,747.5]]",495.6831000017701
0000530,compliant,rule_4,random_matched,45,beam,1000,1000,"[738, 620, 850, 748]","[548, 599, 660, 727]",0.014336,0.014336,0.0,hazard,hazard,False,False,1.0,0.0,False,False,False,-0.002432722775709162,"[[737.5,620.5,849.5,746.5]]","[[737.5,620.5,850.5,747.5]]",476.6386999981478
0000530,compliant,rule_4,random_matched,46,beam,1000,1000,"[738, 620, 850, 748]","[156, 717, 268, 845]",0.014336,0.014336,0.0,hazard,hazard,False,False,1.0,0.0,False,False,False,-0.007520315902573738,"[[737.5,620.5,849.5,746.5]]","[[737.5,620.5,850.5,747.5]]",517.1837000088999
0000530,compliant,rule_4,targeted,-1,beam,1000,1000,"[738, 620, 850, 748]","[738, 620, 850, 748]",0.014336,0.014336,1.0,hazard,hazard,False,False,0.005396433795504646,0.31630404676513385,False,False,False,-0.18031574067033107,"[[0.5,0.5,770.5,998.5]]","[[2.5,0.5,770.5,998.5]]",559.9761000048602
0000545,ppe_violation,rule_1,random_matched,42,beam,1200,900,"[791, 515, 903, 612]","[616, 646, 728, 743]",0.010059259259259259,0.010059259259259259,0.0,compliant,compliant,False,False,1.0,0.0,False,False,False,-0.001591184176504612,"[[693.0,516.1499633789062,987.0000610351562,898.6499633789062]]","[[791.4000244140625,515.25,903.0000610351562,612.4500122070312]]",460.56180000596214
0000545,ppe_violation,rule_1,random_matched,43,beam,1200,900,"[791, 515, 903, 612]","[662, 225, 774, 322]",0.010059259259259259,0.010059259259259259,0.0,compliant,compliant,False,False,1.0,0.0,False,False,False,-0.00010484403797561548,"[[691.800048828125,516.1499633789062,985.800048828125,898.6499633789062]]","[[791.4000244140625,515.25,903.0000610351562,612.4500122070312]]",523.1360000034329
0000545,ppe_violation,rule_1,random_matched,44,beam,1200,900,"[791, 515, 903, 612]","[860, 643, 972, 740]",0.010059259259259259,0.010059259259259259,0.0,compliant,compliant,False,False,1.0,0.0,False,False,False,0.0042449114844202995,"[[691.800048828125,516.1499633789062,987.0000610351562,898.6499633789062]]","[[791.4000244140625,515.25,903.0000610351562,612.4500122070312]]",480.9029999887571
0000545,ppe_violation,rule_1,random_matched,45,beam,1200,900,"[791, 515, 903, 612]","[772, 666, 884, 763]",0.010059259259259259,0.010059259259259259,0.0,compliant,compliant,False,False,1.0,0.0,False,False,False,0.013535601486052706,"[[691.800048828125,516.1499633789062,985.800048828125,898.6499633789062]]","[[791.4000244140625,515.25,903.0000610351562,612.4500122070312]]",412.2427999973297
0000545,ppe_violation,rule_1,random_matched,46,beam,1200,900,"[791, 515, 903, 612]","[11, 754, 123, 851]",0.010059259259259259,0.010059259259259259,0.0,compliant,compliant,False,False,1.0,0.0,False,False,False,-0.0001288126888020491,"[[691.800048828125,516.1499633789062,985.800048828125,898.6499633789062]]","[[791.4000244140625,515.25,903.0000610351562,612.4500122070312]]",537.5060999940615
0000545,ppe_violation,rule_1,targeted,-1,beam,1200,900,"[791, 515, 903, 612]","[791, 515, 903, 612]",0.010059259259259259,0.010059259259259259,1.0,compliant,violation,True,True,0.0,0.29366131777490195,False,False,False,0.041824343747326354,"[[691.800048828125,510.75,987.0000610351562,898.6499633789062]]","[[394.20001220703125,564.75,419.4000244140625,580.9500122070312]]",459.4784999935655
0000550,fall_hazard,rule_3,random_matched,42,beam,1200,900,"[1, 526, 221, 899]","[111, 120, 331, 493]",0.07598148148148148,0.07598148148148148,0.0,violation,violation,False,False,0.992205095805889,0.0005000040690611216,False,False,False,0.004100103097568697,"[[778.2000122070312,454.9499816894531,994.2000122070312,738.449951171875]]","[[0.6000000238418579,526.9500122070312,222.60000610351562,898.6499633789062]]",462.3706999991555
0000550,fall_hazard,rule_3,random_matched,43,beam,1200,900,"[1, 526, 221, 899]","[83, 101, 303, 474]",0.07598148148148148,0.07598148148148148,0.0,violation,violation,False,False,0.992205095805889,0.0005000040690611216,False,False,False,0.0029938628764025754,"[[778.2000122070312,454.9499816894531,994.2000122070312,738.449951171875]]","[[0.6000000238418579,526.9500122070312,222.60000610351562,898.6499633789062]]",528.5879000002751
0000550,fall_hazard,rule_3,random_matched,44,beam,1200,900,"[1, 526, 221, 899]","[944, 78, 1164, 451]",0.07598148148148148,0.07598148148148148,0.0,violation,violation,False,False,1.0,0.0,False,False,False,0.0016929469337421121,"[[778.2000122070312,454.9499816894531,994.2000122070312,738.449951171875]]","[[0.6000000238418579,526.0499877929688,221.40000915527344,898.6499633789062]]",437.94319999869913
0000550,fall_hazard,rule_3,random_matched,45,beam,1200,900,"[1, 526, 221, 899]","[324, 226, 544, 599]",0.07598148148148148,0.07598148148148148,0.0,violation,violation,False,False,1.0,0.0,False,False,False,0.005780429878671334,"[[778.2000122070312,454.9499816894531,994.2000122070312,738.449951171875]]","[[0.6000000238418579,526.0499877929688,221.40000915527344,898.6499633789062]]",471.36280000268016
0000550,fall_hazard,rule_3,random_matched,46,beam,1200,900,"[1, 526, 221, 899]","[527, 504, 747, 877]",0.07598148148148148,0.07598148148148148,0.0,violation,violation,False,False,0.41534989479146944,0.1036000010172526,False,False,False,0.028633563812556106,"[[778.2000122070312,454.9499816894531,994.2000122070312,738.449951171875]]","[[0.6000000238418579,526.0499877929688,532.2000122070312,898.6499633789062],[0.6000000238418579,526.0499877929688,220.20001220703125,898.6499633789062]]",550.3932999999961
0000550,fall_hazard,rule_3,targeted,-1,beam,1200,900,"[1, 526, 221, 899]","[1, 526, 221, 899]",0.07598148148148148,0.07598148148148148,1.0,violation,compliant,True,True,0.0,0.3793323212764864,False,False,False,0.028615950224256004,"[[777.0000610351562,454.9499816894531,993.0000610351562,738.449951171875]]","[[0.6000000238418579,177.75,1050.60009765625,467.54998779296875]]",443.6445999890566
0000551,compliant,rule_4,random_matched,42,beam,540,720,"[325, 0, 486, 543]","[51, 135, 212, 678]",0.22485339506172838,0.22485339506172838,0.0,safe,safe,False,False,0.9966442424815957,0.00030000474717881945,False,False,False,0.04294056913409472,[],"[[325.3500061035156,0.36000001430511475,485.7300109863281,542.52001953125]]",576.9218000059482
0000551,compliant,rule_4,random_matched,43,beam,540,720,"[325, 0, 486, 543]","[67, 168, 228, 711]",0.22485339506172838,0.22485339506172838,0.0,safe,safe,False,False,0.9966442424815957,0.00030000474717881945,False,False,False,0.018854800444227826,[],"[[325.3500061035156,0.36000001430511475,485.7300109863281,542.52001953125]]",744.7307999973418
0000551,compliant,rule_4,random_matched,44,beam,540,720,"[325, 0, 486, 543]","[166, 82, 327, 625]",0.22485339506172838,0.22485339506172838,0.005301166026540328,safe,safe,False,False,0.9966442424815957,0.00030000474717881945,False,False,False,0.014768352954942943,[],"[[325.3500061035156,0.36000001430511475,485.7300109863281,542.52001953125]]",597.7221000066493
0000551,compliant,rule_4,random_matched,45,beam,540,720,"[325, 0, 486, 543]","[101, 124, 262, 667]",0.22485339506172838,0.22485339506172838,0.0,safe,safe,False,False,0.9966442424815957,0.00030000474717881945,False,False,False,0.03545761143422532,[],"[[325.3500061035156,0.36000001430511475,485.7300109863281,542.52001953125]]",514.3568000057712
0000551,compliant,rule_4,random_matched,46,beam,540,720,"[325, 0, 486, 543]","[58, 99, 219, 642]",0.22485339506172838,0.22485339506172838,0.0,safe,safe,False,False,0.9966442424815957,0.00030000474717881945,False,False,False,0.052074138011433124,[],"[[325.3500061035156,0.36000001430511475,485.7300109863281,542.52001953125]]",564.7099000052549
0000551,compliant,rule_4,targeted,-1,beam,540,720,"[325, 0, 486, 543]","[325, 0, 486, 543]",0.22485339506172838,0.22485339506172838,1.0,safe,safe,False,False,,,True,False,False,0.0006798883279164336,[],[],641.9456000003265
0000559,compliant,rule_4,random_matched,42,beam,900,1200,"[154, 371, 561, 761]","[373, 720, 780, 1110]",0.14697222222222223,0.14697222222222223,0.024884423667966633,hazard,hazard,False,False,0.990769293369391,0.0011999918619791667,False,False,False,0.028327631098883366,"[[154.34999084472656,371.4000244140625,560.25,757.800048828125]]","[[154.34999084472656,371.4000244140625,561.1499633789062,757.800048828125]]",493.7347000086447
0000559,compliant,rule_4,random_matched,43,beam,900,1200,"[154, 371, 561, 761]","[393, 4, 800, 394]",0.14697222222222223,0.14697222222222223,0.01232158573451192,hazard,hazard,False,False,0.9863853099734893,0.0007211147693925322,False,False,False,0.014827645960308167,"[[155.25,372.6000061035156,559.3499755859375,759.0]]","[[154.34999084472656,372.6000061035156,559.3499755859375,759.0]]",563.4711999882711
0000559,compliant,rule_4,random_matched,44,beam,900,1200,"[154, 371, 561, 761]","[31, 738, 438, 1128]",0.14697222222222223,0.14697222222222223,0.021008079040806874,hazard,hazard,False,False,0.9476922450921474,0.006800008138020833,False,False,False,-0.002929877430673633,"[[154.34999084472656,371.4000244140625,560.25,741.0]]","[[154.34999084472656,371.4000244140625,561.1499633789062,741.0]]",560.0245999958133
0000559,compliant,rule_4,random_matched,45,beam,900,1200,"[154, 371, 561, 761]","[442, 91, 849, 481]",0.14697222222222223,0.14697222222222223,0.04300686664257319,hazard,hazard,False,False,0.8844384478472717,0.015305215768495969,False,False,False,0.05482113396837596,"[[155.25,371.4000244140625,514.3499755859375,759.0]]","[[154.34999084472656,371.4000244140625,515.25,760.2000122070312]]",455.10180000565015
0000559,compliant,rule_4,random_matched,46,beam,900,1200,"[154, 371, 561, 761]","[228, 799, 635, 1189]",0.14697222222222223,0.14697222222222223,0.0,hazard,hazard,False,False,0.9947175532601058,0.0004999959311385962,False,False,False,0.018093583129701107,"[[155.25,371.4000244140625,560.25,759.0]]","[[154.34999084472656,371.4000244140625,560.25,760.2000122070312]]",516.7909999872791
0000559,compliant,rule_4,targeted,-1,beam,900,1200,"[154, 371, 561, 761]","[154, 371, 561, 761]",0.14697222222222223,0.14697222222222223,1.0,hazard,safe,True,True,0.0,0.3698411747549514,False,False,False,0.047984019035566705,"[[820.3499755859375,867.0000610351562,898.6499633789062,1071.0]]","[[0.44999998807907104,934.2000122070312,233.54998779296875,1198.2000732421875]]",567.480700003216
0000568,compliant,rule_1,random_matched,42,beam,1024,768,"[443, 143, 503, 184]","[585, 152, 645, 193]",0.0031280517578125,0.0031280517578125,0.0,compliant,compliant,False,False,0.9645028031004691,0.0004999971389997883,False,False,False,-0.006832746057105932,"[[421.3760070800781,144.0,537.0880126953125,475.00799560546875]]","[[443.9040222167969,143.23199462890625,503.2960205078125,183.16799926757812]]",466.5571999939857
0000568,compliant,rule_1,random_matched,43,beam,1024,768,"[443, 143, 503, 184]","[347, 679, 407, 720]",0.0031280517578125,0.0031280517578125,0.0,compliant,compliant,False,False,1.0,0.0,False,False,False,-0.0004009052312800021,"[[421.3760070800781,144.0,537.0880126953125,475.00799560546875]]","[[442.8800354003906,143.23199462890625,503.2960205078125,183.93600463867188]]",398.7137999938568
0000568,compliant,rule_1,random_matched,44,beam,1024,768,"[443, 143, 503, 184]","[911, 200, 971, 241]",0.0031280517578125,0.0031280517578125,0.0,compliant,compliant,False,False,1.0,0.0,False,False,False,-0.0060935539326497645,"[[421.3760070800781,144.0,537.0880126953125,475.00799560546875]]","[[442.8800354003906,143.23199462890625,503.2960205078125,183.93600463867188]]",545.1933000003919
0000568,compliant,rule_1,random_matched,45,beam,1024,768,"[443, 143, 503, 184]","[109, 379, 169, 420]",0.0031280517578125,0.0031280517578125,0.0,compliant,compliant,False,False,1.0,0.0,False,False,False,6.816576101953409e-05,"[[421.3760070800781,144.0,537.0880126953125,475.00799560546875]]","[[442.8800354003906,143.23199462890625,503.2960205078125,183.93600463867188]]",432.00420000357553
0000568,compliant,rule_1,random_matched,46,beam,1024,768,"[443, 143, 503, 184]","[293, 685, 353, 726]",0.0031280517578125,0.0031280517578125,0.0,compliant,compliant,False,False,1.0,0.0,False,False,False,0.000482872061963624,"[[421.3760070800781,144.0,537.0880126953125,475.00799560546875]]","[[442.8800354003906,143.23199462890625,503.2960205078125,183.93600463867188]]",443.64720000885427
0000568,compliant,rule_1,targeted,-1,beam,1024,768,"[443, 143, 503, 184]","[443, 143, 503, 184]",0.0031280517578125,0.0031280517578125,1.0,compliant,compliant,False,False,0.0,0.11030979961191575,False,False,False,0.02477519194196376,"[[568.83203125,172.41600036621094,682.4960327148438,485.760009765625]]","[[583.1680297851562,171.6479949951172,638.4640502929688,217.72799682617188]]",472.05889999167994
0000606,fall_hazard,rule_3,random_matched,42,beam,1200,900,"[1, 292, 610, 899]","[520, 53, 1129, 660]",0.34228055555555553,0.34228055555555553,0.04689849703910757,compliant,compliant,False,False,0.7131008111707923,0.0447110661473791,False,False,False,0.00545752430999924,"[[515.4000244140625,51.75,1134.60009765625,664.6499633789062]]","[[0.6000000238418579,394.6499938964844,523.800048828125,898.6499633789062]]",496.72470000223257
0000606,fall_hazard,rule_3,random_matched,43,beam,1200,900,"[1, 292, 610, 899]","[578, 202, 1187, 809]",0.34228055555555553,0.34228055555555553,0.022889335927015336,compliant,compliant,False,False,0.8418304049802403,0.025059928009912552,False,False,False,-0.015087452085156494,"[[526.2000122070312,134.5500030517578,768.6000366210938,283.9499816894531]]","[[0.6000000238418579,360.4499816894531,579.0,898.6499633789062]]",556.1490999971284
0000606,fall_hazard,rule_3,random_matched,44,beam,1200,900,"[1, 292, 610, 899]","[577, 160, 1186, 767]",0.34228055555555553,0.34228055555555553,0.021660994042708433,compliant,compliant,False,False,0.8386791267742207,0.025499991143920212,False,False,False,0.012268315834392363,"[[525.0,134.5500030517578,651.0,283.04998779296875]]","[[0.6000000238418579,361.3499755859375,577.800048828125,898.6499633789062]]",506.86759999371134
0000606,fall_hazard,rule_3,random_matched,45,beam,1200,900,"[1, 292, 610, 899]","[541, 104, 1150, 711]",0.34228055555555553,0.34228055555555553,0.040695931251451614,compliant,compliant,False,False,0.7475203730275611,0.0394118019514034,False,False,False,0.009128394902550796,"[[537.0,103.04999542236328,1156.2000732421875,715.0499877929688]]","[[0.6000000238418579,390.1499938964844,544.2000122070312,898.6499633789062]]",423.33140000118874
0000606,fall_hazard,rule_3,random_matched,46,beam,1200,900,"[1, 292, 610, 899]","[580, 124, 1189, 731]",0.34228055555555553,0.34228055555555553,0.0181365987473766,compliant,compliant,False,False,0.9533740003549227,0.009204881804769896,False,False,False,0.06377036881721798,"[[525.0,134.5500030517578,585.0,286.6499938964844]]","[[0.6000000238418579,291.1499938964844,582.6000366210938,898.6499633789062],[0.6000000238418579,337.04998779296875,567.0,426.1499938964844]]",591.568499992718
0000606,fall_hazard,rule_3,targeted,-1,beam,1200,900,"[1, 292, 610, 899]","[1, 292, 610, 899]",0.34228055555555553,0.34228055555555553,1.0,compliant,compliant,False,False,0.0,0.3389273980722939,False,False,False,0.043817055245329195,"[[658.2000122070312,409.9499816894531,684.6000366210938,463.9499816894531]]","[[717.0,348.75,909.0000610351562,898.6499633789062]]",520.8075999980792
0000613,compliant,rule_4,random_matched,42,beam,1200,900,"[335, 190, 701, 566]","[746, 233, 1112, 609]",0.12742222222222221,0.12742222222222221,0.0,safe,safe,False,False,0.9976075905864871,0.00030000813802083336,False,False,False,0.03103129707404184,[],"[[335.4000244140625,190.34999084472656,701.4000244140625,566.5499877929688]]",571.257899995544
0000613,compliant,rule_4,random_matched,43,beam,1200,900,"[335, 190, 701, 566]","[655, 92, 1021, 468]",0.12742222222222221,0.12742222222222221,0.04872658548109311,safe,safe,False,False,0.9737705585083675,0.0031999918619791665,False,False,False,0.04158010768393683,[],"[[335.4000244140625,190.34999084472656,691.800048828125,565.6499633789062]]",614.5124000031501
0000613,compliant,rule_4,random_matched,44,beam,1200,900,"[335, 190, 701, 566]","[652, 79, 1018, 455]",0.12742222222222221,0.12742222222222221,0.049514389106453074,safe,safe,False,False,0.97704911362278,0.002800008138020833,False,False,False,0.03212333351182628,[],"[[335.4000244140625,190.34999084472656,693.0,565.6499633789062]]",559.5109999994747
0000613,compliant,rule_4,random_matched,45,beam,1200,900,"[335, 190, 701, 566]","[17, 372, 383, 748]",0.12742222222222221,0.12742222222222221,0.035018050541516244,safe,safe,False,False,0.9618210461964523,0.004410220027412119,False,False,False,0.03291325466946149,[],"[[347.4000244140625,190.34999084472656,702.6000366210938,566.5499877929688]]",608.8281000120332
0000613,compliant,rule_4,random_matched,46,beam,1200,900,"[335, 190, 701, 566]","[767, 440, 1133, 816]",0.12742222222222221,0.12742222222222221,0.0,safe,safe,False,False,0.9943445124376195,0.0005000081380373899,False,False,False,0.030362214622461914,[],"[[335.4000244140625,190.34999084472656,700.2000122070312,566.5499877929688]]",568.5837999917567
0000613,compliant,rule_4,targeted,-1,beam,1200,900,"[335, 190, 701, 566]","[335, 190, 701, 566]",0.12742222222222221,0.12742222222222221,1.0,safe,hazard,True,True,0.9538539690599795,0.0015000152588235554,False,False,False,-0.06969444436204231,"[[330.6000061035156,188.54998779296875,705.0,571.0499877929688]]","[[330.6000061035156,188.54998779296875,706.2000122070312,571.9500122070312]]",595.6592000002274
0000623,ppe_violation,rule_1,random_matched,42,beam,1280,960,"[812, 138, 883, 191]","[66, 743, 137, 796]",0.0030623372395833333,0.0030623372395833333,0.0,compliant,compliant,False,False,1.0,0.0,False,False,False,0.0002532206874873433,"[[423.03997802734375,128.16000366210938,725.1199951171875,482.3999938964844]]","[[812.1599731445312,137.75999450683594,882.5599975585938,190.55999755859375]]",431.16079999890644
0000623,ppe_violation,rule_1,random_matched,43,beam,1280,960,"[812, 138, 883, 191]","[664, 900, 735, 953]",0.0030623372395833333,0.0030623372395833333,0.0,compliant,compliant,False,False,1.0,0.0,False,False,False,2.5703904352081253e-05,"[[423.03997802734375,128.16000366210938,725.1199951171875,482.3999938964844]]","[[812.1599731445312,137.75999450683594,882.5599975585938,190.55999755859375]]",473.22189999977127
0000623,ppe_violation,rule_1,random_matched,44,beam,1280,960,"[812, 138, 883, 191]","[334, 846, 405, 899]",0.0030623372395833333,0.0030623372395833333,0.0,compliant,compliant,False,False,1.0,0.0,False,False,False,0.00034437840804457664,"[[423.03997802734375,128.16000366210938,725.1199951171875,482.3999938964844]]","[[812.1599731445312,137.75999450683594,882.5599975585938,190.55999755859375]]",517.4171999969985
0000623,ppe_violation,rule_1,random_matched,45,beam,1280,960,"[812, 138, 883, 191]","[1156, 271, 1227, 324]",0.0030623372395833333,0.0030623372395833333,0.0,compliant,compliant,False,False,1.0,0.0,False,False,False,0.0026489115054053602,"[[423.03997802734375,128.16000366210938,725.1199951171875,482.3999938964844]]","[[812.1599731445312,137.75999450683594,882.5599975585938,190.55999755859375]]",501.38719999813475
0000623,ppe_violation,rule_1,random_matched,46,beam,1280,960,"[812, 138, 883, 191]","[689, 101, 760, 154]",0.0030623372395833333,0.0030623372395833333,0.0,compliant,compliant,False,False,1.0,0.0,False,False,False,0.00033273501321673393,"[[423.03997802734375,128.16000366210938,725.1199951171875,482.3999938964844]]","[[812.1599731445312,137.75999450683594,882.5599975585938,190.55999755859375]]",522.5500999949872
0000623,ppe_violation,rule_1,targeted,-1,beam,1280,960,"[812, 138, 883, 191]","[812, 138, 883, 191]",0.0030623372395833333,0.0030623372395833333,1.0,compliant,compliant,False,False,0.6265538162791203,0.0031240944488964153,False,False,False,-0.04701257317460006,"[[423.03997802734375,128.16000366210938,725.1199951171875,482.3999938964844]]","[[807.0399780273438,133.9199981689453,894.0799560546875,202.0800018310547]]",474.49500000220723
0000625,compliant,rule_3,random_matched,42,beam,1920,1080,"[1, 1, 1917, 1078]","[4, 3, 1920, 1080]",0.9951446759259259,0.9951446759259259,0.9931835820628816,compliant,violation,True,True,,,True,False,False,-0.2737787752702232,"[[0.9599999785423279,0.5400000214576721,1917.1199951171875,1078.3800048828125]]",[],754.9419999995735
0000625,compliant,rule_3,random_matched,43,beam,1920,1080,"[1, 1, 1917, 1078]","[4, 3, 1920, 1080]",0.9951446759259259,0.9951446759259259,0.9931835820628816,compliant,violation,True,True,,,True,False,False,-0.2737787752702232,"[[0.9599999785423279,0.5400000214576721,1917.1199951171875,1078.3800048828125]]",[],719.0900999994483
0000625,compliant,rule_3,random_matched,44,beam,1920,1080,"[1, 1, 1917, 1078]","[4, 3, 1920, 1080]",0.9951446759259259,0.9951446759259259,0.9931835820628816,compliant,violation,True,True,,,True,False,False,-0.2737787752702232,"[[0.9599999785423279,0.5400000214576721,1917.1199951171875,1078.3800048828125]]",[],730.569999999716
0000625,compliant,rule_3,random_matched,45,beam,1920,1080,"[1, 1, 1917, 1078]","[4, 3, 1920, 1080]",0.9951446759259259,0.9951446759259259,0.9931835820628816,compliant,violation,True,True,,,True,False,False,-0.2737787752702232,"[[0.9599999785423279,0.5400000214576721,1917.1199951171875,1078.3800048828125]]",[],743.0172000022139
0000625,compliant,rule_3,random_matched,46,beam,1920,1080,"[1, 1, 1917, 1078]","[4, 3, 1920, 1080]",0.9951446759259259,0.9951446759259259,0.9931835820628816,compliant,violation,True,True,,,True,False,False,-0.2737787752702232,"[[0.9599999785423279,0.5400000214576721,1917.1199951171875,1078.3800048828125]]",[],686.296100000618
0000625,compliant,rule_3,targeted,-1,beam,1920,1080,"[1, 1, 1917, 1078]","[1, 1, 1917, 1078]",0.9951446759259259,0.9951446759259259,1.0,compliant,violation,True,True,,,True,False,False,-0.2319158412983794,"[[0.9599999785423279,0.5400000214576721,1917.1199951171875,1078.3800048828125]]",[],802.8577000077348
0000626,fall_hazard,rule_3,random_matched,42,beam,1200,900,"[1, 251, 353, 446]","[344, 428, 696, 623]",0.06355555555555556,0.06355555555555556,0.001181464140375443,violation,violation,False,False,1.0,0.0,False,False,False,-0.003791097418538225,"[[694.2000122070312,418.9499816894531,753.0,522.4500122070312]]","[[0.6000000238418579,250.64999389648438,353.4000244140625,445.9499816894531]]",540.4694000026211
0000626,fall_hazard,rule_3,random_matched,43,beam,1200,900,"[1, 251, 353, 446]","[211, 613, 563, 808]",0.06355555555555556,0.06355555555555556,0.0,violation,violation,False,False,1.0,0.0,False,False,False,0.004768755619547205,"[[689.4000244140625,419.8499755859375,754.2000122070312,522.4500122070312]]","[[0.6000000238418579,250.64999389648438,353.4000244140625,445.9499816894531]]",547.1362999960547
0000626,fall_hazard,rule_3,random_matched,44,beam,1200,900,"[1, 251, 353, 446]","[609, 663, 961, 858]",0.06355555555555556,0.06355555555555556,0.0,violation,violation,False,False,1.0,0.0,False,False,False,0.003909472642200318,"[[689.4000244140625,419.8499755859375,754.2000122070312,522.4500122070312]]","[[0.6000000238418579,250.64999389648438,353.4000244140625,445.9499816894531]]",476.47150000557303
0000626,fall_hazard,rule_3,random_matched,45,beam,1200,900,"[1, 251, 353, 446]","[620, 247, 972, 442]",0.06355555555555556,0.06355555555555556,0.0,violation,compliant,True,True,0.0,0.4720443459089664,False,False,False,-0.0631425970544417,"[[635.4000244140625,537.75,675.0,602.5499877929688]]","[[418.20001220703125,439.6499938964844,1198.2000732421875,898.6499633789062],[418.20001220703125,439.6499938964844,905.4000244140625,898.6499633789062]]",585.7522000005702
0000626,fall_hazard,rule_3,random_matched,46,beam,1200,900,"[1, 251, 353, 446]","[641, 272, 993, 467]",0.06355555555555556,0.06355555555555556,0.0,violation,violation,False,False,1.0,0.0,False,False,False,-0.03834604771275607,"[[635.4000244140625,536.8499755859375,676.2000122070312,602.5499877929688]]","[[0.6000000238418579,250.64999389648438,353.4000244140625,445.9499816894531]]",534.7288000048138
0000626,fall_hazard,rule_3,targeted,-1,beam,1200,900,"[1, 251, 353, 446]","[1, 251, 353, 446]",0.06355555555555556,0.06355555555555556,1.0,violation,compliant,True,True,0.0,0.3640212233897368,False,False,False,-0.04654892803435873,"[[688.2000122070312,418.9499816894531,754.2000122070312,522.4500122070312]]","[[418.20001220703125,344.25,881.4000244140625,898.6499633789062]]",459.4848999986425
0000632,compliant,rule_3,random_matched,42,beam,1200,800,"[1, 483, 1198, 799]","[0, 155, 1197, 471]",0.3940125,0.3940125,0.0,compliant,compliant,False,False,0.9657701319260428,0.0038829056056032475,False,False,False,-0.010606359723689396,"[[1050.60009765625,488.3999938964844,1152.60009765625,725.2000122070312]]","[[0.6000000238418579,471.6000061035156,1198.2000732421875,798.7999877929688]]",449.22829999995884
0000632,compliant,rule_3,random_matched,43,beam,1200,800,"[1, 483, 1198, 799]","[2, 32, 1199, 348]",0.3940125,0.3940125,0.0,compliant,compliant,False,False,0.9898734746883222,0.001109394044410493,False,False,False,-0.005124495065371937,"[[558.6000366210938,435.6000061035156,634.2000122070312,570.0]]","[[0.6000000238418579,486.0,1198.2000732421875,798.7999877929688]]",458.0303999973694
0000632,compliant,rule_3,random_matched,44,beam,1200,800,"[1, 483, 1198, 799]","[3, 39, 1200, 355]",0.3940125,0.3940125,0.0,compliant,compliant,False,False,0.9974683928157366,0.00027734586608597103,False,False,False,-0.004080439817958692,"[[558.6000366210938,435.6000061035156,634.2000122070312,570.0]]","[[0.6000000238418579,483.6000061035156,1198.2000732421875,798.7999877929688]]",499.38120000297204
0000632,compliant,rule_3,random_matched,45,beam,1200,800,"[1, 483, 1198, 799]","[1, 6, 1198, 322]",0.3940125,0.3940125,0.0,compliant,compliant,False,False,0.6616415109626864,0.05602472193476146,False,False,False,0.0293615403740356,"[[559.800048828125,435.6000061035156,631.800048828125,566.7999877929688]]","[[0.6000000238418579,321.20001220703125,1198.2000732421875,798.7999877929688]]",502.08969999221154
0000632,compliant,rule_3,random_matched,46,beam,1200,800,"[1, 483, 1198, 799]","[3, 11, 1200, 327]",0.3940125,0.3940125,0.0,compliant,compliant,False,False,1.0,0.0,False,False,False,-0.010679415526932967,"[[558.6000366210938,435.6000061035156,634.2000122070312,570.0]]","[[0.6000000238418579,482.8000183105469,1198.2000732421875,798.7999877929688]]",474.9783000006573
0000632,compliant,rule_3,targeted,-1,beam,1200,800,"[1, 483, 1198, 799]","[1, 483, 1198, 799]",0.3940125,0.3940125,1.0,compliant,compliant,False,False,0.023752969982046457,0.11399088609225794,False,False,False,-0.024172993277066568,"[[561.0,435.6000061035156,630.6000366210938,490.0]]","[[0.6000000238418579,462.0,1198.2000732421875,490.8000183105469]]",439.9124000046868
0000641,ppe_violation,rule_1,random_matched,42,beam,1200,675,"[986, 266, 1090, 366]","[1000, 9, 1104, 109]",0.012839506172839505,0.012839506172839505,0.0,violation,violation,False,False,1.0,0.0,False,False,False,-0.009054836883608752,"[[177.0,212.28750610351562,388.20001220703125,673.9874877929688]]","[[985.800048828125,265.6125183105469,1090.2000732421875,365.51251220703125]]",499.2147000011755
0000641,ppe_violation,rule_1,random_matched,43,beam,1200,675,"[986, 266, 1090, 366]","[742, 557, 846, 657]",0.012839506172839505,0.012839506172839505,0.0,violation,violation,False,False,1.0,0.0,False,False,False,-0.004044766537845135,"[[177.0,212.28750610351562,388.20001220703125,673.9874877929688]]","[[985.800048828125,265.6125183105469,1090.2000732421875,365.51251220703125]]",456.8314000061946
0000641,ppe_violation,rule_1,random_matched,44,beam,1200,675,"[986, 266, 1090, 366]","[903, 338, 1007, 438]",0.012839506172839505,0.012839506172839505,0.02909162873540471,violation,violation,False,False,0.7591637513295757,0.008089308237436378,False,False,False,-0.007162419946065923,"[[177.0,212.28750610351562,388.20001220703125,673.9874877929688]]","[[987.0000610351562,265.6125183105469,1089.0,343.2375183105469]]",448.9342000015313
0000641,ppe_violation,rule_1,random_matched,45,beam,1200,675,"[986, 266, 1090, 366]","[704, 11, 808, 111]",0.012839506172839505,0.012839506172839505,0.0,violation,violation,False,False,1.0,0.0,False,False,False,-0.012714676625494414,"[[177.0,212.28750610351562,388.20001220703125,673.9874877929688]]","[[985.800048828125,265.6125183105469,1090.2000732421875,365.51251220703125]]",437.7066000015475
0000641,ppe_violation,rule_1,random_matched,46,beam,1200,675,"[986, 266, 1090, 366]","[930, 3, 1034, 103]",0.012839506172839505,0.012839506172839505,0.0,violation,violation,False,False,1.0,0.0,False,False,False,-0.010374139528721571,"[[177.0,212.28750610351562,388.20001220703125,673.9874877929688]]","[[985.800048828125,265.6125183105469,1090.2000732421875,365.51251220703125]]",477.4430000106804
0000641,ppe_violation,rule_1,targeted,-1,beam,1200,675,"[986, 266, 1090, 366]","[986, 266, 1090, 366]",0.012839506172839505,0.012839506172839505,1.0,violation,compliant,True,True,0.0,0.49604148921143826,False,False,False,-0.03167820229594187,"[[177.0,212.28750610351562,388.20001220703125,673.9874877929688]]","[[335.4000244140625,219.71250915527344,382.20001220703125,268.3125]]",476.52240000024904
0000642,compliant,rule_2,random_matched,42,beam,1200,674,"[439, 232, 495, 420]","[883, 266, 939, 454]",0.013016815034619189,0.013016815034619189,0.0,compliant,violation,True,True,,,True,False,False,-0.020156360098293913,"[[436.20001220703125,232.19300842285156,499.8000183105469,419.56500244140625]]",[],578.259000001708
0000642,compliant,rule_2,random_matched,43,beam,1200,674,"[439, 232, 495, 420]","[1105, 342, 1161, 530]",0.013016815034619189,0.013016815034619189,0.0,compliant,violation,True,True,,,True,False,False,-0.022790491314871097,"[[436.20001220703125,232.19300842285156,499.8000183105469,419.56500244140625]]",[],561.7219999985537
0000642,compliant,rule_2,random_matched,44,beam,1200,674,"[439, 232, 495, 420]","[800, 305, 856, 493]",0.013016815034619189,0.013016815034619189,0.0,compliant,violation,True,True,,,True,False,False,-0.01775649828570236,"[[436.20001220703125,232.19300842285156,499.8000183105469,419.56500244140625]]",[],569.3119000061415
0000642,compliant,rule_2,random_matched,45,beam,1200,674,"[439, 232, 495, 420]","[313, 261, 369, 449]",0.013016815034619189,0.013016815034619189,0.0,compliant,violation,True,True,,,True,False,False,-0.019547805323132494,"[[436.20001220703125,232.19300842285156,499.8000183105469,419.56500244140625]]",[],532.9453000013018
0000642,compliant,rule_2,random_matched,46,beam,1200,674,"[439, 232, 495, 420]","[969, 445, 1025, 633]",0.013016815034619189,0.013016815034619189,0.0,compliant,violation,True,True,,,True,False,False,-0.01892449946275776,"[[436.20001220703125,232.19300842285156,499.8000183105469,419.56500244140625]]",[],554.0285000024596
0000642,compliant,rule_2,targeted,-1,beam,1200,674,"[439, 232, 495, 420]","[439, 232, 495, 420]",0.013016815034619189,0.013016815034619189,1.0,compliant,violation,True,False,,,True,True,True,-0.1440061593203099,[],[],694.7239000000991
0000745,compliant,rule_3,random_matched,42,beam,1200,900,"[135, 237, 1106, 765]","[0, 0, 971, 528]",0.4747111111111111,0.4747111111111111,0.3110548523206751,compliant,compliant,False,False,0.45481205026522825,0.09450339620848848,False,False,False,0.014983817236497998,"[[132.60000610351562,488.25,1104.60009765625,764.5499877929688]]","[[133.8000030517578,522.4500122070312,1104.60009765625,762.75]]",468.8291000056779
0000745,compliant,rule_3,random_matched,43,beam,1200,900,"[135, 237, 1106, 765]","[0, 0, 971, 528]",0.4747111111111111,0.4747111111111111,0.3110548523206751,compliant,compliant,False,False,0.45481205026522825,0.09450339620848848,False,False,False,0.014983817236497998,"[[132.60000610351562,488.25,1104.60009765625,764.5499877929688]]","[[133.8000030517578,522.4500122070312,1104.60009765625,762.75]]",464.59600000525825
0000745,compliant,rule_3,random_matched,44,beam,1200,900,"[135, 237, 1106, 765]","[0, 0, 971, 528]",0.4747111111111111,0.4747111111111111,0.3110548523206751,compliant,compliant,False,False,0.45481205026522825,0.09450339620848848,False,False,False,0.014983817236497998,"[[132.60000610351562,488.25,1104.60009765625,764.5499877929688]]","[[133.8000030517578,522.4500122070312,1104.60009765625,762.75]]",441.5877999999793
0000745,compliant,rule_3,random_matched,45,beam,1200,900,"[135, 237, 1106, 765]","[0, 0, 971, 528]",0.4747111111111111,0.4747111111111111,0.3110548523206751,compliant,compliant,False,False,0.45481205026522825,0.09450339620848848,False,False,False,0.014983817236497998,"[[132.60000610351562,488.25,1104.60009765625,764.5499877929688]]","[[133.8000030517578,522.4500122070312,1104.60009765625,762.75]]",451.6144999943208
0000745,compliant,rule_3,random_matched,46,beam,1200,900,"[135, 237, 1106, 765]","[0, 0, 971, 528]",0.4747111111111111,0.4747111111111111,0.3110548523206751,compliant,compliant,False,False,0.45481205026522825,0.09450339620848848,False,False,False,0.014983817236497998,"[[132.60000610351562,488.25,1104.60009765625,764.5499877929688]]","[[133.8000030517578,522.4500122070312,1104.60009765625,762.75]]",473.3960000012303
0000745,compliant,rule_3,targeted,-1,beam,1200,900,"[135, 237, 1106, 765]","[135, 237, 1106, 765]",0.4747111111111111,0.4747111111111111,1.0,compliant,violation,True,False,,,True,True,True,-0.07784710366759895,[],[],684.7965000051772
0000755,compliant,rule_1,random_matched,42,beam,1200,900,"[977, 533, 992, 547]","[727, 7, 742, 21]",0.00019444444444444443,0.00019444444444444443,0.0,compliant,compliant,False,False,1.0,0.0,False,False,False,-5.925712840892938e-05,"[[973.800048828125,532.3499755859375,995.4000244140625,580.0499877929688]]","[[977.4000244140625,533.25,991.800048828125,546.75]]",544.7524000046542
0000755,compliant,rule_1,random_matched,43,beam,1200,900,"[977, 533, 992, 547]","[928, 143, 943, 157]",0.00019444444444444443,0.00019444444444444443,0.0,compliant,compliant,False,False,1.0,0.0,False,False,False,-0.0008473154157400131,"[[973.800048828125,532.3499755859375,995.4000244140625,580.0499877929688]]","[[977.4000244140625,533.25,991.800048828125,546.75]]",437.90699999954086
0000755,compliant,rule_1,random_matched,44,beam,1200,900,"[977, 533, 992, 547]","[1156, 298, 1171, 312]",0.00019444444444444443,0.00019444444444444443,0.0,compliant,compliant,False,False,1.0,0.0,False,False,False,-0.00011276387210401584,"[[973.800048828125,532.3499755859375,995.4000244140625,580.0499877929688]]","[[977.4000244140625,533.25,991.800048828125,546.75]]",499.02210000436753
0000755,compliant,rule_1,random_matched,45,beam,1200,900,"[977, 533, 992, 547]","[239, 578, 254, 592]",0.00019444444444444443,0.00019444444444444443,0.0,compliant,compliant,False,False,1.0,0.0,False,False,False,-0.00028722520385471295,"[[973.800048828125,532.3499755859375,995.4000244140625,580.0499877929688]]","[[977.4000244140625,533.25,991.800048828125,546.75]]",525.9712999977637
0000755,compliant,rule_1,random_matched,46,beam,1200,900,"[977, 533, 992, 547]","[1168, 240, 1183, 254]",0.00019444444444444443,0.00019444444444444443,0.0,compliant,compliant,False,False,1.0,0.0,False,False,False,0.00020627331520828296,"[[973.800048828125,532.3499755859375,995.4000244140625,580.0499877929688]]","[[977.4000244140625,533.25,991.800048828125,546.75]]",502.4035999958869
0000755,compliant,rule_1,targeted,-1,beam,1200,900,"[977, 533, 992, 547]","[977, 533, 992, 547]",0.00019444444444444443,0.00019444444444444443,1.0,compliant,violation,True,True,0.0,0.13078546173773778,False,False,False,0.028060151530163613,"[[973.800048828125,527.8499755859375,1001.4000244140625,586.3499755859375]]","[[793.800048828125,465.75,807.0000610351562,479.25]]",481.513000006089
0000760,compliant,rule_1,random_matched,42,beam,1200,900,"[827, 501, 915, 564]","[901, 85, 989, 148]",0.0051333333333333335,0.0051333333333333335,0.0,compliant,compliant,False,False,1.0,0.0,False,False,False,0.0004770977954779987,"[[309.0,495.4499816894531,515.4000244140625,898.6499633789062]]","[[827.4000244140625,500.8499755859375,915.0000610351562,563.8499755859375],[685.800048828125,497.25,769.800048828125,554.8499755859375],[388.20001220703125,494.54998779296875,463.8000183105469,549.4500122070312]]",583.5131999920122
0000760,compliant,rule_1,random_matched,43,beam,1200,900,"[827, 501, 915, 564]","[626, 653, 714, 716]",0.0051333333333333335,0.0051333333333333335,0.0,compliant,compliant,False,False,1.0,0.0,False,False,False,0.004260392593486095,"[[309.0,495.4499816894531,515.4000244140625,898.6499633789062]]","[[827.4000244140625,500.8499755859375,915.0000610351562,563.8499755859375],[685.800048828125,497.25,769.800048828125,554.8499755859375],[388.20001220703125,494.54998779296875,463.8000183105469,549.4500122070312]]",575.6674000003841
0000760,compliant,rule_1,random_matched,44,beam,1200,900,"[827, 501, 915, 564]","[613, 67, 701, 130]",0.0051333333333333335,0.0051333333333333335,0.0,compliant,compliant,False,False,1.0,0.0,False,False,False,0.00100516374888171,"[[309.0,495.4499816894531,515.4000244140625,898.6499633789062]]","[[827.4000244140625,500.8499755859375,915.0000610351562,563.8499755859375],[685.800048828125,497.25,769.800048828125,554.8499755859375],[388.20001220703125,494.54998779296875,463.8000183105469,549.4500122070312]]",574.5171999878949
0000760,compliant,rule_1,random_matched,45,beam,1200,900,"[827, 501, 915, 564]","[395, 458, 483, 521]",0.0051333333333333335,0.0051333333333333335,0.0,compliant,compliant,False,False,0.0,0.2883015414274954,False,False,False,0.02716407811801358,"[[309.0,516.1499633789062,515.4000244140625,898.6499633789062]]","[[387.0000305175781,454.9499816894531,492.6000061035156,549.4500122070312]]",469.7193000029074
0000760,compliant,rule_1,random_matched,46,beam,1200,900,"[827, 501, 915, 564]","[778, 402, 866, 465]",0.0051333333333333335,0.0051333333333333335,0.0,compliant,compliant,False,False,0.9857148670014881,0.00029998779296875,False,False,False,-0.0028693524322338515,"[[309.0,495.4499816894531,515.4000244140625,898.6499633789062]]","[[827.4000244140625,500.8499755859375,915.0000610351562,562.9500122070312],[685.800048828125,496.3499755859375,769.800048828125,553.9500122070312],[388.20001220703125,494.54998779296875,463.8000183105469,548.5499877929688]]",548.1911999959266
0000760,compliant,rule_1,targeted,-1,beam,1200,900,"[827, 501, 915, 564]","[827, 501, 915, 564]",0.0051333333333333335,0.0051333333333333335,1.0,compliant,compliant,False,False,0.0,0.09573593463533604,False,False,False,-0.010895424988120794,"[[309.0,495.4499816894531,515.4000244140625,898.6499633789062]]","[[685.800048828125,496.3499755859375,769.800048828125,553.0499877929688],[388.20001220703125,493.6499938964844,463.8000183105469,547.6499633789062]]",556.800899998052
0000766,ppe_violation,rule_1,random_matched,42,beam,1200,675,"[50, 379, 74, 401]","[908, 280, 932, 302]",0.0006518518518518518,0.0006518518518518518,0.0,compliant,compliant,False,False,0.9696975094087329,0.00024512618675385513,False,False,False,0.0004364339900868597,"[[45.0,377.6625061035156,81.0,424.2375183105469]]","[[49.80000305175781,379.01251220703125,73.80000305175781,400.6125183105469]]",464.15860000706743
0000766,ppe_violation,rule_1,random_matched,43,beam,1200,675,"[50, 379, 74, 401]","[1070, 443, 1094, 465]",0.0006518518518518518,0.0006518518518518518,0.0,compliant,compliant,False,False,0.9696975094087329,0.00024512618675385513,False,False,False,0.006067316047847271,"[[45.0,377.6625061035156,81.0,424.2375183105469]]","[[49.80000305175781,379.01251220703125,73.80000305175781,400.6125183105469]]",481.13860000739805
0000766,ppe_violation,rule_1,random_matched,44,beam,1200,675,"[50, 379, 74, 401]","[1160, 591, 1184, 613]",0.0006518518518518518,0.0006518518518518518,0.0,compliant,compliant,False,False,0.9696975094087329,0.00024512618675385513,False,False,False,0.006427066400647163,"[[45.0,377.6625061035156,81.0,424.2375183105469]]","[[49.80000305175781,379.01251220703125,73.80000305175781,400.6125183105469]]",462.00949999911245
0000766,ppe_violation,rule_1,random_matched,45,beam,1200,675,"[50, 379, 74, 401]","[163, 243, 187, 265]",0.0006518518518518518,0.0006518518518518518,0.0,compliant,compliant,False,False,1.0,0.0,False,False,False,0.0013013486085193815,"[[45.0,377.6625061035156,81.0,424.2375183105469]]","[[49.80000305175781,379.01251220703125,73.80000305175781,401.2875061035156]]",531.1317000014242
0000766,ppe_violation,rule_1,random_matched,46,beam,1200,675,"[50, 379, 74, 401]","[710, 139, 734, 161]",0.0006518518518518518,0.0006518518518518518,0.0,compliant,compliant,False,False,0.9212126031124426,0.0004999980681416149,False,False,False,0.005948781900640077,"[[45.0,377.6625061035156,81.0,424.2375183105469]]","[[51.000003814697266,379.01251220703125,73.80000305175781,400.6125183105469]]",484.63389999233186
0000766,ppe_violation,rule_1,targeted,-1,beam,1200,675,"[50, 379, 74, 401]","[50, 379, 74, 401]",0.0006518518518518518,0.0006518518518518518,1.0,compliant,compliant,False,False,0.0,0.3210230364564313,False,False,False,0.05684382867600235,"[[373.8000183105469,369.5625,787.800048828125,628.7625122070312]]","[[487.8000183105469,392.51251220703125,519.0,424.9125061035156]]",457.13809999870136
0000798,compliant,rule_3,random_matched,42,beam,1200,900,"[1, 60, 1198, 363]","[2, 337, 1199, 640]",0.335825,0.335825,0.04478845893479056,violation,violation,False,False,0.9139465661146159,0.008700002034505208,False,False,False,-0.02888581442779725,"[[594.6000366210938,636.75,657.0,799.6499633789062]]","[[0.6000000238418579,59.849998474121094,1198.2000732421875,337.04998779296875]]",493.46779999905266
0000798,compliant,rule_3,random_matched,43,beam,1200,900,"[1, 60, 1198, 363]","[2, 439, 1199, 742]",0.335825,0.335825,0.0,violation,compliant,True,True,0.9910978824669243,0.0009000040690104167,False,False,False,-0.05460445592845131,"[[321.0,315.4499816894531,377.4000244140625,442.3499755859375]]","[[0.6000000238418579,59.849998474121094,1198.2000732421875,360.4499816894531]]",491.09080000198446
0000798,compliant,rule_3,random_matched,44,beam,1200,900,"[1, 60, 1198, 363]","[2, 527, 1199, 830]",0.335825,0.335825,0.0,violation,compliant,True,True,0.9910978824669243,0.0009000040690104167,False,False,False,-0.023980968166142702,"[[321.0,315.4499816894531,377.4000244140625,445.04998779296875]]","[[0.6000000238418579,59.849998474121094,1198.2000732421875,360.4499816894531]]",469.2685000045458
0000798,compliant,rule_3,random_matched,45,beam,1200,900,"[1, 60, 1198, 363]","[2, 488, 1199, 791]",0.335825,0.335825,0.0,violation,compliant,True,True,0.9851632045238462,0.0015,False,False,False,-0.02804042122858985,"[[321.0,315.4499816894531,377.4000244140625,445.04998779296875]]","[[0.6000000238418579,59.849998474121094,1198.2000732421875,358.6499938964844]]",473.64540000853594
0000798,compliant,rule_3,random_matched,46,beam,1200,900,"[1, 60, 1198, 363]","[2, 566, 1199, 869]",0.335825,0.335825,0.0,violation,compliant,True,True,0.9910978824669243,0.0009000040690104167,False,False,False,-0.02496196569076603,"[[319.8000183105469,315.4499816894531,377.4000244140625,445.04998779296875]]","[[0.6000000238418579,59.849998474121094,1198.2000732421875,360.4499816894531]]",423.37010000483133
0000798,compliant,rule_3,targeted,-1,beam,1200,900,"[1, 60, 1198, 363]","[1, 60, 1198, 363]",0.335825,0.335825,1.0,violation,compliant,True,True,0.003999158927555209,0.2863955182947574,False,False,False,0.001842189846294251,"[[594.6000366210938,618.75,659.4000244140625,800.5499877929688]]","[[202.20001220703125,359.54998779296875,1198.2000732421875,898.6499633789062]]",514.8919999919599
0000804,compliant,rule_1,random_matched,42,beam,907,765,"[527, 615, 579, 670]","[822, 315, 874, 370]",0.00412189866758905,0.00412189866758905,0.0,compliant,compliant,False,False,1.0,0.0,False,False,False,-0.009888832958845017,[],"[[527.4205322265625,615.4425048828125,579.1195068359375,669.7575073242188]]",590.2604000002611
0000804,compliant,rule_1,random_matched,43,beam,907,765,"[527, 615, 579, 670]","[805, 495, 857, 550]",0.00412189866758905,0.00412189866758905,0.0,compliant,compliant,False,False,1.0,0.0,False,False,False,-0.0018268097192049026,[],"[[527.4205322265625,615.4425048828125,579.1195068359375,669.7575073242188]]",552.4828999914462
0000804,compliant,rule_1,random_matched,44,beam,907,765,"[527, 615, 579, 670]","[829, 378, 881, 433]",0.00412189866758905,0.00412189866758905,0.0,compliant,compliant,False,False,1.0,0.0,False,False,False,-0.008964908667481897,[],"[[527.4205322265625,615.4425048828125,579.1195068359375,669.7575073242188]]",600.8405999891693
0000804,compliant,rule_1,random_matched,45,beam,907,765,"[527, 615, 579, 670]","[158, 243, 210, 298]",0.00412189866758905,0.00412189866758905,0.0,compliant,compliant,False,False,1.0,0.0,False,False,False,-0.006433197798637269,[],"[[527.4205322265625,615.4425048828125,579.1195068359375,669.7575073242188]]",556.0370000021067
0000804,compliant,rule_1,random_matched,46,beam,907,765,"[527, 615, 579, 670]","[485, 267, 537, 322]",0.00412189866758905,0.00412189866758905,0.0,compliant,compliant,False,False,1.0,0.0,False,False,False,-0.00018519528496718785,[],"[[527.4205322265625,615.4425048828125,579.1195068359375,669.7575073242188]]",597.808199992869
0000804,compliant,rule_1,targeted,-1,beam,907,765,"[527, 615, 579, 670]","[527, 615, 579, 670]",0.00412189866758905,0.00412189866758905,1.0,compliant,compliant,False,False,0.0,0.19409550426867672,False,False,False,-0.04819167419694936,[],"[[489.3265075683594,389.7674865722656,541.9324951171875,441.0224914550781]]",611.2318999948911
0000874,fall_hazard,rule_2,random_matched,42,beam,907,765,"[539, 215, 582, 246]","[47, 349, 90, 380]",0.0019211506726909801,0.0019211506726909801,0.0,compliant,compliant,False,False,1.0,0.0,False,False,False,6.759298100544875e-05,"[[462.11651611328125,214.58248901367188,610.864501953125,389.7674865722656]]","[[539.2114868164062,214.58248901367188,581.8405151367188,245.94749450683594]]",526.1075000016717
0000874,fall_hazard,rule_2,random_matched,43,beam,907,765,"[539, 215, 582, 246]","[283, 336, 326, 367]",0.0019211506726909801,0.0019211506726909801,0.0,compliant,compliant,False,False,0.0,0.07425613244015292,False,False,False,0.019205348832266766,"[[462.11651611328125,214.58248901367188,610.864501953125,389.7674865722656]]","[[480.2565002441406,254.36248779296875,610.864501953125,379.8224792480469]]",463.0151000019396
0000874,fall_hazard,rule_2,random_matched,44,beam,907,765,"[539, 215, 582, 246]","[674, 377, 717, 408]",0.0019211506726909801,0.0019211506726909801,0.0,compliant,compliant,False,False,0.0,0.07425613244015292,False,False,False,0.01646015186062355,"[[462.11651611328125,214.58248901367188,610.864501953125,389.7674865722656]]","[[480.2565002441406,254.36248779296875,610.864501953125,379.8224792480469]]",523.6953999992693
0000874,fall_hazard,rule_2,random_matched,45,beam,907,765,"[539, 215, 582, 246]","[218, 55, 261, 86]",0.0019211506726909801,0.0019211506726909801,0.0,compliant,compliant,False,False,0.0,0.33043873923698325,False,False,False,-0.10135452424631464,"[[462.11651611328125,215.3474884033203,609.95751953125,389.7674865722656]]","[[0.45350000262260437,314.7974853515625,638.0745239257812,763.8524780273438]]",556.7301999981282
0000874,fall_hazard,rule_2,random_matched,46,beam,907,765,"[539, 215, 582, 246]","[745, 262, 788, 293]",0.0019211506726909801,0.0019211506726909801,0.0,compliant,compliant,False,False,0.0,0.07425613244015292,False,False,False,0.017509339260868728,"[[462.11651611328125,214.58248901367188,610.864501953125,389.7674865722656]]","[[480.2565002441406,254.36248779296875,610.864501953125,379.8224792480469]]",478.9474999997765
0000874,fall_hazard,rule_2,targeted,-1,beam,907,765,"[539, 215, 582, 246]","[539, 215, 582, 246]",0.0019211506726909801,0.0019211506726909801,1.0,compliant,compliant,False,False,0.6146731830470424,0.002998022162274337,False,False,False,0.0064937552670016885,"[[462.11651611328125,213.052490234375,610.864501953125,389.7674865722656]]","[[536.490478515625,212.28749084472656,588.1895141601562,254.36248779296875]]",488.7064999929862
0000878,struck_by_risk,rule_4,random_matched,42,beam,900,1200,"[0, 1, 899, 1198]","[1, 3, 900, 1200]",0.9963916666666667,0.9963916666666667,0.9944527641655608,hazard,safe,True,True,,,True,False,False,0.0544987222025326,"[[0.44999998807907104,0.6000000238418579,898.6499633789062,1198.2000732421875]]",[],676.4170999958878
0000878,struck_by_risk,rule_4,random_matched,43,beam,900,1200,"[0, 1, 899, 1198]","[1, 3, 900, 1200]",0.9963916666666667,0.9963916666666667,0.9944527641655608,hazard,safe,True,True,,,True,False,False,0.0544987222025326,"[[0.44999998807907104,0.6000000238418579,898.6499633789062,1198.2000732421875]]",[],670.8489000011468
0000878,struck_by_risk,rule_4,random_matched,44,beam,900,1200,"[0, 1, 899, 1198]","[1, 3, 900, 1200]",0.9963916666666667,0.9963916666666667,0.9944527641655608,hazard,safe,True,True,,,True,False,False,0.0544987222025326,"[[0.44999998807907104,0.6000000238418579,898.6499633789062,1198.2000732421875]]",[],647.3600000026636
0000878,struck_by_risk,rule_4,random_matched,45,beam,900,1200,"[0, 1, 899, 1198]","[1, 3, 900, 1200]",0.9963916666666667,0.9963916666666667,0.9944527641655608,hazard,safe,True,True,,,True,False,False,0.0544987222025326,"[[0.44999998807907104,0.6000000238418579,898.6499633789062,1198.2000732421875]]",[],654.4305999996141
0000878,struck_by_risk,rule_4,random_matched,46,beam,900,1200,"[0, 1, 899, 1198]","[1, 3, 900, 1200]",0.9963916666666667,0.9963916666666667,0.9944527641655608,hazard,safe,True,True,,,True,False,False,0.0544987222025326,"[[0.44999998807907104,0.6000000238418579,898.6499633789062,1198.2000732421875]]",[],662.280999997165
0000878,struck_by_risk,rule_4,targeted,-1,beam,900,1200,"[0, 1, 899, 1198]","[0, 1, 899, 1198]",0.9963916666666667,0.9963916666666667,1.0,hazard,hazard,False,False,1.0,0.0,False,False,False,0.08069807405655194,"[[0.44999998807907104,0.6000000238418579,898.6499633789062,1198.2000732421875]]","[[0.44999998807907104,0.6000000238418579,898.6499633789062,1198.2000732421875]]",588.9833999972325
0000879,compliant,rule_1,random_matched,42,beam,1200,900,"[872, 378, 902, 404]","[626, 857, 656, 883]",0.0007222222222222222,0.0007222222222222222,0.0,compliant,compliant,False,False,1.0,0.0,False,False,False,0.0002729731744954833,"[[861.0000610351562,379.3499755859375,915.0000610351562,509.8499755859375]]","[[871.800048828125,378.4499816894531,901.800048828125,403.6499938964844]]",565.1559000107227
0000879,compliant,rule_1,random_matched,43,beam,1200,900,"[872, 378, 902, 404]","[33, 460, 63, 486]",0.0007222222222222222,0.0007222222222222222,0.0,compliant,compliant,False,False,1.0,0.0,False,False,False,-0.0023472262546420097,"[[861.0000610351562,379.3499755859375,915.0000610351562,509.8499755859375]]","[[871.800048828125,378.4499816894531,901.800048828125,403.6499938964844]]",548.6774000019068
0000879,compliant,rule_1,random_matched,44,beam,1200,900,"[872, 378, 902, 404]","[203, 264, 233, 290]",0.0007222222222222222,0.0007222222222222222,0.0,compliant,compliant,False,False,1.0,0.0,False,False,False,0.00015390730862119284,"[[861.0000610351562,379.3499755859375,915.0000610351562,509.8499755859375]]","[[871.800048828125,378.4499816894531,901.800048828125,403.6499938964844]]",474.06609999598004
0000879,compliant,rule_1,random_matched,45,beam,1200,900,"[872, 378, 902, 404]","[406, 590, 436, 616]",0.0007222222222222222,0.0007222222222222222,0.0,compliant,compliant,False,False,1.0,0.0,False,False,False,-0.0019799230088080044,"[[861.0000610351562,379.3499755859375,915.0000610351562,509.8499755859375]]","[[871.800048828125,378.4499816894531,901.800048828125,403.6499938964844]]",563.8091000000713
0000879,compliant,rule_1,random_matched,46,beam,1200,900,"[872, 378, 902, 404]","[73, 609, 103, 635]",0.0007222222222222222,0.0007222222222222222,0.0,compliant,compliant,False,False,1.0,0.0,False,False,False,-0.0035590276654277053,"[[861.0000610351562,379.3499755859375,915.0000610351562,509.8499755859375]]","[[871.800048828125,378.4499816894531,901.800048828125,403.6499938964844]]",472.10509999422356
0000879,compliant,rule_1,targeted,-1,beam,1200,900,"[872, 378, 902, 404]","[872, 378, 902, 404]",0.0007222222222222222,0.0007222222222222222,1.0,compliant,compliant,False,False,0.0,0.1636772938144356,False,False,False,-0.015200551200125867,"[[604.2000122070312,429.75,655.800048828125,479.25]]","[[635.4000244140625,429.75,658.2000122070312,455.8499755859375]]",468.8231000036467
0000886,compliant,rule_2,random_matched,42,beam,1200,800,"[1113, 421, 1198, 519]","[14, 419, 99, 517]",0.008677083333333334,0.008677083333333334,0.0,compliant,compliant,False,False,1.0,0.0,False,False,False,0.00012023161564544971,"[[1079.4000244140625,420.3999938964844,1198.2000732421875,521.2000122070312]]","[[1113.0,421.20001220703125,1198.2000732421875,518.7999877929688]]",508.3890999958385
0000886,compliant,rule_2,random_matched,43,beam,1200,800,"[1113, 421, 1198, 519]","[304, 279, 389, 377]",0.008677083333333334,0.008677083333333334,0.0,compliant,compliant,False,False,1.0,0.0,False,False,False,0.0024514940700359755,"[[1079.4000244140625,420.3999938964844,1198.2000732421875,521.2000122070312]]","[[1113.0,421.20001220703125,1198.2000732421875,518.7999877929688]]",531.578800000716
0000886,compliant,rule_2,random_matched,44,beam,1200,800,"[1113, 421, 1198, 519]","[47, 480, 132, 578]",0.008677083333333334,0.008677083333333334,0.0,compliant,compliant,False,False,1.0,0.0,False,False,False,0.0006598306686750322,"[[1079.4000244140625,420.3999938964844,1198.2000732421875,521.2000122070312]]","[[1113.0,421.20001220703125,1198.2000732421875,518.7999877929688]]",472.414400006528
0000886,compliant,rule_2,random_matched,45,beam,1200,800,"[1113, 421, 1198, 519]","[156, 63, 241, 161]",0.008677083333333334,0.008677083333333334,0.0,compliant,compliant,False,False,1.0,0.0,False,False,False,0.0004088523731167193,"[[1079.4000244140625,420.3999938964844,1198.2000732421875,521.2000122070312]]","[[1113.0,421.20001220703125,1198.2000732421875,518.7999877929688]]",553.0203000089386
0000886,compliant,rule_2,random_matched,46,beam,1200,800,"[1113, 421, 1198, 519]","[468, 496, 553, 594]",0.008677083333333334,0.008677083333333334,0.0,compliant,compliant,False,False,1.0,0.0,False,False,False,0.0033614172467163472,"[[1079.4000244140625,420.3999938964844,1198.2000732421875,521.2000122070312]]","[[1113.0,421.20001220703125,1198.2000732421875,518.7999877929688]]",450.71289999759756
0000886,compliant,rule_2,targeted,-1,beam,1200,800,"[1113, 421, 1198, 519]","[1113, 421, 1198, 519]",0.008677083333333334,0.008677083333333334,1.0,compliant,compliant,False,False,0.0,0.44842290918141886,False,False,False,0.10753809727196179,"[[899.4000244140625,282.0,1048.2000732421875,461.20001220703125]]","[[474.6000061035156,371.6000061035156,546.6000366210938,474.0],[936.6000366210938,332.3999938964844,1015.800048828125,414.8000183105469]]",571.3599000009708
0000889,compliant,rule_4,random_matched,42,beam,1200,900,"[255, 300, 1119, 851]","[0, 0, 864, 551]",0.4408,0.4408,0.19124850331990856,hazard,hazard,False,False,0.2631062691784978,0.2028852012415215,False,False,False,0.021097101389415673,"[[859.800048828125,366.75,1119.0,850.949951171875]]","[[859.800048828125,367.6499938964844,1119.0,851.8499755859375]]",479.1607999941334
0000889,compliant,rule_4,random_matched,43,beam,1200,900,"[255, 300, 1119, 851]","[0, 0, 864, 551]",0.4408,0.4408,0.19124850331990856,hazard,hazard,False,False,0.2631062691784978,0.2028852012415215,False,False,False,0.021097101389415673,"[[859.800048828125,366.75,1119.0,850.949951171875]]","[[859.800048828125,367.6499938964844,1119.0,851.8499755859375]]",593.301100001554
0000889,compliant,rule_4,random_matched,44,beam,1200,900,"[255, 300, 1119, 851]","[0, 0, 864, 551]",0.4408,0.4408,0.19124850331990856,hazard,hazard,False,False,0.2631062691784978,0.2028852012415215,False,False,False,0.021097101389415673,"[[859.800048828125,366.75,1119.0,850.949951171875]]","[[859.800048828125,367.6499938964844,1119.0,851.8499755859375]]",564.7661999973934
0000889,compliant,rule_4,random_matched,45,beam,1200,900,"[255, 300, 1119, 851]","[0, 0, 864, 551]",0.4408,0.4408,0.19124850331990856,hazard,hazard,False,False,0.2631062691784978,0.2028852012415215,False,False,False,0.021097101389415673,"[[859.800048828125,366.75,1119.0,850.949951171875]]","[[859.800048828125,367.6499938964844,1119.0,851.8499755859375]]",532.7121000009356
0000889,compliant,rule_4,random_matched,46,beam,1200,900,"[255, 300, 1119, 851]","[0, 0, 864, 551]",0.4408,0.4408,0.19124850331990856,hazard,hazard,False,False,0.2631062691784978,0.2028852012415215,False,False,False,0.021097101389415673,"[[859.800048828125,366.75,1119.0,850.949951171875]]","[[859.800048828125,367.6499938964844,1119.0,851.8499755859375]]",488.65130000922363
0000889,compliant,rule_4,targeted,-1,beam,1200,900,"[255, 300, 1119, 851]","[255, 300, 1119, 851]",0.4408,0.4408,1.0,hazard,hazard,False,False,0.0,0.4387889163719843,False,False,False,0.07170310081943632,"[[135.0,118.3499984741211,215.40000915527344,206.54998779296875]]","[[133.8000030517578,118.3499984741211,215.40000915527344,206.54998779296875]]",639.6978999982821
0000895,fall_hazard,rule_3,random_matched,42,beam,1200,675,"[3, 456, 391, 657]","[101, 221, 489, 422]",0.09628148148148148,0.09628148148148148,0.0,violation,violation,False,False,0.9966442041708723,0.00024513726940991596,False,False,False,0.004904679821005953,"[[619.800048828125,63.11249923706055,666.6000366210938,146.1374969482422]]","[[3.0,456.63751220703125,390.6000061035156,657.1124877929688]]",472.34839999873657
0000895,fall_hazard,rule_3,random_matched,43,beam,1200,675,"[3, 456, 391, 657]","[722, 170, 1110, 371]",0.09628148148148148,0.09628148148148148,0.0,violation,violation,False,False,1.0,0.0,False,False,False,-0.0008909172777618046,"[[619.800048828125,63.11249923706055,666.6000366210938,146.1374969482422]]","[[3.0,455.9624938964844,390.6000061035156,657.1124877929688]]",474.25939999811817
0000895,fall_hazard,rule_3,random_matched,44,beam,1200,675,"[3, 456, 391, 657]","[652, 31, 1040, 232]",0.09628148148148148,0.09628148148148148,0.0,violation,violation,False,False,1.0,0.0,False,False,False,0.008801958390644682,"[[481.8000183105469,149.5124969482422,499.8000183105469,184.6125030517578]]","[[3.0,455.9624938964844,390.6000061035156,657.1124877929688]]",523.5946999891894
0000895,fall_hazard,rule_3,random_matched,45,beam,1200,675,"[3, 456, 391, 657]","[703, 343, 1091, 544]",0.09628148148148148,0.09628148148148148,0.0,violation,violation,False,False,0.9938461540032186,0.0008715755284662242,False,False,False,0.0025145343637892337,"[[619.800048828125,63.11249923706055,666.6000366210938,146.1374969482422]]","[[0.6000000238418579,455.9624938964844,390.6000061035156,657.1124877929688]]",464.53729999484494
0000895,fall_hazard,rule_3,random_matched,46,beam,1200,675,"[3, 456, 391, 657]","[501, 442, 889, 643]",0.09628148148148148,0.09628148148148148,0.0,violation,violation,False,False,0.9938461540032186,0.0008715755284662242,False,False,False,0.002745104820600641,"[[619.800048828125,63.11249923706055,666.6000366210938,146.1374969482422]]","[[0.6000000238418579,455.9624938964844,390.6000061035156,657.1124877929688]]",506.3169999921229
0000895,fall_hazard,rule_3,targeted,-1,beam,1200,675,"[3, 456, 391, 657]","[3, 456, 391, 657]",0.09628148148148148,0.09628148148148148,1.0,violation,compliant,True,True,0.09664016856897266,0.3330065074919334,False,False,False,-0.0033721078542017224,"[[619.800048828125,63.11249923706055,667.800048828125,146.8125]]","[[0.6000000238418579,0.3375000059604645,1198.2000732421875,673.9874877929688]]",537.9603000037605
0000904,compliant,rule_2,random_matched,42,beam,1200,900,"[421, 806, 481, 871]","[3, 128, 63, 193]",0.003611111111111111,0.003611111111111111,0.0,violation,violation,False,False,1.0,0.0,False,False,False,0.019788108034325513,"[[0.6000000238418579,457.6499938964844,48.60000228881836,533.25]]","[[420.6000061035156,805.949951171875,480.6000061035156,870.75]]",505.26150000223424
0000904,compliant,rule_2,random_matched,43,beam,1200,900,"[421, 806, 481, 871]","[55, 372, 115, 437]",0.003611111111111111,0.003611111111111111,0.0,violation,violation,False,False,0.9799997965494792,0.00040000406901041666,False,False,False,0.018611993075215383,"[[0.6000000238418579,457.6499938964844,48.60000228881836,533.25]]","[[421.8000183105469,805.949951171875,480.6000061035156,870.75]]",465.55829999851994
0000904,compliant,rule_2,random_matched,44,beam,1200,900,"[421, 806, 481, 871]","[157, 450, 217, 515]",0.003611111111111111,0.003611111111111111,0.0,violation,violation,False,False,1.0,0.0,False,False,False,0.01588858071980731,"[[0.6000000238418579,457.6499938964844,48.60000228881836,533.25]]","[[420.6000061035156,805.949951171875,480.6000061035156,870.75]]",470.9257000067737
0000904,compliant,rule_2,random_matched,45,beam,1200,900,"[421, 806, 481, 871]","[1066, 21, 1126, 86]",0.003611111111111111,0.003611111111111111,0.0,violation,violation,False,False,1.0,0.0,False,False,False,0.018552622757852077,"[[0.6000000238418579,457.6499938964844,48.60000228881836,533.25]]","[[420.6000061035156,805.949951171875,480.6000061035156,870.75]]",471.47959998983424
0000904,compliant,rule_2,random_matched,46,beam,1200,900,"[421, 806, 481, 871]","[83, 138, 143, 203]",0.003611111111111111,0.003611111111111111,0.0,violation,violation,False,False,0.9799997965494792,0.00040000406901041666,False,False,False,0.01877247804908877,"[[0.6000000238418579,457.6499938964844,48.60000228881836,533.25]]","[[421.8000183105469,805.949951171875,480.6000061035156,870.75]]",486.53809999814257
0000904,compliant,rule_2,targeted,-1,beam,1200,900,"[421, 806, 481, 871]","[421, 806, 481, 871]",0.003611111111111111,0.003611111111111111,1.0,violation,violation,False,False,0.0,0.24765175727884708,False,False,False,0.006444401639912778,"[[0.6000000238418579,457.6499938964844,48.60000228881836,533.25]]","[[400.20001220703125,452.25,432.6000061035156,484.6499938964844]]",475.26390000712126
0000905,compliant,rule_3,random_matched,42,beam,1200,900,"[1, 100, 1198, 899]","[0, 0, 1197, 799]",0.8855583333333333,0.8855583333333333,0.7763767154964423,compliant,compliant,False,False,0.1251408840921364,0.23280000050862631,False,False,False,-0.22316475837285832,"[[0.6000000238418579,798.75,1198.2000732421875,898.6499633789062]]","[[0.6000000238418579,798.75,1198.2000732421875,898.6499633789062]]",547.8159000049345
0000905,compliant,rule_3,random_matched,43,beam,1200,900,"[1, 100, 1198, 899]","[0, 0, 1197, 799]",0.8855583333333333,0.8855583333333333,0.7763767154964423,compliant,compliant,False,False,0.1251408840921364,0.23280000050862631,False,False,False,-0.22316475837285832,"[[0.6000000238418579,798.75,1198.2000732421875,898.6499633789062]]","[[0.6000000238418579,798.75,1198.2000732421875,898.6499633789062]]",587.1950000000652
0000905,compliant,rule_3,random_matched,44,beam,1200,900,"[1, 100, 1198, 899]","[3, 0, 1200, 799]",0.8855583333333333,0.8855583333333333,0.7752243385388969,compliant,compliant,False,False,0.1251408840921364,0.23280000050862631,False,False,False,-0.22376225345054412,"[[0.6000000238418579,798.75,1198.2000732421875,898.6499633789062]]","[[0.6000000238418579,798.75,1198.2000732421875,898.6499633789062]]",614.9705999996513
0000905,compliant,rule_3,random_matched,45,beam,1200,900,"[1, 100, 1198, 899]","[0, 0, 1197, 799]",0.8855583333333333,0.8855583333333333,0.7763767154964423,compliant,compliant,False,False,0.1251408840921364,0.23280000050862631,False,False,False,-0.22316475837285832,"[[0.6000000238418579,798.75,1198.2000732421875,898.6499633789062]]","[[0.6000000238418579,798.75,1198.2000732421875,898.6499633789062]]",692.288299993379
0000905,compliant,rule_3,random_matched,46,beam,1200,900,"[1, 100, 1198, 899]","[0, 0, 1197, 799]",0.8855583333333333,0.8855583333333333,0.7763767154964423,compliant,compliant,False,False,0.1251408840921364,0.23280000050862631,False,False,False,-0.22316475837285832,"[[0.6000000238418579,798.75,1198.2000732421875,898.6499633789062]]","[[0.6000000238418579,798.75,1198.2000732421875,898.6499633789062]]",591.5190000087023
0000905,compliant,rule_3,targeted,-1,beam,1200,900,"[1, 100, 1198, 899]","[1, 100, 1198, 899]",0.8855583333333333,0.8855583333333333,1.0,compliant,compliant,False,False,0.9955106638751394,0.001199999491373698,False,False,False,-0.0073451138367610636,"[[811.800048828125,24.75,887.4000244140625,105.75]]","[[0.6000000238418579,96.75,1198.2000732421875,898.6499633789062]]",468.30780000891536
0000923,compliant,rule_2,random_matched,42,beam,720,576,"[559, 221, 690, 301]","[57, 454, 188, 534]",0.025270061728395063,0.025270061728395063,0.0,compliant,violation,True,True,,,True,False,False,0.003922535861209164,[],[],841.5594000107376
0000923,compliant,rule_2,random_matched,43,beam,720,576,"[559, 221, 690, 301]","[288, 377, 419, 457]",0.025270061728395063,0.025270061728395063,0.0,compliant,violation,True,True,,,True,False,False,0.0032177881266062247,[],[],783.3169999939855
0000923,compliant,rule_2,random_matched,44,beam,720,576,"[559, 221, 690, 301]","[196, 365, 327, 445]",0.025270061728395063,0.025270061728395063,0.0,compliant,violation,True,True,,,True,False,False,0.0007379542461320998,[],[],776.3571999967098
0000923,compliant,rule_2,random_matched,45,beam,720,576,"[559, 221, 690, 301]","[425, 254, 556, 334]",0.025270061728395063,0.025270061728395063,0.0,compliant,violation,True,True,,,True,False,False,0.027177239430474787,[],[],606.5299000038067
0000923,compliant,rule_2,random_matched,46,beam,720,576,"[559, 221, 690, 301]","[397, 385, 528, 465]",0.025270061728395063,0.025270061728395063,0.0,compliant,violation,True,True,,,True,False,False,0.0021725869311135515,[],[],754.9897999997484
0000923,compliant,rule_2,targeted,-1,beam,720,576,"[559, 221, 690, 301]","[559, 221, 690, 301]",0.025270061728395063,0.025270061728395063,1.0,compliant,violation,True,True,,,True,False,False,-0.08073584578808513,[],[],696.8584999995073
0000925,fall_hazard,rule_2,random_matched,42,beam,1200,900,"[207, 572, 238, 605]","[393, 754, 424, 787]",0.0009472222222222222,0.0009472222222222222,0.0,compliant,compliant,False,False,1.0,0.0,False,False,False,0.00021834046180768674,"[[163.8000030517578,571.0499877929688,239.40000915527344,691.6499633789062]]","[[207.00001525878906,571.9500122070312,238.20001220703125,605.25]]",459.0580000076443
0000925,fall_hazard,rule_2,random_matched,43,beam,1200,900,"[207, 572, 238, 605]","[1034, 298, 1065, 331]",0.0009472222222222222,0.0009472222222222222,0.0,compliant,compliant,False,False,1.0,0.0,False,False,False,7.263916943767157e-05,"[[163.8000030517578,571.0499877929688,239.40000915527344,691.6499633789062]]","[[207.00001525878906,571.9500122070312,238.20001220703125,605.25]]",491.8737999978475
0000925,fall_hazard,rule_2,random_matched,44,beam,1200,900,"[207, 572, 238, 605]","[632, 490, 663, 523]",0.0009472222222222222,0.0009472222222222222,0.0,compliant,compliant,False,False,1.0,0.0,False,False,False,-2.1848694554349457e-05,"[[163.8000030517578,571.0499877929688,239.40000915527344,691.6499633789062]]","[[207.00001525878906,571.9500122070312,238.20001220703125,605.25]]",478.2338999939384
0000925,fall_hazard,rule_2,random_matched,45,beam,1200,900,"[207, 572, 238, 605]","[662, 760, 693, 793]",0.0009472222222222222,0.0009472222222222222,0.0,compliant,compliant,False,False,1.0,0.0,False,False,False,0.0006198108728443508,"[[163.8000030517578,571.0499877929688,239.40000915527344,691.6499633789062]]","[[207.00001525878906,571.9500122070312,238.20001220703125,605.25]]",495.26569999579806
0000925,fall_hazard,rule_2,random_matched,46,beam,1200,900,"[207, 572, 238, 605]","[707, 498, 738, 531]",0.0009472222222222222,0.0009472222222222222,0.0,compliant,compliant,False,False,1.0,0.0,False,False,False,0.0003544097500188803,"[[163.8000030517578,571.0499877929688,239.40000915527344,691.6499633789062]]","[[207.00001525878906,571.9500122070312,238.20001220703125,605.25]]",488.3838999958243
0000925,fall_hazard,rule_2,targeted,-1,beam,1200,900,"[207, 572, 238, 605]","[207, 572, 238, 605]",0.0009472222222222222,0.0009472222222222222,1.0,compliant,compliant,False,False,0.0,0.036913406574862515,False,False,False,0.010992406867444515,"[[163.8000030517578,581.8499755859375,217.8000030517578,691.6499633789062]]","[[166.20001220703125,615.1499633789062,199.8000030517578,639.4500122070312]]",494.1199000022607
0000936,compliant,rule_4,random_matched,42,beam,1200,900,"[451, 175, 763, 435]","[545, 632, 857, 892]",0.07511111111111111,0.07511111111111111,0.0,safe,safe,False,False,1.0,0.0,False,False,False,0.0044167580574880905,"[[381.0,598.0499877929688,431.4000244140625,694.3499755859375],[280.20001220703125,594.4500122070312,318.6000061035156,681.75]]","[[450.6000061035156,175.04998779296875,762.6000366210938,435.1499938964844]]",555.3185000026133
0000936,compliant,rule_4,random_matched,43,beam,1200,900,"[451, 175, 763, 435]","[163, 272, 475, 532]",0.07511111111111111,0.07511111111111111,0.024708200697286645,safe,safe,False,False,0.9965517475230484,0.0002999979654947917,False,False,False,0.011362379978573589,"[[568.2000122070312,594.4500122070312,619.800048828125,685.3499755859375]]","[[450.6000061035156,175.04998779296875,762.6000366210938,436.04998779296875]]",477.49290001229383
0000936,compliant,rule_4,random_matched,44,beam,1200,900,"[451, 175, 763, 435]","[809, 435, 1121, 695]",0.07511111111111111,0.07511111111111111,0.0,safe,safe,False,False,1.0,0.0,False,False,False,0.014479182843350036,"[[382.20001220703125,598.0499877929688,431.4000244140625,694.3499755859375],[281.4000244140625,594.4500122070312,318.6000061035156,681.75]]","[[450.6000061035156,175.04998779296875,762.6000366210938,435.1499938964844]]",518.1116000021575
0000936,compliant,rule_4,random_matched,45,beam,1200,900,"[451, 175, 763, 435]","[858, 58, 1170, 318]",0.07511111111111111,0.07511111111111111,0.0,safe,safe,False,False,1.0,0.0,False,False,False,-0.02448934047586382,"[[568.2000122070312,594.4500122070312,619.800048828125,685.3499755859375]]","[[450.6000061035156,175.04998779296875,762.6000366210938,435.1499938964844]]",536.1566000065068
0000936,compliant,rule_4,random_matched,46,beam,1200,900,"[451, 175, 763, 435]","[764, 230, 1076, 490]",0.07511111111111111,0.07511111111111111,0.0,safe,safe,False,False,0.9961538074049526,0.00040000406901041666,False,False,False,-0.015569006698945231,"[[568.2000122070312,594.4500122070312,619.800048828125,685.3499755859375]]","[[450.6000061035156,175.04998779296875,761.4000244140625,435.1499938964844]]",524.956099994597
0000936,compliant,rule_4,targeted,-1,beam,1200,900,"[451, 175, 763, 435]","[451, 175, 763, 435]",0.07511111111111111,0.07511111111111111,1.0,safe,safe,False,False,0.0,0.16589212785269872,False,False,False,-0.0014120439688364295,"[[568.2000122070312,594.4500122070312,619.800048828125,685.3499755859375]]","[[766.2000122070312,271.3500061035156,940.2000122070312,405.4499816894531]]",484.4545000087237
0000940,compliant,rule_3,random_matched,42,beam,1200,900,"[1, 702, 1198, 899]","[2, 408, 1199, 605]",0.21834166666666666,0.21834166666666666,0.0,violation,compliant,True,True,0.0,0.3857999928792318,False,False,False,0.03323985330228296,"[[396.6000061035156,118.3499984741211,432.6000061035156,173.25]]","[[0.6000000238418579,145.34999084472656,1198.2000732421875,297.4499816894531]]",476.35640000225976
0000940,compliant,rule_3,random_matched,43,beam,1200,900,"[1, 702, 1198, 899]","[3, 139, 1200, 336]",0.21834166666666666,0.21834166666666666,0.0,violation,compliant,True,True,0.0969953240689874,0.3015925928948039,False,False,False,0.0006385477193232569,"[[155.40000915527344,354.1499938964844,581.4000244140625,590.8499755859375]]","[[772.2000122070312,337.04998779296875,1198.2000732421875,790.6499633789062]]",476.14850000536535
0000940,compliant,rule_3,random_matched,44,beam,1200,900,"[1, 702, 1198, 899]","[2, 62, 1199, 259]",0.21834166666666666,0.21834166666666666,0.0,violation,compliant,True,True,0.08953864952269198,0.3156593766847595,False,False,False,0.0017132198637617169,"[[155.40000915527344,354.1499938964844,581.4000244140625,590.8499755859375]]","[[772.2000122070312,260.54998779296875,1198.2000732421875,790.6499633789062]]",459.7904000111157
0000940,compliant,rule_3,random_matched,45,beam,1200,900,"[1, 702, 1198, 899]","[1, 11, 1198, 208]",0.21834166666666666,0.21834166666666666,0.0,violation,compliant,True,True,0.9954544221511994,0.00030000813802083336,False,False,False,-0.03126770946463309,"[[155.40000915527344,354.1499938964844,581.4000244140625,589.9500122070312]]","[[0.6000000238418579,700.6499633789062,1198.2000732421875,898.6499633789062]]",444.0331000078004
0000940,compliant,rule_3,random_matched,46,beam,1200,900,"[1, 702, 1198, 899]","[1, 313, 1198, 510]",0.21834166666666666,0.21834166666666666,0.0,violation,violation,False,False,0.11921866097301408,0.27629291522151317,False,False,False,0.012679290724918246,"[[396.6000061035156,118.3499984741211,431.4000244140625,173.25]]","[[773.4000244140625,509.8499755859375,1198.2000732421875,790.6499633789062]]",474.9978000036208
0000940,compliant,rule_3,targeted,-1,beam,1200,900,"[1, 702, 1198, 899]","[1, 702, 1198, 899]",0.21834166666666666,0.21834166666666666,1.0,violation,violation,False,False,0.0010713008052522471,0.3033509598476152,False,False,False,0.008977489712248876,"[[396.6000061035156,118.3499984741211,431.4000244140625,173.25]]","[[773.4000244140625,417.1499938964844,1198.2000732421875,702.449951171875]]",523.0676000064705
0000959,compliant,rule_2,random_matched,42,beam,1200,900,"[521, 196, 758, 506]","[420, 541, 657, 851]",0.06802777777777778,0.06802777777777778,0.0,violation,violation,False,False,0.994923806755073,0.00040000406901041666,False,False,False,-0.0004513129325849352,"[[269.4000244140625,490.04998779296875,389.4000244140625,708.75]]","[[521.4000244140625,195.75,756.6000366210938,506.25]]",524.5141000050353
0000959,compliant,rule_2,random_matched,43,beam,1200,900,"[521, 196, 758, 506]","[244, 370, 481, 680]",0.06802777777777778,0.06802777777777778,0.0,violation,compliant,True,True,0.9898476135101459,0.0008000081380208333,False,False,False,-0.004894085494535183,"[[783.0000610351562,423.4499816894531,807.0000610351562,481.04998779296875]]","[[521.4000244140625,195.75,755.4000244140625,506.25]]",469.14210000250023
0000959,compliant,rule_2,random_matched,44,beam,1200,900,"[521, 196, 758, 506]","[368, 521, 605, 831]",0.06802777777777778,0.06802777777777778,0.0,violation,violation,False,False,1.0,0.0,False,False,False,0.0003060995201979999,"[[269.4000244140625,490.04998779296875,373.8000183105469,708.75]]","[[521.4000244140625,195.75,757.800048828125,506.25]]",508.3159999921918
0000959,compliant,rule_2,random_matched,45,beam,1200,900,"[521, 196, 758, 506]","[768, 245, 1005, 555]",0.06802777777777778,0.06802777777777778,0.0,violation,violation,False,False,0.9898476135101459,0.0008000081380208333,False,False,False,-0.005209793336689472,"[[269.4000244140625,490.04998779296875,390.6000061035156,709.6499633789062]]","[[521.4000244140625,195.75,755.4000244140625,506.25]]",485.61949998838827
0000959,compliant,rule_2,random_matched,46,beam,1200,900,"[521, 196, 758, 506]","[42, 261, 279, 571]",0.06802777777777778,0.06802777777777778,0.0,violation,violation,False,False,0.9971098461331905,0.0002999979654947917,False,False,False,-0.0022080837349806037,"[[270.6000061035156,490.04998779296875,390.6000061035156,709.6499633789062]]","[[521.4000244140625,195.75,757.800048828125,507.1499938964844]]",493.38479999278206
0000959,compliant,rule_2,targeted,-1,beam,1200,900,"[521, 196, 758, 506]","[521, 196, 758, 506]",0.06802777777777778,0.06802777777777778,1.0,violation,compliant,True,True,0.0,0.22969687861291382,False,False,False,-0.012068403485630208,"[[269.4000244140625,490.04998779296875,390.6000061035156,709.6499633789062]]","[[312.6000061035156,490.9499816894531,357.0,532.3499755859375]]",535.1777000032598
0000991,fall_hazard,rule_3,random_matched,42,beam,1200,900,"[577, 538, 961, 899]","[268, 260, 652, 621]",0.12835555555555556,0.12835555555555556,0.022968530346132984,compliant,compliant,False,False,0.8777587922491641,0.014827327675486885,False,False,False,-0.06019337468647534,"[[797.4000244140625,275.8500061035156,862.2000122070312,383.8499755859375]]","[[621.0,540.4500122070312,960.6000366210938,898.6499633789062]]",499.3670999974711
0000991,fall_hazard,rule_3,random_matched,43,beam,1200,900,"[577, 538, 961, 899]","[212, 522, 596, 883]",0.12835555555555556,0.12835555555555556,0.02421562434196673,compliant,compliant,False,False,0.9164589141524966,0.010404329738688768,False,False,False,-0.023918347000809748,"[[797.4000244140625,275.8500061035156,862.2000122070312,384.75]]","[[607.800048828125,538.6499633789062,960.6000366210938,898.6499633789062]]",474.43139999813866
0000991,fall_hazard,rule_3,random_matched,44,beam,1200,900,"[577, 538, 961, 899]","[263, 325, 647, 686]",0.12835555555555556,0.12835555555555556,0.038817781241569496,compliant,compliant,False,False,0.8519794233316612,0.01840978394378391,False,False,False,-0.04141428963547311,"[[798.6000366210938,275.8500061035156,862.2000122070312,383.8499755859375]]","[[631.800048828125,539.5499877929688,960.6000366210938,898.6499633789062]]",464.77690000028815
0000991,fall_hazard,rule_3,random_matched,45,beam,1200,900,"[577, 538, 961, 899]","[811, 129, 1195, 490]",0.12835555555555556,0.12835555555555556,0.0,compliant,compliant,False,False,0.613091187604005,0.0747000020345052,False,False,False,-0.00047715061477249243,"[[757.800048828125,283.9499816894531,813.0000610351562,397.3499755859375]]","[[575.4000244140625,313.6499938964844,961.800048828125,898.6499633789062]]",488.1847999931779
0000991,fall_hazard,rule_3,random_matched,46,beam,1200,900,"[577, 538, 961, 899]","[431, 219, 815, 580]",0.12835555555555556,0.12835555555555556,0.037402900633110324,compliant,compliant,False,False,0.8822319935489339,0.013523682208218996,False,False,False,-0.11058487370610237,"[[813.0000610351562,276.75,859.800048828125,381.1499938964844]]","[[579.0,578.25,960.6000366210938,898.6499633789062]]",487.846999996691
0000991,fall_hazard,rule_3,targeted,-1,beam,1200,900,"[577, 538, 961, 899]","[577, 538, 961, 899]",0.12835555555555556,0.12835555555555556,1.0,compliant,violation,True,True,0.0,0.4738486369645361,False,False,False,0.027545532244922843,"[[798.6000366210938,275.8500061035156,863.4000244140625,384.75]]","[[0.6000000238418579,238.04998779296875,379.8000183105469,372.1499938964844]]",472.2763000027044
0000993,fall_hazard,rule_2,random_matched,42,beam,1000,1000,"[436, 518, 480, 564]","[545, 455, 589, 501]",0.002024,0.002024,0.0,violation,violation,False,False,1.0,0.0,False,False,False,-0.00013179877506830362,"[[452.5,793.5,492.5,893.5]]","[[435.5,517.5,479.5,563.5]]",503.15709999995306
0000993,fall_hazard,rule_2,random_matched,43,beam,1000,1000,"[436, 518, 480, 564]","[324, 207, 368, 253]",0.002024,0.002024,0.0,violation,violation,False,False,1.0,0.0,False,False,False,0.0006111691971975031,"[[452.5,793.5,492.5,893.5]]","[[435.5,517.5,479.5,563.5]]",484.9065000016708
0000993,fall_hazard,rule_2,random_matched,44,beam,1000,1000,"[436, 518, 480, 564]","[804, 283, 848, 329]",0.002024,0.002024,0.0,violation,violation,False,False,1.0,0.0,False,False,False,-0.0004186974173145397,"[[452.5,793.5,492.5,893.5]]","[[435.5,517.5,479.5,563.5]]",462.03110000351444
0000993,fall_hazard,rule_2,random_matched,45,beam,1000,1000,"[436, 518, 480, 564]","[491, 561, 535, 607]",0.002024,0.002024,0.0,violation,violation,False,False,1.0,0.0,False,False,False,0.00029598482485326816,"[[452.5,793.5,492.5,893.5]]","[[435.5,517.5,479.5,563.5]]",536.6153999930248
0000993,fall_hazard,rule_2,random_matched,46,beam,1000,1000,"[436, 518, 480, 564]","[366, 832, 410, 878]",0.002024,0.002024,0.0,violation,violation,False,False,1.0,0.0,False,False,False,-0.0005267884449234872,"[[452.5,793.5,492.5,893.5]]","[[435.5,517.5,479.5,563.5]]",491.9563000003109
0000993,fall_hazard,rule_2,targeted,-1,beam,1000,1000,"[436, 518, 480, 564]","[436, 518, 480, 564]",0.002024,0.002024,1.0,violation,violation,False,False,0.0,0.14344380432768786,False,False,False,0.0057120476849377155,"[[452.5,794.5,491.5,894.5]]","[[335.5,691.5,379.5,742.5]]",463.9723000000231
0001014,compliant,rule_3,random_matched,42,beam,1200,900,"[301, 369, 505, 567]","[664, 138, 868, 336]",0.0374,0.0374,0.0,compliant,compliant,False,False,0.9736881400143808,0.0012000122070743664,False,False,False,-0.0040814382290201845,"[[306.6000061035156,371.25,557.4000244140625,758.25]]","[[301.8000183105469,370.3499755859375,507.0000305175781,565.6499633789062]]",550.1530000037747
0001014,compliant,rule_3,random_matched,43,beam,1200,900,"[301, 369, 505, 567]","[653, 513, 857, 711]",0.0374,0.0374,0.0,compliant,compliant,False,False,0.9908674872916974,1.0172526041666666e-08,False,False,False,-0.003200131069336698,"[[306.6000061035156,371.25,557.4000244140625,758.25]]","[[300.6000061035156,370.3499755859375,504.6000061035156,565.6499633789062]]",445.5100999912247
0001014,compliant,rule_3,random_matched,44,beam,1200,900,"[301, 369, 505, 567]","[320, 104, 524, 302]",0.0374,0.0374,0.0,compliant,compliant,False,False,0.9908674872916974,1.0172526041666666e-08,False,False,False,0.00014846372817245435,"[[306.6000061035156,371.25,557.4000244140625,758.25]]","[[300.6000061035156,370.3499755859375,504.6000061035156,565.6499633789062]]",431.11879999923985
0001014,compliant,rule_3,random_matched,45,beam,1200,900,"[301, 369, 505, 567]","[115, 118, 319, 316]",0.0374,0.0374,0.0,compliant,compliant,False,False,0.9908674872916974,1.0172526041666666e-08,False,False,False,-0.005020277973796672,"[[306.6000061035156,371.25,557.4000244140625,757.3499755859375]]","[[300.6000061035156,370.3499755859375,504.6000061035156,565.6499633789062]]",437.2125999943819
0001014,compliant,rule_3,random_matched,46,beam,1200,900,"[301, 369, 505, 567]","[774, 114, 978, 312]",0.0374,0.0374,0.0,compliant,compliant,False,False,0.9908674872916974,1.0172526041666666e-08,False,False,False,-0.0056862078074898514,"[[306.6000061035156,371.25,557.4000244140625,758.25]]","[[300.6000061035156,370.3499755859375,504.6000061035156,565.6499633789062]]",424.6778999950038
0001014,compliant,rule_3,targeted,-1,beam,1200,900,"[301, 369, 505, 567]","[301, 369, 505, 567]",0.0374,0.0374,1.0,compliant,violation,True,True,0.0,0.40063951354635136,False,False,False,-0.06126952271110253,"[[355.8000183105469,563.8499755859375,556.2000122070312,755.5499877929688]]","[[785.4000244140625,120.14999389648438,1033.800048828125,170.5500030517578]]",457.11379998829216
0001033,struck_by_risk,rule_4,random_matched,42,beam,1200,900,"[469, 247, 849, 819]","[90, 218, 470, 790]",0.20125925925925925,0.20125925925925925,0.0012506420192686394,safe,hazard,True,True,0.9873816571572014,0.0007999979654947916,False,False,False,0.027591732641061073,"[[739.800048828125,519.75,810.6000366210938,609.75]]","[[472.20001220703125,247.04998779296875,847.800048828125,818.5499877929688]]",488.19669999647886
0001033,struck_by_risk,rule_4,random_matched,43,beam,1200,900,"[469, 247, 849, 819]","[58, 56, 438, 628]",0.20125925925925925,0.20125925925925925,0.0,safe,safe,False,False,0.9968453942330611,0.00040000406901041666,False,False,False,0.005931978424390083,"[[125.4000015258789,635.8499755859375,189.0,796.0499877929688]]","[[468.6000061035156,247.04998779296875,847.800048828125,818.5499877929688]]",469.77090000291355
0001033,struck_by_risk,rule_4,random_matched,44,beam,1200,900,"[469, 247, 849, 819]","[76, 10, 456, 582]",0.20125925925925925,0.20125925925925925,0.0,safe,safe,False,False,0.9968453942330611,0.00040000406901041666,False,False,False,0.004708041629147841,"[[126.60000610351562,636.75,185.40000915527344,791.5499877929688]]","[[468.6000061035156,247.04998779296875,847.800048828125,818.5499877929688]]",492.2443000104977
0001033,struck_by_risk,rule_4,random_matched,45,beam,1200,900,"[469, 247, 849, 819]","[143, 34, 523, 606]",0.20125925925925925,0.20125925925925925,0.046675687518960646,safe,safe,False,False,0.9936907884661221,0.0,False,False,False,0.011778103926825101,"[[126.60000610351562,636.75,185.40000915527344,791.5499877929688]]","[[469.8000183105469,247.04998779296875,847.800048828125,818.5499877929688]]",501.39279999712016
0001033,struck_by_risk,rule_4,random_matched,46,beam,1200,900,"[469, 247, 849, 819]","[41, 242, 421, 814]",0.20125925925925925,0.20125925925925925,0.0,safe,hazard,True,True,0.993710708422003,0.0007999979654947916,False,False,False,0.030875273521930424,"[[739.800048828125,519.75,810.6000366210938,609.75]]","[[467.4000244140625,247.04998779296875,847.800048828125,818.5499877929688]]",499.37770000542514
0001033,struck_by_risk,rule_4,targeted,-1,beam,1200,900,"[469, 247, 849, 819]","[469, 247, 849, 819]",0.20125925925925925,0.20125925925925925,1.0,safe,hazard,True,True,0.0,0.2866677802774255,False,False,False,0.019704024943094423,"[[124.20000457763672,635.8499755859375,189.0,796.949951171875]]","[[178.20001220703125,674.5499877929688,377.4000244140625,789.75]]",449.2074999870965
0001071,fall_hazard,rule_3,random_matched,42,beam,960,1280,"[411, 932, 770, 1278]","[303, 237, 662, 583]",0.10108561197916667,0.10108561197916667,0.0,violation,violation,False,False,0.9973263118420008,0.00029998779296875,False,False,False,-0.01449468898187789,"[[108.95999908447266,727.6799926757812,158.87998962402344,819.8399658203125]]","[[411.3599853515625,932.47998046875,769.4400024414062,1278.0799560546875]]",546.764799990342
0001071,fall_hazard,rule_3,random_matched,43,beam,960,1280,"[411, 932, 770, 1278]","[76, 835, 435, 1181]",0.10108561197916667,0.10108561197916667,0.02464817778364377,violation,compliant,True,True,0.0,0.4406867201813671,False,False,False,0.0330677863676101,"[[108.95999908447266,727.6799926757812,158.87998962402344,819.8399658203125]]","[[0.47999998927116394,584.3200073242188,175.1999969482422,638.0799560546875]]",573.4567000035895
0001071,fall_hazard,rule_3,random_matched,44,beam,960,1280,"[411, 932, 770, 1278]","[515, 122, 874, 468]",0.10108561197916667,0.10108561197916667,0.0,violation,violation,False,False,0.9973263118420008,0.00029998779296875,False,False,False,-0.002883495629898092,"[[108.95999908447266,726.3999633789062,158.87998962402344,819.8399658203125]]","[[411.3599853515625,932.47998046875,769.4400024414062,1278.0799560546875]]",595.9631000005174
0001071,fall_hazard,rule_3,random_matched,45,beam,960,1280,"[411, 932, 770, 1278]","[543, 198, 902, 544]",0.10108561197916667,0.10108561197916667,0.0,violation,violation,False,False,0.9973263118420008,0.00029998779296875,False,False,False,-0.007894769510520372,"[[108.95999908447266,726.3999633789062,158.87998962402344,819.8399658203125]]","[[411.3599853515625,932.47998046875,769.4400024414062,1278.0799560546875]]",591.8919999967329
0001071,fall_hazard,rule_3,random_matched,46,beam,960,1280,"[411, 932, 770, 1278]","[221, 329, 580, 675]",0.10108561197916667,0.10108561197916667,0.0,violation,violation,False,False,0.9973263118420008,0.00029998779296875,False,False,False,-0.012227739407015714,"[[108.95999908447266,726.3999633789062,158.87998962402344,819.8399658203125]]","[[411.3599853515625,932.47998046875,769.4400024414062,1278.0799560546875]]",602.7238999959081
0001071,fall_hazard,rule_3,targeted,-1,beam,960,1280,"[411, 932, 770, 1278]","[411, 932, 770, 1278]",0.10108561197916667,0.10108561197916667,1.0,violation,compliant,True,True,0.0,0.3910437149654971,False,False,False,0.06554111515704014,"[[108.95999908447266,726.3999633789062,158.87998962402344,819.8399658203125]]","[[0.47999998927116394,398.7200012207031,958.5599975585938,580.47998046875]]",380.6823000049917
0001077,ppe_violation,rule_1,random_matched,42,beam,900,1200,"[416, 1024, 429, 1036]","[209, 545, 222, 557]",0.00014444444444444444,0.00014444444444444444,0.0,compliant,compliant,False,False,1.0,0.0,False,False,False,-0.0006433117336460681,"[[402.75,1021.800048828125,441.4499816894531,1104.60009765625]]","[[416.25,1024.2000732421875,428.8499755859375,1036.2000732421875]]",493.08539999765344
0001077,ppe_violation,rule_1,random_matched,43,beam,900,1200,"[416, 1024, 429, 1036]","[729, 502, 742, 514]",0.00014444444444444444,0.00014444444444444444,0.0,compliant,compliant,False,False,1.0,0.0,False,False,False,0.000638582344566152,"[[402.75,1021.800048828125,441.4499816894531,1104.60009765625]]","[[416.25,1024.2000732421875,428.8499755859375,1036.2000732421875]]",419.4546999933664
0001077,ppe_violation,rule_1,random_matched,44,beam,900,1200,"[416, 1024, 429, 1036]","[567, 771, 580, 783]",0.00014444444444444444,0.00014444444444444444,0.0,compliant,compliant,False,False,0.9333315248842593,0.00030000813802083336,False,False,False,0.005537064879068354,"[[402.75,1021.800048828125,441.4499816894531,1104.60009765625]]","[[415.3499755859375,1024.2000732421875,428.8499755859375,1036.2000732421875]]",450.9823999978835
0001077,ppe_violation,rule_1,random_matched,45,beam,900,1200,"[416, 1024, 429, 1036]","[106, 656, 119, 668]",0.00014444444444444444,0.00014444444444444444,0.0,compliant,compliant,False,False,1.0,0.0,False,False,False,0.0028423327686531996,"[[402.75,1021.800048828125,441.4499816894531,1104.60009765625]]","[[416.25,1024.2000732421875,428.8499755859375,1036.2000732421875]]",488.52569999871776
0001077,ppe_violation,rule_1,random_matched,46,beam,900,1200,"[416, 1024, 429, 1036]","[33, 856, 46, 868]",0.00014444444444444444,0.00014444444444444444,0.0,compliant,compliant,False,False,1.0,0.0,False,False,False,0.002876557542809466,"[[402.75,1021.800048828125,441.4499816894531,1104.60009765625]]","[[416.25,1024.2000732421875,428.8499755859375,1036.2000732421875]]",432.9795999947237
0001077,ppe_violation,rule_1,targeted,-1,beam,900,1200,"[416, 1024, 429, 1036]","[416, 1024, 429, 1036]",0.00014444444444444444,0.00014444444444444444,1.0,compliant,compliant,False,False,0.4347808871817559,0.0002999979654947917,False,False,False,0.022409757200096414,"[[402.75,1020.6000366210938,441.4499816894531,1104.60009765625]]","[[412.6499938964844,1021.800048828125,433.3499755859375,1038.60009765625]]",600.5041000025813
0001081,fall_hazard,rule_3,random_matched,42,beam,1200,900,"[151, 412, 1198, 777]","[117, 65, 1164, 430]",0.3538472222222222,0.3538472222222222,0.02443986939668345,compliant,violation,True,True,0.47777646330911866,0.15134071787917394,False,False,False,-0.09718932016819182,"[[0.6000000238418579,452.25,105.00000762939453,573.75]]","[[600.6000366210938,470.25,1198.2000732421875,778.949951171875]]",426.63529999845196
0001081,fall_hazard,rule_3,random_matched,43,beam,1200,900,"[151, 412, 1198, 777]","[83, 79, 1130, 444]",0.3538472222222222,0.3538472222222222,0.042740476573776706,compliant,compliant,False,False,0.6380881954903946,0.057520860491503255,False,False,False,-0.037335520477167206,"[[0.6000000238418579,452.25,103.80000305175781,572.8499755859375]]","[[76.20000457763672,445.9499816894531,1198.2000732421875,898.6499633789062]]",445.22029999643564
0001081,fall_hazard,rule_3,random_matched,44,beam,1200,900,"[151, 412, 1198, 777]","[6, 52, 1053, 417]",0.3538472222222222,0.3538472222222222,0.005935772571729402,compliant,violation,True,True,0.477838565948825,0.15138085485877517,False,False,False,-0.1126091293990612,"[[0.6000000238418579,452.25,103.80000305175781,572.8499755859375]]","[[600.6000366210938,469.3499755859375,1198.2000732421875,780.75]]",467.1442999970168
0001081,fall_hazard,rule_3,random_matched,45,beam,1200,900,"[151, 412, 1198, 777]","[113, 63, 1160, 428]",0.3538472222222222,0.3538472222222222,0.021578098978034286,compliant,violation,True,True,0.47777646330911866,0.15134071787917394,False,False,False,-0.09796050287384006,"[[0.6000000238418579,452.25,105.00000762939453,573.75]]","[[600.6000366210938,470.25,1198.2000732421875,778.949951171875]]",270.3371999959927
0001081,fall_hazard,rule_3,random_matched,46,beam,1200,900,"[151, 412, 1198, 777]","[1, 73, 1048, 438]",0.3538472222222222,0.3538472222222222,0.03147419391407148,compliant,violation,True,True,0.47777646330911866,0.15134071787917394,False,False,False,-0.12045010235825815,"[[0.6000000238418579,453.1499938964844,101.4000015258789,569.25]]","[[600.6000366210938,470.25,1198.2000732421875,778.949951171875]]",279.5263000007253
0001081,fall_hazard,rule_3,targeted,-1,beam,1200,900,"[151, 412, 1198, 777]","[151, 412, 1198, 777]",0.3538472222222222,0.3538472222222222,1.0,compliant,violation,True,True,0.001996798413665122,0.17636056637857758,False,False,False,-0.07467368494586224,"[[0.6000000238418579,451.3499755859375,105.00000762939453,573.75]]","[[323.4000244140625,775.3499755859375,814.2000122070312,898.6499633789062]]",443.9720000082161
0001117,ppe_violation,rule_1,random_matched,42,beam,1200,900,"[657, 334, 686, 352]","[157, 664, 186, 682]",0.00048333333333333334,0.00048333333333333334,0.0,compliant,compliant,False,False,0.6349210449985775,0.0012649142809066272,False,False,False,-0.004721422679722309,"[[655.800048828125,332.54998779296875,708.6000366210938,426.1499938964844]]","[[655.800048828125,332.54998779296875,688.2000122070312,357.75]]",494.79820000124164
0001117,ppe_violation,rule_1,random_matched,43,beam,1200,900,"[657, 334, 686, 352]","[789, 819, 818, 837]",0.00048333333333333334,0.00048333333333333334,0.0,compliant,compliant,False,False,0.6349210449985775,0.0012649142809066272,False,False,False,-0.0010683297046593099,"[[655.800048828125,332.54998779296875,708.6000366210938,426.1499938964844]]","[[655.800048828125,332.54998779296875,688.2000122070312,357.75]]",548.336100007873
0001117,ppe_violation,rule_1,random_matched,44,beam,1200,900,"[657, 334, 686, 352]","[853, 771, 882, 789]",0.00048333333333333334,0.00048333333333333334,0.0,compliant,compliant,False,False,1.0,0.0,False,False,False,-9.091850370168686e-05,"[[655.800048828125,332.54998779296875,708.6000366210938,426.1499938964844]]","[[657.0,334.3500061035156,685.800048828125,352.3499755859375]]",444.92590001027565
0001117,ppe_violation,rule_1,random_matched,45,beam,1200,900,"[657, 334, 686, 352]","[60, 400, 89, 418]",0.00048333333333333334,0.00048333333333333334,0.0,compliant,compliant,False,False,0.6349210449985775,0.0012649142809066272,False,False,False,-0.00360930897295475,"[[654.6000366210938,332.54998779296875,708.6000366210938,427.04998779296875]]","[[655.800048828125,332.54998779296875,688.2000122070312,357.75]]",557.998399992357
0001117,ppe_violation,rule_1,random_matched,46,beam,1200,900,"[657, 334, 686, 352]","[149, 10, 178, 28]",0.00048333333333333334,0.00048333333333333334,0.0,compliant,compliant,False,False,0.5911332962100697,0.0017000038296720278,False,False,False,-0.001865597441792488,"[[655.800048828125,332.54998779296875,708.6000366210938,426.1499938964844]]","[[655.800048828125,332.54998779296875,689.4000244140625,358.6499938964844]]",486.63430000306107
0001117,ppe_violation,rule_1,targeted,-1,beam,1200,900,"[657, 334, 686, 352]","[657, 334, 686, 352]",0.00048333333333333334,0.00048333333333333334,1.0,compliant,compliant,False,False,0.483871014051544,0.0028635535554674043,False,False,False,0.05301498009690209,"[[225.00001525878906,31.049999237060547,1083.0,509.8499755859375]]","[[657.0,329.8500061035156,694.2000122070312,358.6499938964844]]",371.8972000060603
0001151,ppe_violation,rule_1,random_matched,42,beam,960,720,"[561, 287, 585, 300]","[468, 34, 492, 47]",0.00045138888888888887,0.00045138888888888887,0.0,compliant,compliant,False,False,1.0,0.0,False,False,False,0.016526486839518628,"[[546.719970703125,285.4800109863281,594.719970703125,376.20001220703125]]","[[561.1199951171875,286.9200134277344,585.1199951171875,299.8800048828125]]",521.3058000081219
0001151,ppe_violation,rule_1,random_matched,43,beam,960,720,"[561, 287, 585, 300]","[736, 649, 760, 662]",0.00045138888888888887,0.00045138888888888887,0.0,compliant,compliant,False,False,1.0,0.0,False,False,False,-0.002594607549586514,"[[546.719970703125,285.4800109863281,594.719970703125,376.20001220703125]]","[[561.1199951171875,286.9200134277344,585.1199951171875,299.8800048828125]]",471.44929999194574
0001151,ppe_violation,rule_1,random_matched,44,beam,960,720,"[561, 287, 585, 300]","[259, 239, 283, 252]",0.00045138888888888887,0.00045138888888888887,0.0,compliant,compliant,False,False,1.0,0.0,False,False,False,-0.002941908048731956,"[[546.719970703125,285.4800109863281,594.719970703125,376.20001220703125]]","[[561.1199951171875,286.9200134277344,585.1199951171875,299.8800048828125]]",481.0851999936858
0001151,ppe_violation,rule_1,random_matched,45,beam,960,720,"[561, 287, 585, 300]","[846, 509, 870, 522]",0.00045138888888888887,0.00045138888888888887,0.0,compliant,compliant,False,False,1.0,0.0,False,False,False,0.015175473483206803,"[[546.719970703125,285.4800109863281,594.719970703125,376.20001220703125]]","[[561.1199951171875,286.9200134277344,585.1199951171875,299.8800048828125]]",522.3485000024084
0001151,ppe_violation,rule_1,random_matched,46,beam,960,720,"[561, 287, 585, 300]","[229, 232, 253, 245]",0.00045138888888888887,0.00045138888888888887,0.0,compliant,compliant,False,False,1.0,0.0,False,False,False,-0.0009513872542551427,"[[546.719970703125,285.4800109863281,594.719970703125,376.20001220703125]]","[[561.1199951171875,286.9200134277344,585.1199951171875,299.8800048828125]]",496.8719000025885
0001151,ppe_violation,rule_1,targeted,-1,beam,960,720,"[561, 287, 585, 300]","[561, 287, 585, 300]",0.00045138888888888887,0.00045138888888888887,1.0,compliant,compliant,False,False,0.0,0.2431040099930124,False,True,False,-0.106188281382956,[],"[[276.9599914550781,320.760009765625,289.44000244140625,330.84002685546875]]",602.3423000006005
0001194,fall_hazard,rule_3,random_matched,42,beam,1200,900,"[1, 365, 201, 393]","[287, 855, 487, 883]",0.005185185185185185,0.005185185185185185,0.0,violation,violation,False,False,0.9298825354628585,0.00040000406901041666,False,False,False,-0.01082466130277937,"[[508.20001220703125,267.75,687.0,365.8499755859375]]","[[0.6000000238418579,365.8499755859375,199.8000030517578,391.9499816894531]]",464.6738000010373
0001194,fall_hazard,rule_3,random_matched,43,beam,1200,900,"[1, 365, 201, 393]","[535, 148, 735, 176]",0.005185185185185185,0.005185185185185185,0.0,violation,violation,False,False,0.9298825354628585,0.00040000406901041666,False,False,False,-0.011790272779762745,"[[508.20001220703125,267.75,687.0,365.8499755859375]]","[[0.6000000238418579,365.8499755859375,199.8000030517578,391.9499816894531]]",487.0253999979468
0001194,fall_hazard,rule_3,random_matched,44,beam,1200,900,"[1, 365, 201, 393]","[791, 552, 991, 580]",0.005185185185185185,0.005185185185185185,0.0,violation,compliant,True,True,0.0,0.5424368922892799,False,False,False,-0.022489062111292535,"[[508.20001220703125,267.75,687.0,365.8499755859375]]","[[785.4000244140625,547.6499633789062,999.0000610351562,588.1499633789062]]",504.7002000064822
0001194,fall_hazard,rule_3,random_matched,45,beam,1200,900,"[1, 365, 201, 393]","[197, 509, 397, 537]",0.005185185185185185,0.005185185185185185,0.0,violation,compliant,True,True,0.0,0.16392633788025585,False,False,False,-0.03025986826313387,"[[508.20001220703125,267.75,687.0,365.8499755859375]]","[[192.60000610351562,504.4499816894531,405.0000305175781,544.9500122070312]]",476.5154999913648
0001194,fall_hazard,rule_3,random_matched,46,beam,1200,900,"[1, 365, 201, 393]","[844, 324, 1044, 352]",0.005185185185185185,0.005185185185185185,0.0,violation,violation,False,False,0.9298825354628585,0.00040000406901041666,False,False,False,-0.006997717810528603,"[[509.4000244140625,267.75,687.0,364.9499816894531]]","[[0.6000000238418579,365.8499755859375,199.8000030517578,391.9499816894531]]",478.70229999534786
0001194,fall_hazard,rule_3,targeted,-1,beam,1200,900,"[1, 365, 201, 393]","[1, 365, 201, 393]",0.005185185185185185,0.005185185185185185,1.0,violation,violation,False,False,0.695926512198657,0.0026832815730007116,False,False,False,-0.018028844547058887,"[[508.20001220703125,267.75,687.0,365.8499755859375]]","[[0.6000000238418579,361.3499755859375,208.20001220703125,400.04998779296875]]",484.0457999962382
0001274,fall_hazard,rule_3,random_matched,42,beam,960,1280,"[0, 560, 235, 1278]","[316, 498, 551, 1216]",0.13731282552083332,0.13731282552083332,0.0,compliant,compliant,False,False,0.9959184035504727,0.00029999732971191406,False,False,False,0.007532184145280341,"[[261.6000061035156,87.68000030517578,376.79998779296875,333.44000244140625]]","[[0.47999998927116394,560.0,235.67999267578125,1278.0799560546875]]",481.73689999384806
0001274,fall_hazard,rule_3,random_matched,43,beam,960,1280,"[0, 560, 235, 1278]","[652, 95, 887, 813]",0.13731282552083332,0.13731282552083332,0.0,compliant,compliant,False,False,1.0,0.0,False,False,False,-0.014098673925868055,"[[261.6000061035156,88.95999908447266,376.79998779296875,334.7200012207031]]","[[0.47999998927116394,560.0,234.72000122070312,1278.0799560546875]]",471.4766000106465
0001274,fall_hazard,rule_3,random_matched,44,beam,960,1280,"[0, 560, 235, 1278]","[374, 62, 609, 780]",0.13731282552083332,0.13731282552083332,0.0,compliant,compliant,False,False,1.0,0.0,False,False,False,-0.0025292701487030778,"[[261.6000061035156,88.95999908447266,376.79998779296875,334.7200012207031]]","[[0.47999998927116394,560.0,234.72000122070312,1278.0799560546875]]",495.54849999549333
0001274,fall_hazard,rule_3,random_matched,45,beam,960,1280,"[0, 560, 235, 1278]","[426, 559, 661, 1277]",0.13731282552083332,0.13731282552083332,0.0,compliant,compliant,False,False,1.0,0.0,False,False,False,-0.010565463719623414,"[[261.6000061035156,87.68000030517578,376.79998779296875,333.44000244140625]]","[[0.47999998927116394,560.0,234.72000122070312,1278.0799560546875]]",587.0340999972541
0001274,fall_hazard,rule_3,random_matched,46,beam,960,1280,"[0, 560, 235, 1278]","[395, 476, 630, 1194]",0.13731282552083332,0.13731282552083332,0.0,compliant,compliant,False,False,1.0,0.0,False,False,False,-0.010776635126343748,"[[260.6399841308594,87.68000030517578,376.79998779296875,333.44000244140625]]","[[0.47999998927116394,560.0,234.72000122070312,1278.0799560546875]]",487.0509000029415
0001274,fall_hazard,rule_3,targeted,-1,beam,960,1280,"[0, 560, 235, 1278]","[0, 560, 235, 1278]",0.13731282552083332,0.13731282552083332,1.0,compliant,compliant,False,False,0.0,0.5824007501447521,False,False,False,0.02905011536287405,"[[261.6000061035156,87.68000030517578,376.79998779296875,333.44000244140625]]","[[343.1999816894531,0.6399999856948853,958.5599975585938,309.1199951171875]]",581.2404000025708
0001325,struck_by_risk,rule_4,random_matched,42,beam,1200,900,"[103, 151, 1120, 771]","[0, 0, 1017, 620]",0.5838333333333333,0.5838333333333333,0.5149673119385306,hazard,hazard,False,False,0.291841828967351,0.1722376263386079,False,False,False,0.022400627770121084,"[[541.800048828125,617.8499755859375,655.800048828125,891.449951171875]]","[[509.4000244140625,469.3499755859375,1120.2000732421875,770.8499755859375]]",493.4874000027776
0001325,struck_by_risk,rule_4,random_matched,43,beam,1200,900,"[103, 151, 1120, 771]","[0, 0, 1017, 620]",0.5838333333333333,0.5838333333333333,0.5149673119385306,hazard,hazard,False,False,0.291841828967351,0.1722376263386079,False,False,False,0.022400627770121084,"[[541.800048828125,617.8499755859375,655.800048828125,891.449951171875]]","[[509.4000244140625,469.3499755859375,1120.2000732421875,770.8499755859375]]",507.5135999941267
0001325,struck_by_risk,rule_4,random_matched,44,beam,1200,900,"[103, 151, 1120, 771]","[0, 0, 1017, 620]",0.5838333333333333,0.5838333333333333,0.5149673119385306,hazard,hazard,False,False,0.291841828967351,0.1722376263386079,False,False,False,0.022400627770121084,"[[541.800048828125,617.8499755859375,655.800048828125,891.449951171875]]","[[509.4000244140625,469.3499755859375,1120.2000732421875,770.8499755859375]]",488.0074000102468
0001325,struck_by_risk,rule_4,random_matched,45,beam,1200,900,"[103, 151, 1120, 771]","[0, 0, 1017, 620]",0.5838333333333333,0.5838333333333333,0.5149673119385306,hazard,hazard,False,False,0.291841828967351,0.1722376263386079,False,False,False,0.022400627770121084,"[[541.800048828125,617.8499755859375,655.800048828125,891.449951171875]]","[[509.4000244140625,469.3499755859375,1120.2000732421875,770.8499755859375]]",589.7186999936821
0001325,struck_by_risk,rule_4,random_matched,46,beam,1200,900,"[103, 151, 1120, 771]","[0, 0, 1017, 620]",0.5838333333333333,0.5838333333333333,0.5149673119385306,hazard,hazard,False,False,0.291841828967351,0.1722376263386079,False,False,False,0.022400627770121084,"[[541.800048828125,617.8499755859375,655.800048828125,891.449951171875]]","[[509.4000244140625,469.3499755859375,1120.2000732421875,770.8499755859375]]",478.0979000061052
0001325,struck_by_risk,rule_4,targeted,-1,beam,1200,900,"[103, 151, 1120, 771]","[103, 151, 1120, 771]",0.5838333333333333,0.5838333333333333,1.0,hazard,safe,True,True,0.0002124235431529756,0.3192000128220906,False,False,False,0.06873537883872072,"[[551.4000244140625,769.0499877929688,654.6000366210938,892.3499755859375]]","[[883.800048828125,0.44999998807907104,913.800048828125,155.25]]",512.9108999972232
0001431,ppe_violation,rule_1,random_matched,42,beam,1280,960,"[1, 685, 7, 696]","[1204, 932, 1210, 943]",5.37109375e-05,5.37109375e-05,0.0,violation,violation,False,False,1.0,0.0,False,False,False,-0.00018051359802484512,"[[164.47999572753906,678.239990234375,241.27999877929688,885.5999755859375]]","[[0.6399999856948853,684.9599609375,7.039999961853027,696.47998046875]]",497.2616000013659
0001431,ppe_violation,rule_1,random_matched,43,beam,1280,960,"[1, 685, 7, 696]","[35, 156, 41, 167]",5.37109375e-05,5.37109375e-05,0.0,violation,violation,False,False,1.0,0.0,False,False,False,4.259337271950159e-05,"[[164.47999572753906,678.239990234375,241.27999877929688,885.5999755859375]]","[[0.6399999856948853,684.9599609375,7.039999961853027,696.47998046875]]",553.3605000091484
0001431,ppe_violation,rule_1,random_matched,44,beam,1280,960,"[1, 685, 7, 696]","[311, 664, 317, 675]",5.37109375e-05,5.37109375e-05,0.0,violation,violation,False,False,1.0,0.0,False,False,False,0.00016741827130317688,"[[164.47999572753906,678.239990234375,241.27999877929688,885.5999755859375]]","[[0.6399999856948853,684.9599609375,7.039999961853027,696.47998046875]]",463.00020000489894
0001431,ppe_violation,rule_1,random_matched,45,beam,1280,960,"[1, 685, 7, 696]","[1088, 365, 1094, 376]",5.37109375e-05,5.37109375e-05,0.0,violation,violation,False,False,1.0,0.0,False,False,False,-5.7020623769110657e-05,"[[164.47999572753906,678.239990234375,241.27999877929688,885.5999755859375]]","[[0.6399999856948853,684.9599609375,7.039999961853027,696.47998046875]]",493.3256999938749
0001431,ppe_violation,rule_1,random_matched,46,beam,1280,960,"[1, 685, 7, 696]","[853, 294, 859, 305]",5.37109375e-05,5.37109375e-05,0.0,violation,violation,False,False,1.0,0.0,False,False,False,0.0003978610038757324,"[[164.47999572753906,678.239990234375,241.27999877929688,885.5999755859375]]","[[0.6399999856948853,684.9599609375,7.039999961853027,696.47998046875]]",525.87750001112
0001431,ppe_violation,rule_1,targeted,-1,beam,1280,960,"[1, 685, 7, 696]","[1, 685, 7, 696]",5.37109375e-05,5.37109375e-05,1.0,violation,compliant,True,True,0.0,0.09201222797464238,False,False,False,0.006755404041281721,"[[164.47999572753906,678.239990234375,241.27999877929688,885.5999755859375]]","[[142.72000122070312,681.1199951171875,159.36000061035156,695.5199584960938]]",522.4197000061395
0001436,fall_hazard,rule_3,random_matched,42,beam,1200,900,"[1, 594, 106, 809]","[487, 116, 592, 331]",0.020902777777777777,0.020902777777777777,0.0,compliant,compliant,False,False,1.0,0.0,False,False,False,0.000580906867980957,"[[241.8000030517578,420.75,305.4000244140625,560.25]]","[[0.6000000238418579,593.5499877929688,106.20000457763672,808.6499633789062]]",505.02749999577645
0001436,fall_hazard,rule_3,random_matched,43,beam,1200,900,"[1, 594, 106, 809]","[1078, 522, 1183, 737]",0.020902777777777777,0.020902777777777777,0.0,compliant,compliant,False,False,1.0,0.0,False,False,False,0.00542563592482892,"[[241.8000030517578,420.75,305.4000244140625,560.25]]","[[0.6000000238418579,593.5499877929688,106.20000457763672,808.6499633789062]]",505.6023999932222
0001436,fall_hazard,rule_3,random_matched,44,beam,1200,900,"[1, 594, 106, 809]","[40, 126, 145, 341]",0.020902777777777777,0.020902777777777777,0.0,compliant,compliant,False,False,1.0,0.0,False,False,False,0.0021657458772617044,"[[241.8000030517578,420.75,305.4000244140625,560.25]]","[[0.6000000238418579,593.5499877929688,106.20000457763672,808.6499633789062]]",460.55239999259356
0001436,fall_hazard,rule_3,random_matched,45,beam,1200,900,"[1, 594, 106, 809]","[652, 63, 757, 278]",0.020902777777777777,0.020902777777777777,0.0,compliant,compliant,False,False,1.0,0.0,False,False,False,0.001581554700221366,"[[241.8000030517578,420.75,305.4000244140625,560.25]]","[[0.6000000238418579,593.5499877929688,106.20000457763672,808.6499633789062]]",484.60789999808185
0001436,fall_hazard,rule_3,random_matched,46,beam,1200,900,"[1, 594, 106, 809]","[595, 520, 700, 735]",0.020902777777777777,0.020902777777777777,0.0,compliant,compliant,False,False,1.0,0.0,False,False,False,0.004705292505345238,"[[241.8000030517578,420.75,305.4000244140625,560.25]]","[[0.6000000238418579,593.5499877929688,106.20000457763672,808.6499633789062]]",553.8906000001589
0001436,fall_hazard,rule_3,targeted,-1,beam,1200,900,"[1, 594, 106, 809]","[1, 594, 106, 809]",0.020902777777777777,0.020902777777777777,1.0,compliant,compliant,False,False,0.0,0.22944315078956515,False,False,False,0.00787178120974985,"[[241.8000030517578,420.75,304.20001220703125,560.25]]","[[235.8000030517578,544.0499877929688,549.0,739.3499755859375]]",476.94870000123046
0001460,ppe_violation,rule_1,random_matched,42,beam,1200,900,"[926, 393, 955, 415]","[662, 253, 691, 275]",0.0005907407407407407,0.0005907407407407407,0.0,compliant,compliant,False,False,1.0,0.0,False,False,False,-0.0003294319446598415,"[[911.4000244140625,391.04998779296875,1008.6000366210938,529.6499633789062]]","[[925.800048828125,392.8499755859375,954.6000366210938,415.3499755859375]]",538.1586000003153
0001460,ppe_violation,rule_1,random_matched,43,beam,1200,900,"[926, 393, 955, 415]","[509, 174, 538, 196]",0.0005907407407407407,0.0005907407407407407,0.0,compliant,compliant,False,False,1.0,0.0,False,False,False,0.00045103978897831354,"[[911.4000244140625,391.04998779296875,1008.6000366210938,529.6499633789062]]","[[925.800048828125,392.8499755859375,954.6000366210938,415.3499755859375]]",701.108799999929
0001460,ppe_violation,rule_1,random_matched,44,beam,1200,900,"[926, 393, 955, 415]","[1110, 439, 1139, 461]",0.0005907407407407407,0.0005907407407407407,0.0,compliant,compliant,False,False,1.0,0.0,False,False,False,-0.002873079452131555,"[[911.4000244140625,391.04998779296875,1008.6000366210938,529.6499633789062]]","[[925.800048828125,392.8499755859375,954.6000366210938,415.3499755859375]]",611.3641000119969
0001460,ppe_violation,rule_1,random_matched,45,beam,1200,900,"[926, 393, 955, 415]","[200, 648, 229, 670]",0.0005907407407407407,0.0005907407407407407,0.0,compliant,compliant,False,False,1.0,0.0,False,False,False,0.0010539298611027537,"[[911.4000244140625,391.04998779296875,1008.6000366210938,529.6499633789062]]","[[925.800048828125,392.8499755859375,954.6000366210938,415.3499755859375]]",540.1464000024134
0001460,ppe_violation,rule_1,random_matched,46,beam,1200,900,"[926, 393, 955, 415]","[824, 226, 853, 248]",0.0005907407407407407,0.0005907407407407407,0.0,compliant,compliant,False,False,1.0,0.0,False,False,False,0.000429138408175489,"[[911.4000244140625,391.04998779296875,1008.6000366210938,529.6499633789062]]","[[925.800048828125,392.8499755859375,954.6000366210938,415.3499755859375]]",539.7430000011809
0001460,ppe_violation,rule_1,targeted,-1,beam,1200,900,"[926, 393, 955, 415]","[926, 393, 955, 415]",0.0005907407407407407,0.0005907407407407407,1.0,compliant,violation,True,True,0.0,0.16632164533160076,False,False,False,0.05331172205374701,"[[910.2000122070312,392.8499755859375,1007.4000244140625,528.75]]","[[1079.4000244140625,193.04998779296875,1098.60009765625,214.64999389648438]]",488.8242999877548
0001470,ppe_violation,rule_1,random_matched,42,beam,900,1200,"[440, 1012, 453, 1023]","[386, 1184, 399, 1195]",0.00013240740740740742,0.00013240740740740742,0.0,compliant,compliant,False,False,1.0,0.0,False,False,False,0.0007377378642559052,"[[426.1499938964844,1009.800048828125,463.04998779296875,1091.4000244140625]]","[[439.6499938964844,1012.2000122070312,453.1499938964844,1023.0000610351562]]",485.90089999197517
0001470,ppe_violation,rule_1,random_matched,43,beam,900,1200,"[440, 1012, 453, 1023]","[268, 648, 281, 659]",0.00013240740740740742,0.00013240740740740742,0.0,compliant,compliant,False,False,1.0,0.0,False,False,False,-4.2630891714745545e-05,"[[426.1499938964844,1009.800048828125,463.04998779296875,1091.4000244140625]]","[[439.6499938964844,1012.2000122070312,453.1499938964844,1023.0000610351562]]",504.55450000299606
0001470,ppe_violation,rule_1,random_matched,44,beam,900,1200,"[440, 1012, 453, 1023]","[837, 391, 850, 402]",0.00013240740740740742,0.00013240740740740742,0.0,compliant,compliant,False,False,1.0,0.0,False,False,False,-0.0007087348827293782,"[[426.1499938964844,1009.800048828125,463.04998779296875,1091.4000244140625]]","[[439.6499938964844,1012.2000122070312,453.1499938964844,1023.0000610351562]]",511.2145999883069
0001470,ppe_violation,rule_1,random_matched,45,beam,900,1200,"[440, 1012, 453, 1023]","[4, 106, 17, 117]",0.00013240740740740742,0.00013240740740740742,0.0,compliant,compliant,False,False,1.0,0.0,False,False,False,0.000643967517784616,"[[426.1499938964844,1009.800048828125,463.04998779296875,1091.4000244140625]]","[[439.6499938964844,1012.2000122070312,453.1499938964844,1023.0000610351562]]",548.4446000045864
0001470,ppe_violation,rule_1,random_matched,46,beam,900,1200,"[440, 1012, 453, 1023]","[626, 248, 639, 259]",0.00013240740740740742,0.00013240740740740742,0.0,compliant,compliant,False,False,1.0,0.0,False,False,False,-0.0019862638520342646,"[[426.1499938964844,1009.800048828125,463.04998779296875,1091.4000244140625]]","[[439.6499938964844,1012.2000122070312,453.1499938964844,1023.0000610351562]]",518.9742999937152
0001470,ppe_violation,rule_1,targeted,-1,beam,900,1200,"[440, 1012, 453, 1023]","[440, 1012, 453, 1023]",0.00013240740740740742,0.00013240740740740742,1.0,compliant,compliant,False,False,0.0,0.033195784629795465,False,False,False,0.03506476325648167,"[[426.1499938964844,1017.0000610351562,462.1499938964844,1091.4000244140625]]","[[489.1499938964844,1019.4000244140625,502.6499938964844,1026.60009765625]]",548.971000011079
0001484,fall_hazard,rule_3,random_matched,42,beam,1200,675,"[1, 434, 453, 674]","[76, 91, 528, 331]",0.13392592592592592,0.13392592592592592,0.0,compliant,compliant,False,False,0.9971909348945599,0.00024513726940991596,False,False,False,0.02970718086830204,"[[435.0000305175781,237.2624969482422,579.0,470.8125]]","[[0.6000000238418579,433.6875,453.0000305175781,673.9874877929688]]",496.4297999977134
0001484,fall_hazard,rule_3,random_matched,43,beam,1200,675,"[1, 434, 453, 674]","[2, 98, 454, 338]",0.13392592592592592,0.13392592592592592,0.0,compliant,compliant,False,False,1.0,0.0,False,False,False,0.017301032585757103,"[[414.6000061035156,232.53750610351562,580.2000122070312,470.8125]]","[[0.6000000238418579,434.3625183105469,453.0000305175781,673.9874877929688]]",562.0549000013852
0001484,fall_hazard,rule_3,random_matched,44,beam,1200,675,"[1, 434, 453, 674]","[322, 29, 774, 269]",0.13392592592592592,0.13392592592592592,0.0,compliant,compliant,False,False,0.9971909348945599,0.00024513726940991596,False,False,False,0.028707153163850307,"[[369.0,266.2875061035156,580.2000122070312,470.13751220703125]]","[[0.6000000238418579,433.6875,453.0000305175781,673.9874877929688]]",494.96510000608396
0001484,fall_hazard,rule_3,random_matched,45,beam,1200,675,"[1, 434, 453, 674]","[476, 375, 928, 615]",0.13392592592592592,0.13392592592592592,0.0,compliant,compliant,False,False,0.9973545377927183,0.0004357811189686381,False,False,False,0.0090755548195115,"[[378.6000061035156,233.21250915527344,580.2000122070312,441.7875061035156]]","[[0.6000000238418579,434.3625183105469,454.20001220703125,673.9874877929688]]",468.04799999517854
0001484,fall_hazard,rule_3,random_matched,46,beam,1200,675,"[1, 434, 453, 674]","[516, 190, 968, 430]",0.13392592592592592,0.13392592592592592,0.0,compliant,compliant,False,False,0.9917670915854294,0.0006559446928661015,False,False,False,-0.0011826802843383222,"[[378.6000061035156,233.21250915527344,522.6000366210938,470.13751220703125]]","[[0.6000000238418579,433.01251220703125,454.20001220703125,673.9874877929688]]",499.248299995088
0001484,fall_hazard,rule_3,targeted,-1,beam,1200,675,"[1, 434, 453, 674]","[1, 434, 453, 674]",0.13392592592592592,0.13392592592592592,1.0,compliant,compliant,False,False,0.0,0.232188236953233,False,False,False,0.07094371122574172,"[[379.8000183105469,233.21250915527344,581.4000244140625,470.13751220703125]]","[[453.0000305175781,403.9875183105469,636.6000366210938,638.8875122070312]]",470.4630000051111
0001512,struck_by_risk,rule_4,random_matched,42,beam,1200,900,"[575, 178, 1073, 810]","[76, 141, 574, 773]",0.29142222222222225,0.29142222222222225,0.0,hazard,hazard,False,False,0.9951806738673443,0.0008000081380208333,False,False,False,0.00688198853343247,"[[979.800048828125,688.0499877929688,1020.6000366210938,793.3499755859375]]","[[577.800048828125,177.75,1073.4000244140625,810.449951171875]]",529.6245999925304
0001512,struck_by_risk,rule_4,random_matched,43,beam,1200,900,"[575, 178, 1073, 810]","[5, 120, 503, 752]",0.29142222222222225,0.29142222222222225,0.0,hazard,hazard,False,False,0.9933332713305115,0.0009848725595805782,False,False,False,0.003411358665852182,"[[979.800048828125,688.0499877929688,1020.6000366210938,793.3499755859375]]","[[576.6000366210938,177.75,1073.4000244140625,807.75]]",528.4683000063524
0001512,struck_by_risk,rule_4,random_matched,44,beam,1200,900,"[575, 178, 1073, 810]","[106, 255, 604, 887]",0.29142222222222225,0.29142222222222225,0.026239979653622486,hazard,hazard,False,False,0.8751581179931224,0.01780898430217222,False,False,False,0.00379576640469681,"[[981.0000610351562,688.0499877929688,1020.6000366210938,793.3499755859375]]","[[604.2000122070312,177.75,1073.4000244140625,765.449951171875]]",540.4818000097293
0001512,struck_by_risk,rule_4,random_matched,45,beam,1200,900,"[575, 178, 1073, 810]","[81, 127, 579, 759]",0.29142222222222225,0.29142222222222225,0.0037056643726839597,hazard,hazard,False,False,0.91992323795345,0.015085091546927491,False,False,False,0.004472674062800719,"[[979.800048828125,688.0499877929688,1020.6000366210938,793.3499755859375]]","[[580.2000122070312,177.75,1073.4000244140625,765.449951171875]]",502.7990999951726
0001512,struck_by_risk,rule_4,random_matched,46,beam,1200,900,"[575, 178, 1073, 810]","[114, 154, 612, 786]",0.29142222222222225,0.29142222222222225,0.03706242091944327,hazard,hazard,False,False,0.8594902804695728,0.019461759964388495,False,False,False,0.0065733305222930305,"[[979.800048828125,688.0499877929688,1020.6000366210938,793.3499755859375]]","[[612.6000366210938,177.75,1073.4000244140625,765.449951171875]]",541.3821999973152
0001512,struck_by_risk,rule_4,targeted,-1,beam,1200,900,"[575, 178, 1073, 810]","[575, 178, 1073, 810]",0.29142222222222225,0.29142222222222225,1.0,hazard,hazard,False,False,0.9704905549610489,0.0007211218226378093,False,False,False,0.002037621561496894,"[[570.6000366210938,175.9499969482422,1078.2000732421875,813.1499633789062]]","[[570.6000366210938,175.9499969482422,1079.4000244140625,814.0499877929688]]",545.3246999968542
0001520,fall_hazard,rule_3,random_matched,42,beam,900,1200,"[0, 263, 899, 1198]","[0, 0, 899, 935]",0.7783009259259259,0.7783009259259259,0.5609348914858097,compliant,compliant,False,False,0.28369704573666715,0.22320001220703126,False,False,False,-0.20986824218804634,"[[0.44999998807907104,933.0000610351562,898.6499633789062,1198.2000732421875]]","[[0.44999998807907104,933.0000610351562,898.6499633789062,1198.2000732421875]]",477.6998999877833
0001520,fall_hazard,rule_3,random_matched,43,beam,900,1200,"[0, 263, 899, 1198]","[0, 0, 899, 935]",0.7783009259259259,0.7783009259259259,0.5609348914858097,compliant,compliant,False,False,0.28369704573666715,0.22320001220703126,False,False,False,-0.20986824218804634,"[[0.44999998807907104,933.0000610351562,898.6499633789062,1198.2000732421875]]","[[0.44999998807907104,933.0000610351562,898.6499633789062,1198.2000732421875]]",594.4987000111723
0001520,fall_hazard,rule_3,random_matched,44,beam,900,1200,"[0, 263, 899, 1198]","[0, 0, 899, 935]",0.7783009259259259,0.7783009259259259,0.5609348914858097,compliant,compliant,False,False,0.28369704573666715,0.22320001220703126,False,False,False,-0.20986824218804634,"[[0.44999998807907104,933.0000610351562,898.6499633789062,1198.2000732421875]]","[[0.44999998807907104,933.0000610351562,898.6499633789062,1198.2000732421875]]",502.83939999644645
0001520,fall_hazard,rule_3,random_matched,45,beam,900,1200,"[0, 263, 899, 1198]","[0, 0, 899, 935]",0.7783009259259259,0.7783009259259259,0.5609348914858097,compliant,compliant,False,False,0.28369704573666715,0.22320001220703126,False,False,False,-0.20986824218804634,"[[0.44999998807907104,933.0000610351562,898.6499633789062,1198.2000732421875]]","[[0.44999998807907104,933.0000610351562,898.6499633789062,1198.2000732421875]]",477.097999988473
0001520,fall_hazard,rule_3,random_matched,46,beam,900,1200,"[0, 263, 899, 1198]","[0, 0, 899, 935]",0.7783009259259259,0.7783009259259259,0.5609348914858097,compliant,compliant,False,False,0.28369704573666715,0.22320001220703126,False,False,False,-0.20986824218804634,"[[0.44999998807907104,933.0000610351562,898.6499633789062,1198.2000732421875]]","[[0.44999998807907104,933.0000610351562,898.6499633789062,1198.2000732421875]]",493.9586000109557
0001520,fall_hazard,rule_3,targeted,-1,beam,900,1200,"[0, 263, 899, 1198]","[0, 263, 899, 1198]",0.7783009259259259,0.7783009259259259,1.0,compliant,compliant,False,False,0.003005991454445373,0.3980000325441361,False,False,False,-0.03955903004056638,"[[138.14999389648438,69.0,223.64999389648438,265.8000183105469]]","[[0.44999998807907104,0.6000000238418579,898.6499633789062,267.0]]",560.2293999982066
0001530,fall_hazard,rule_2,random_matched,42,beam,1200,900,"[623, 442, 704, 533]","[108, 671, 189, 762]",0.006825,0.006825,0.0,violation,violation,False,False,1.0,0.0,False,False,False,5.5414557989186264e-05,"[[989.4000244140625,676.3499755859375,1146.60009765625,898.6499633789062]]","[[623.4000244140625,442.3499755859375,703.800048828125,533.25]]",484.1269000025932
0001530,fall_hazard,rule_2,random_matched,43,beam,1200,900,"[623, 442, 704, 533]","[185, 48, 266, 139]",0.006825,0.006825,0.0,violation,violation,False,False,1.0,0.0,False,False,False,-0.0009135897271335125,"[[989.4000244140625,676.3499755859375,1146.60009765625,898.6499633789062]]","[[623.4000244140625,442.3499755859375,703.800048828125,533.25]]",482.2058999998262
0001530,fall_hazard,rule_2,random_matched,44,beam,1200,900,"[623, 442, 704, 533]","[112, 620, 193, 711]",0.006825,0.006825,0.0,violation,violation,False,False,1.0,0.0,False,False,False,0.00033614910872925563,"[[989.4000244140625,676.3499755859375,1146.60009765625,898.6499633789062]]","[[623.4000244140625,442.3499755859375,703.800048828125,533.25]]",489.73250000562984
0001530,fall_hazard,rule_2,random_matched,45,beam,1200,900,"[623, 442, 704, 533]","[409, 700, 490, 791]",0.006825,0.006825,0.0,violation,violation,False,False,1.0,0.0,False,False,False,0.00023383786901831627,"[[989.4000244140625,676.3499755859375,1146.60009765625,898.6499633789062]]","[[623.4000244140625,442.3499755859375,703.800048828125,533.25]]",485.1683999877423
0001530,fall_hazard,rule_2,random_matched,46,beam,1200,900,"[623, 442, 704, 533]","[506, 645, 587, 736]",0.006825,0.006825,0.0,violation,violation,False,False,1.0,0.0,False,False,False,0.0008855690248310566,"[[989.4000244140625,676.3499755859375,1146.60009765625,898.6499633789062]]","[[623.4000244140625,442.3499755859375,703.800048828125,533.25]]",465.7330999907572
0001530,fall_hazard,rule_2,targeted,-1,beam,1200,900,"[623, 442, 704, 533]","[623, 442, 704, 533]",0.006825,0.006825,1.0,violation,compliant,True,True,0.0,0.2854512119167929,False,False,False,-0.008974721921341633,"[[989.4000244140625,676.3499755859375,1146.60009765625,898.6499633789062]]","[[990.6000366210938,676.3499755859375,1067.4000244140625,745.6499633789062]]",513.4872000053292
0001597,fall_hazard,rule_3,random_matched,42,beam,1440,1080,"[1, 399, 1438, 546]","[2, 735, 1439, 882]",0.1358275462962963,0.1358275462962963,0.0,compliant,compliant,False,False,0.9855070178754286,0.0006000094943576389,False,False,False,0.01703927612730438,"[[720.7200317382812,238.1400146484375,925.2000122070312,442.260009765625]]","[[0.7200000286102295,399.0600280761719,1437.840087890625,548.1000366210938]]",507.80410000879783
0001597,fall_hazard,rule_3,random_matched,43,beam,1440,1080,"[1, 399, 1438, 546]","[1, 666, 1438, 813]",0.1358275462962963,0.1358275462962963,0.0,compliant,compliant,False,False,0.9855070178754286,0.0006000094943576389,False,False,False,0.023856557739366457,"[[720.7200317382812,238.1400146484375,925.2000122070312,442.260009765625]]","[[0.7200000286102295,399.0600280761719,1437.840087890625,548.1000366210938]]",549.0302999969572
0001597,fall_hazard,rule_3,random_matched,44,beam,1440,1080,"[1, 399, 1438, 546]","[0, 655, 1437, 802]",0.1358275462962963,0.1358275462962963,0.0,compliant,compliant,False,False,0.9855070178754286,0.0006000094943576389,False,False,False,0.01677751414743922,"[[720.7200317382812,238.1400146484375,926.6400146484375,443.34002685546875]]","[[0.7200000286102295,399.0600280761719,1437.840087890625,548.1000366210938]]",510.1505000056932
0001597,fall_hazard,rule_3,random_matched,45,beam,1440,1080,"[1, 399, 1438, 546]","[3, 153, 1440, 300]",0.1358275462962963,0.1358275462962963,0.0,compliant,compliant,False,False,1.0,0.0,False,False,False,0.025910094879301515,"[[720.7200317382812,298.6200256347656,925.2000122070312,442.260009765625]]","[[0.7200000286102295,399.0600280761719,1437.840087890625,545.9400024414062]]",518.7147999968147
0001597,fall_hazard,rule_3,random_matched,46,beam,1440,1080,"[1, 399, 1438, 546]","[1, 695, 1438, 842]",0.1358275462962963,0.1358275462962963,0.0,compliant,compliant,False,False,0.9782607315741227,0.0009000057644314236,False,False,False,0.02613884516592535,"[[720.7200317382812,238.1400146484375,925.2000122070312,442.260009765625]]","[[0.7200000286102295,400.1400146484375,1437.840087890625,548.1000366210938]]",533.2933000026969
0001597,fall_hazard,rule_3,targeted,-1,beam,1440,1080,"[1, 399, 1438, 546]","[1, 399, 1438, 546]",0.1358275462962963,0.1358275462962963,1.0,compliant,violation,True,True,,,True,False,False,-0.018168156500905752,"[[726.4800415039062,238.1400146484375,925.2000122070312,404.46002197265625]]",[],665.8443000051193
0001623,fall_hazard,rule_3,random_matched,42,beam,1200,900,"[1, 612, 1198, 899]","[3, 0, 1200, 287]",0.31809166666666666,0.31809166666666666,0.0,compliant,compliant,False,False,0.9968651184583849,0.00030000813802083336,False,False,False,-0.009142372091966,"[[328.20001220703125,597.1499633789062,370.20001220703125,704.25]]","[[0.6000000238418579,611.5499877929688,1198.2000732421875,898.6499633789062]]",497.39319999935105
0001623,fall_hazard,rule_3,random_matched,43,beam,1200,900,"[1, 612, 1198, 899]","[2, 339, 1199, 626]",0.31809166666666666,0.31809166666666666,0.024978592761220525,compliant,compliant,False,False,0.9496856539634474,0.00479998779296875,False,False,False,-0.015866198044802493,"[[329.4000244140625,625.0499877929688,366.6000061035156,698.8499755859375]]","[[0.6000000238418579,626.8499755859375,1198.2000732421875,898.6499633789062]]",502.36270000459626
0001623,fall_hazard,rule_3,random_matched,44,beam,1200,900,"[1, 612, 1198, 899]","[3, 146, 1200, 433]",0.31809166666666666,0.31809166666666666,0.0,compliant,compliant,False,False,0.9968651184583849,0.00030000813802083336,False,False,False,0.009367772078673786,"[[328.20001220703125,597.1499633789062,370.20001220703125,704.25]]","[[0.6000000238418579,611.5499877929688,1198.2000732421875,898.6499633789062]]",503.57649999205023
0001623,fall_hazard,rule_3,random_matched,45,beam,1200,900,"[1, 612, 1198, 899]","[2, 201, 1199, 488]",0.31809166666666666,0.31809166666666666,0.0,compliant,compliant,False,False,0.9968651184583849,0.00030000813802083336,False,False,False,0.00659231056592291,"[[329.4000244140625,598.9500122070312,366.6000061035156,698.8499755859375]]","[[0.6000000238418579,611.5499877929688,1198.2000732421875,898.6499633789062]]",503.9956999971764
0001623,fall_hazard,rule_3,random_matched,46,beam,1200,900,"[1, 612, 1198, 899]","[1, 268, 1198, 555]",0.31809166666666666,0.31809166666666666,0.0,compliant,compliant,False,False,0.9968651184583849,0.00030000813802083336,False,False,False,0.0068432659442936306,"[[328.20001220703125,597.1499633789062,370.20001220703125,704.25]]","[[0.6000000238418579,611.5499877929688,1198.2000732421875,898.6499633789062]]",545.9248999977717
0001623,fall_hazard,rule_3,targeted,-1,beam,1200,900,"[1, 612, 1198, 899]","[1, 612, 1198, 899]",0.31809166666666666,0.31809166666666666,1.0,compliant,compliant,False,False,0.9845201212388942,0.0015,False,False,False,-0.014024376070925104,"[[241.8000030517578,590.8499755859375,261.0,613.3499755859375]]","[[0.6000000238418579,607.9500122070312,1198.2000732421875,898.6499633789062]]",487.2253999928944
0001667,fall_hazard,rule_3,random_matched,42,beam,1200,900,"[1, 198, 1198, 266]","[1, 35, 1198, 103]",0.07536666666666667,0.07536666666666667,0.0,compliant,compliant,False,False,0.9866667540750583,0.0002999979654947917,False,False,False,0.0031135344345655236,"[[603.0,382.04998779296875,633.0,426.1499938964844]]","[[0.6000000238418579,199.34999084472656,1198.2000732421875,265.9499816894531]]",509.523699991405
0001667,fall_hazard,rule_3,random_matched,43,beam,1200,900,"[1, 198, 1198, 266]","[2, 273, 1199, 341]",0.07536666666666667,0.07536666666666667,0.0,compliant,compliant,False,False,0.9493669962436765,0.0012000020345052083,False,False,False,-0.007455616191561654,"[[603.0,382.04998779296875,633.0,426.1499938964844]]","[[0.6000000238418579,198.4499969482422,1198.2000732421875,269.54998779296875]]",511.3448000047356
0001667,fall_hazard,rule_3,random_matched,44,beam,1200,900,"[1, 198, 1198, 266]","[1, 336, 1198, 404]",0.07536666666666667,0.07536666666666667,0.0,compliant,compliant,False,False,0.9866667540750583,0.0002999979654947917,False,False,False,-0.009455288228179648,"[[387.0000305175781,403.6499938964844,612.6000366210938,587.25]]","[[0.6000000238418579,199.34999084472656,1198.2000732421875,265.9499816894531]]",506.4708999998402
0001667,fall_hazard,rule_3,random_matched,45,beam,1200,900,"[1, 198, 1198, 266]","[1, 637, 1198, 705]",0.07536666666666667,0.07536666666666667,0.0,compliant,compliant,False,False,0.9866667540750583,0.0002999979654947917,False,False,False,-0.010943631375474605,"[[603.0,382.04998779296875,633.0,426.1499938964844]]","[[0.6000000238418579,199.34999084472656,1198.2000732421875,265.9499816894531]]",517.8640999947675
0001667,fall_hazard,rule_3,random_matched,46,beam,1200,900,"[1, 198, 1198, 266]","[1, 424, 1198, 492]",0.07536666666666667,0.07536666666666667,0.0,compliant,compliant,False,False,1.0,0.0,False,False,False,-0.007891122251749039,"[[603.0,382.04998779296875,633.0,424.3499755859375]]","[[0.6000000238418579,198.4499969482422,1198.2000732421875,265.9499816894531]]",489.87649999617133
0001667,fall_hazard,rule_3,targeted,-1,beam,1200,900,"[1, 198, 1198, 266]","[1, 198, 1198, 266]",0.07536666666666667,0.07536666666666667,1.0,compliant,compliant,False,False,0.0,0.14258840449787,False,False,False,-0.015819227988166484,"[[603.0,382.04998779296875,633.0,426.1499938964844]]","[[387.0000305175781,266.8500061035156,635.4000244140625,587.25]]",514.6285999944666
0001699,fall_hazard,rule_2,random_matched,42,beam,1200,722,"[806, 98, 872, 153]","[426, 324, 492, 379]",0.004189750692520776,0.004189750692520776,0.0,compliant,compliant,False,False,1.0,0.0,False,False,False,-0.0001647347318274317,"[[802.2000122070312,96.38700103759766,876.6000366210938,218.40499877929688]]","[[805.800048828125,97.83100128173828,871.800048828125,153.4250030517578]]",500.2070000045933
0001699,fall_hazard,rule_2,random_matched,43,beam,1200,722,"[806, 98, 872, 153]","[435, 247, 501, 302]",0.004189750692520776,0.004189750692520776,0.0,compliant,compliant,False,False,1.0,0.0,False,False,False,0.0010137234348803759,"[[802.2000122070312,96.38700103759766,876.6000366210938,217.68299865722656]]","[[805.800048828125,97.83100128173828,871.800048828125,153.4250030517578]]",491.3663999905111
0001699,fall_hazard,rule_2,random_matched,44,beam,1200,722,"[806, 98, 872, 153]","[17, 435, 83, 490]",0.004189750692520776,0.004189750692520776,0.0,compliant,compliant,False,False,1.0,0.0,False,False,False,0.0023238239477255673,"[[802.2000122070312,96.38700103759766,876.6000366210938,217.68299865722656]]","[[805.800048828125,97.83100128173828,871.800048828125,153.4250030517578]]",471.7077999957837
0001699,fall_hazard,rule_2,random_matched,45,beam,1200,722,"[806, 98, 872, 153]","[274, 3, 340, 58]",0.004189750692520776,0.004189750692520776,0.0,compliant,compliant,False,False,1.0,0.0,False,False,False,0.0011194318732513087,"[[801.0000610351562,96.38700103759766,876.6000366210938,218.40499877929688]]","[[805.800048828125,97.83100128173828,871.800048828125,153.4250030517578]]",499.39749999612104
0001699,fall_hazard,rule_2,random_matched,46,beam,1200,722,"[806, 98, 872, 153]","[65, 418, 131, 473]",0.004189750692520776,0.004189750692520776,0.0,compliant,compliant,False,False,1.0,0.0,False,False,False,0.0011708420435233013,"[[801.0000610351562,96.38700103759766,876.6000366210938,218.40499877929688]]","[[805.800048828125,97.83100128173828,871.800048828125,153.4250030517578]]",515.6955999991624
0001699,fall_hazard,rule_2,targeted,-1,beam,1200,722,"[806, 98, 872, 153]","[806, 98, 872, 153]",0.004189750692520776,0.004189750692520776,1.0,compliant,violation,True,True,0.0,0.4343930668312876,False,False,False,-0.06971955419118914,"[[670.2000122070312,512.2589721679688,742.2000122070312,600.343017578125]]","[[316.20001220703125,458.1090087890625,408.6000061035156,549.802978515625]]",505.96260000020266
0001798,fall_hazard,rule_3,random_matched,42,beam,4000,3000,"[258, 1768, 1298, 2026]","[1420, 575, 2460, 833]",0.02236,0.02236,0.0,compliant,compliant,False,False,1.0,0.0,False,False,False,0.003034064945365733,"[[906.0,1849.5,994.0,1942.5]]","[[258.0,1768.5,1298.0,2026.5]]",707.3861999961082
0001798,fall_hazard,rule_3,random_matched,43,beam,4000,3000,"[258, 1768, 1298, 2026]","[425, 625, 1465, 883]",0.02236,0.02236,0.0,compliant,compliant,False,False,1.0,0.0,False,False,False,0.0004965178668498993,"[[906.0,1852.5,994.0,1942.5]]","[[258.0,1768.5,1298.0,2026.5]]",742.0166000083555
0001798,fall_hazard,rule_3,random_matched,44,beam,4000,3000,"[258, 1768, 1298, 2026]","[862, 741, 1902, 999]",0.02236,0.02236,0.0,compliant,compliant,False,False,1.0,0.0,False,False,False,0.001435611929212266,"[[906.0,1849.5,994.0,1942.5]]","[[258.0,1768.5,1298.0,2026.5]]",726.7018999991706
0001798,fall_hazard,rule_3,random_matched,45,beam,4000,3000,"[258, 1768, 1298, 2026]","[1344, 739, 2384, 997]",0.02236,0.02236,0.0,compliant,compliant,False,False,1.0,0.0,False,False,False,0.003575185313820839,"[[906.0,1852.5,994.0,1942.5]]","[[258.0,1768.5,1298.0,2026.5]]",765.8335999876726
0001798,fall_hazard,rule_3,random_matched,46,beam,4000,3000,"[258, 1768, 1298, 2026]","[2337, 2556, 3377, 2814]",0.02236,0.02236,0.0,compliant,compliant,False,False,1.0,0.0,False,False,False,0.0004477857479027181,"[[906.0,1849.5,994.0,1942.5]]","[[258.0,1768.5,1298.0,2026.5]]",779.1724999988219
0001798,fall_hazard,rule_3,targeted,-1,beam,4000,3000,"[258, 1768, 1298, 2026]","[258, 1768, 1298, 2026]",0.02236,0.02236,1.0,compliant,compliant,False,False,0.0,0.3733085051267919,False,False,False,-0.007910213034067803,"[[2110.0,1642.5,3182.0,2242.5]]","[[2110.0,1645.5,3178.0,2239.5]]",769.3797999963863
0001804,ppe_violation,rule_1,random_matched,42,beam,3648,2736,"[1924, 1394, 2125, 1534]","[1216, 1902, 1417, 2042]",0.0028193771160357033,0.0028193771160357033,0.0,compliant,compliant,False,False,1.0,0.0,False,False,False,-0.0019157807608800592,"[[1800.2879638671875,1396.72802734375,2471.52001953125,2671.7041015625]]","[[1924.3199462890625,1393.9920654296875,2124.9599609375,1533.528076171875]]",691.643700003624
0001804,ppe_violation,rule_1,random_matched,43,beam,3648,2736,"[1924, 1394, 2125, 1534]","[1004, 1379, 1205, 1519]",0.0028193771160357033,0.0028193771160357033,0.0,compliant,compliant,False,False,0.9803915564890966,0.00030000920881304824,False,False,False,-0.001966571368809289,"[[1800.2879638671875,1396.72802734375,2471.52001953125,2671.7041015625]]","[[1924.3199462890625,1393.9920654296875,2124.9599609375,1530.7919921875]]",717.3191000038059
0001804,ppe_violation,rule_1,random_matched,44,beam,3648,2736,"[1924, 1394, 2125, 1534]","[3368, 1719, 3569, 1859]",0.0028193771160357033,0.0028193771160357033,0.0,compliant,compliant,False,False,1.0,0.0,False,False,False,-0.0013670501565294924,"[[1800.2879638671875,1396.72802734375,2471.52001953125,2671.7041015625]]","[[1924.3199462890625,1393.9920654296875,2124.9599609375,1533.528076171875]]",687.5274999911198
0001804,ppe_violation,rule_1,random_matched,45,beam,3648,2736,"[1924, 1394, 2125, 1534]","[822, 876, 1023, 1016]",0.0028193771160357033,0.0028193771160357033,0.0,compliant,compliant,False,False,1.0,0.0,False,False,False,-0.002489452449871088,"[[1800.2879638671875,1396.72802734375,2471.52001953125,2671.7041015625]]","[[1924.3199462890625,1393.9920654296875,2124.9599609375,1533.528076171875]]",707.6330999989295
0001804,ppe_violation,rule_1,random_matched,46,beam,3648,2736,"[1924, 1394, 2125, 1534]","[2611, 1655, 2812, 1795]",0.0028193771160357033,0.0028193771160357033,0.0,compliant,compliant,False,False,1.0,0.0,False,False,False,-0.0010667328855822333,"[[1800.2879638671875,1396.72802734375,2471.52001953125,2671.7041015625]]","[[1924.3199462890625,1393.9920654296875,2124.9599609375,1533.528076171875]]",670.5228999926476
0001804,ppe_violation,rule_1,targeted,-1,beam,3648,2736,"[1924, 1394, 2125, 1534]","[1924, 1394, 2125, 1534]",0.0028193771160357033,0.0028193771160357033,1.0,compliant,compliant,False,False,0.6250000099412794,0.0028999970166192577,False,False,False,-0.020575925391832728,"[[1800.2879638671875,1435.031982421875,2471.52001953125,2671.7041015625]]","[[1909.72802734375,1383.0479736328125,2157.7919921875,1563.6240234375]]",746.4484999945853
0001842,ppe_violation,rule_1,random_matched,42,beam,1200,900,"[859, 469, 896, 498]","[336, 640, 373, 669]",0.0009935185185185186,0.0009935185185185186,0.0,violation,violation,False,False,1.0,0.0,False,False,False,-0.0005638294720224923,"[[589.800048828125,690.75,805.800048828125,898.6499633789062]]","[[858.6000366210938,469.3499755859375,895.800048828125,498.1499938964844]]",479.06959999818355
0001842,ppe_violation,rule_1,random_matched,43,beam,1200,900,"[859, 469, 896, 498]","[766, 684, 803, 713]",0.0009935185185185186,0.0009935185185185186,0.0,violation,violation,False,False,1.0,0.0,False,False,False,-0.0004270326213113851,"[[589.800048828125,690.75,805.800048828125,898.6499633789062]]","[[858.6000366210938,469.3499755859375,895.800048828125,498.1499938964844]]",499.5615999941947
0001842,ppe_violation,rule_1,random_matched,44,beam,1200,900,"[859, 469, 896, 498]","[787, 785, 824, 814]",0.0009935185185185186,0.0009935185185185186,0.0,violation,violation,False,False,1.0,0.0,False,False,False,-7.044643695874875e-05,"[[589.800048828125,690.75,805.800048828125,898.6499633789062]]","[[858.6000366210938,469.3499755859375,895.800048828125,498.1499938964844]]",527.2541999875102
0001842,ppe_violation,rule_1,random_matched,45,beam,1200,900,"[859, 469, 896, 498]","[545, 847, 582, 876]",0.0009935185185185186,0.0009935185185185186,0.0,violation,violation,False,False,1.0,0.0,False,False,False,-0.0003214630165271348,"[[589.800048828125,690.75,805.800048828125,898.6499633789062]]","[[858.6000366210938,469.3499755859375,895.800048828125,498.1499938964844]]",530.4559000069275
0001842,ppe_violation,rule_1,random_matched,46,beam,1200,900,"[859, 469, 896, 498]","[947, 543, 984, 572]",0.0009935185185185186,0.0009935185185185186,0.0,violation,violation,False,False,1.0,0.0,False,False,False,-0.0005613567440638789,"[[589.800048828125,690.75,805.800048828125,898.6499633789062]]","[[858.6000366210938,469.3499755859375,895.800048828125,498.1499938964844]]",510.85069999680854
0001842,ppe_violation,rule_1,targeted,-1,beam,1200,900,"[859, 469, 896, 498]","[859, 469, 896, 498]",0.0009935185185185186,0.0009935185185185186,1.0,violation,violation,False,False,0.0,0.2567972262465438,False,False,False,-0.01865967988435724,"[[589.800048828125,690.75,805.800048828125,898.6499633789062]]","[[545.4000244140625,252.4499969482422,574.2000122070312,278.54998779296875]]",496.4382000034675
0001981,fall_hazard,rule_3,random_matched,42,beam,1280,960,"[717, 600, 1278, 959]","[185, 452, 746, 811]",0.16389892578125,0.16389892578125,0.01542557080158012,violation,violation,False,False,0.9452055271745491,0.009599990844726562,False,False,False,0.0028385571869357085,"[[0.6399999856948853,622.5599975585938,85.1199951171875,770.3999633789062]]","[[748.1599731445312,599.5199584960938,1278.0799560546875,958.5599975585938]]",534.6015999966767
0001981,fall_hazard,rule_3,random_matched,43,beam,1280,960,"[717, 600, 1278, 959]","[528, 245, 1089, 604]",0.16389892578125,0.16389892578125,0.003707856769081259,violation,compliant,True,True,0.4341791945147844,0.22401627255295284,False,False,False,0.03042415272267096,"[[0.6399999856948853,622.5599975585938,85.1199951171875,770.3999633789062]]","[[0.6399999856948853,608.1599731445312,1278.0799560546875,958.5599975585938]]",592.8685000108089
0001981,fall_hazard,rule_3,random_matched,44,beam,1280,960,"[717, 600, 1278, 959]","[212, 176, 773, 535]",0.16389892578125,0.16389892578125,0.0,violation,violation,False,False,0.9954337939312125,0.0007999992370605469,False,False,False,-0.005136031058749935,"[[0.6399999856948853,622.5599975585938,85.1199951171875,770.3999633789062]]","[[720.0,599.5199584960938,1278.0799560546875,958.5599975585938]]",490.46739999903366
0001981,fall_hazard,rule_3,random_matched,45,beam,1280,960,"[717, 600, 1278, 959]","[339, 39, 900, 398]",0.16389892578125,0.16389892578125,0.0,violation,compliant,True,True,0.0,0.5892137351761958,False,False,False,0.027608498066131637,"[[0.6399999856948853,622.5599975585938,85.1199951171875,770.3999633789062]]","[[0.6399999856948853,720.47998046875,113.27999877929688,958.5599975585938]]",515.6774999923073
0001981,fall_hazard,rule_3,random_matched,46,beam,1280,960,"[717, 600, 1278, 959]","[604, 255, 1165, 614]",0.16389892578125,0.16389892578125,0.015817373892254228,violation,compliant,True,True,0.0,0.5892137351761958,False,False,False,0.03860795744029544,"[[0.6399999856948853,622.5599975585938,85.1199951171875,770.3999633789062]]","[[0.6399999856948853,720.47998046875,113.27999877929688,958.5599975585938]]",597.4149999965448
0001981,fall_hazard,rule_3,targeted,-1,beam,1280,960,"[717, 600, 1278, 959]","[717, 600, 1278, 959]",0.16389892578125,0.16389892578125,1.0,violation,compliant,True,True,0.0025713077525655326,0.39922103914753904,False,False,False,0.02482821712536476,"[[0.6399999856948853,623.5199584960938,83.83999633789062,770.3999633789062]]","[[0.6399999856948853,699.3599853515625,721.2799682617188,958.5599975585938]]",498.15810000291094
0001982,ppe_violation,rule_1,random_matched,42,beam,1200,900,"[1142, 597, 1168, 619]","[70, 681, 96, 703]",0.0005296296296296297,0.0005296296296296297,0.0,compliant,compliant,False,False,1.0,0.0,False,False,False,0.01200247489448103,"[[1129.800048828125,595.3499755859375,1198.2000732421875,770.8499755859375]]","[[1141.800048828125,597.1499633789062,1168.2000732421875,618.75]]",496.371299988823
0001982,ppe_violation,rule_1,random_matched,43,beam,1200,900,"[1142, 597, 1168, 619]","[89, 691, 115, 713]",0.0005296296296296297,0.0005296296296296297,0.0,compliant,compliant,False,False,1.0,0.0,False,False,False,0.01226040760853464,"[[1129.800048828125,595.3499755859375,1198.2000732421875,770.8499755859375]]","[[1141.800048828125,597.1499633789062,1168.2000732421875,618.75]]",521.4707999984967
0001982,ppe_violation,rule_1,random_matched,44,beam,1200,900,"[1142, 597, 1168, 619]","[908, 875, 934, 897]",0.0005296296296296297,0.0005296296296296297,0.0,compliant,compliant,False,False,1.0,0.0,False,False,False,0.013226093990462151,"[[1129.800048828125,595.3499755859375,1198.2000732421875,770.8499755859375]]","[[1141.800048828125,597.1499633789062,1168.2000732421875,618.75]]",490.1821999956155
0001982,ppe_violation,rule_1,random_matched,45,beam,1200,900,"[1142, 597, 1168, 619]","[1146, 515, 1172, 537]",0.0005296296296296297,0.0005296296296296297,0.0,compliant,compliant,False,False,1.0,0.0,False,False,False,0.012017305807343504,"[[1129.800048828125,595.3499755859375,1198.2000732421875,770.8499755859375]]","[[1141.800048828125,597.1499633789062,1168.2000732421875,618.75]]",575.5646999896271
0001982,ppe_violation,rule_1,random_matched,46,beam,1200,900,"[1142, 597, 1168, 619]","[266, 28, 292, 50]",0.0005296296296296297,0.0005296296296296297,0.0,compliant,compliant,False,False,1.0,0.0,False,False,False,0.01149566910628752,"[[1129.800048828125,595.3499755859375,1198.2000732421875,770.8499755859375]]","[[1141.800048828125,597.1499633789062,1168.2000732421875,618.75]]",468.1946000055177
0001982,ppe_violation,rule_1,targeted,-1,beam,1200,900,"[1142, 597, 1168, 619]","[1142, 597, 1168, 619]",0.0005296296296296297,0.0005296296296296297,1.0,compliant,compliant,False,False,0.6285735322800085,0.000799967448175378,False,False,False,0.015350430538611737,"[[1129.800048828125,593.5499877929688,1198.2000732421875,771.75]]","[[1139.4000244140625,594.4500122070312,1173.0,621.4500122070312]]",537.1687000006204
0001986,ppe_violation,rule_1,random_matched,42,beam,1200,900,"[500, 375, 524, 400]","[175, 830, 199, 855]",0.0005555555555555556,0.0005555555555555556,0.0,violation,violation,False,False,1.0,0.0,False,False,False,-0.0005699842170413527,"[[733.800048828125,416.25,780.6000366210938,525.1499633789062]]","[[499.8000183105469,374.8499755859375,523.800048828125,400.04998779296875]]",523.1559999956517
0001986,ppe_violation,rule_1,random_matched,43,beam,1200,900,"[500, 375, 524, 400]","[365, 470, 389, 495]",0.0005555555555555556,0.0005555555555555556,0.0,violation,violation,False,False,1.0,0.0,False,False,False,-3.664198863717605e-05,"[[733.800048828125,416.25,780.6000366210938,525.1499633789062]]","[[499.8000183105469,374.8499755859375,523.800048828125,400.04998779296875]]",477.3605999944266
0001986,ppe_violation,rule_1,random_matched,44,beam,1200,900,"[500, 375, 524, 400]","[191, 174, 215, 199]",0.0005555555555555556,0.0005555555555555556,0.0,violation,violation,False,False,1.0,0.0,False,False,False,-0.00013805779495401627,"[[733.800048828125,416.25,780.6000366210938,525.1499633789062]]","[[499.8000183105469,374.8499755859375,523.800048828125,400.04998779296875]]",507.49039999209344
0001986,ppe_violation,rule_1,random_matched,45,beam,1200,900,"[500, 375, 524, 400]","[803, 835, 827, 860]",0.0005555555555555556,0.0005555555555555556,0.0,violation,violation,False,False,1.0,0.0,False,False,False,0.000491272258971498,"[[733.800048828125,416.25,780.6000366210938,525.1499633789062]]","[[499.8000183105469,374.8499755859375,523.800048828125,400.04998779296875]]",504.0361999999732
0001986,ppe_violation,rule_1,random_matched,46,beam,1200,900,"[500, 375, 524, 400]","[471, 351, 495, 376]",0.0005555555555555556,0.0005555555555555556,0.0,violation,violation,False,False,0.882141786476993,0.0004000040691397657,False,False,False,-0.0002292368694075675,"[[733.800048828125,416.25,780.6000366210938,525.1499633789062]]","[[501.0000305175781,375.75,523.800048828125,399.1499938964844]]",532.1328999998514
0001986,ppe_violation,rule_1,targeted,-1,beam,1200,900,"[500, 375, 524, 400]","[500, 375, 524, 400]",0.0005555555555555556,0.0005555555555555556,1.0,violation,violation,False,False,0.0,0.47059128917603693,False,False,False,-0.004386604630521318,"[[733.800048828125,416.25,780.6000366210938,525.1499633789062]]","[[1155.0,112.94999694824219,1177.800048828125,133.64999389648438]]",520.8626999956323
0001989,fall_hazard,rule_3,random_matched,42,beam,1280,960,"[531, 548, 1278, 902]","[51, 179, 798, 533]",0.2152001953125,0.2152001953125,0.0,compliant,compliant,False,False,0.9702702781653094,0.003299999237060547,False,False,False,0.035408707402114326,"[[1162.8800048828125,659.0399780273438,1249.919921875,821.2799682617188]]","[[530.5599975585938,557.2799682617188,1278.0799560546875,902.8800048828125]]",530.6361999973888
0001989,fall_hazard,rule_3,random_matched,43,beam,1280,960,"[531, 548, 1278, 902]","[31, 27, 778, 381]",0.2152001953125,0.2152001953125,0.0,compliant,compliant,False,False,0.9866310492237074,0.0003000068664550781,False,False,False,0.0014391481277665763,"[[432.0,471.8399963378906,512.6400146484375,679.2000122070312]]","[[530.5599975585938,544.7999877929688,1278.0799560546875,903.8399658203125]]",491.35180001030676
0001989,fall_hazard,rule_3,random_matched,44,beam,1280,960,"[531, 548, 1278, 902]","[57, 226, 804, 580]",0.2152001953125,0.2152001953125,0.016795478140500635,compliant,compliant,False,False,0.9077384463008085,0.009932268293833951,False,False,False,0.03837003632049474,"[[1164.1600341796875,659.0399780273438,1251.199951171875,821.2799682617188]]","[[528.0,579.3599853515625,1278.0799560546875,901.9199829101562]]",534.6227999980329
0001989,fall_hazard,rule_3,random_matched,45,beam,1280,960,"[531, 548, 1278, 902]","[23, 36, 770, 390]",0.2152001953125,0.2152001953125,0.0,compliant,compliant,False,False,0.9866310492237074,0.0003000068664550781,False,False,False,0.0020136479288339615,"[[432.0,471.8399963378906,512.6400146484375,679.2000122070312]]","[[530.5599975585938,544.7999877929688,1278.0799560546875,903.8399658203125]]",500.4918000049656
0001989,fall_hazard,rule_3,random_matched,46,beam,1280,960,"[531, 548, 1278, 902]","[337, 200, 1084, 554]",0.2152001953125,0.2152001953125,0.006313289874761682,compliant,compliant,False,False,0.9669768649547754,0.003395584448058633,False,False,False,-0.027578001708856714,"[[432.0,552.47998046875,513.9199829101562,680.1599731445312]]","[[528.0,558.239990234375,1278.0799560546875,901.9199829101562]]",575.9117999987211
0001989,fall_hazard,rule_3,targeted,-1,beam,1280,960,"[531, 548, 1278, 902]","[531, 548, 1278, 902]",0.2152001953125,0.2152001953125,1.0,compliant,violation,True,True,0.004947869309910739,0.19688232740444878,False,False,False,-0.04608239785635049,"[[432.0,471.8399963378906,512.6400146484375,679.2000122070312]]","[[804.47998046875,330.7200012207031,1278.0799560546875,551.5199584960938]]",498.8165999966441
0002042,struck_by_risk,rule_4,random_matched,42,beam,1200,900,"[217, 57, 1057, 772]","[2, 181, 842, 896]",0.5561111111111111,0.5561111111111111,0.44405373726444863,safe,hazard,True,True,0.2335768684006312,0.2000947818500844,False,False,False,0.044467473786974576,"[[779.4000244140625,57.14999771118164,1055.4000244140625,562.0499877929688]]","[[779.4000244140625,57.14999771118164,1056.60009765625,562.9500122070312]]",525.0788999983342
0002042,struck_by_risk,rule_4,random_matched,43,beam,1200,900,"[217, 57, 1057, 772]","[7, 180, 847, 895]",0.5561111111111111,0.5561111111111111,0.45030425963488846,safe,safe,False,False,0.23155453781404436,0.20084502682368044,False,False,False,0.026647227771934956,"[[0.6000000238418579,592.6499633789062,11.40000057220459,742.0499877929688]]","[[781.800048828125,57.14999771118164,1056.60009765625,562.9500122070312]]",601.5728999918792
0002042,struck_by_risk,rule_4,random_matched,44,beam,1200,900,"[217, 57, 1057, 772]","[0, 183, 840, 898]",0.5561111111111111,0.5561111111111111,0.4398509804579666,safe,hazard,True,True,0.23559914755721476,0.19934494293664543,False,False,False,0.04012979602529887,"[[777.0000610351562,57.14999771118164,1055.4000244140625,562.0499877929688]]","[[777.0000610351562,57.14999771118164,1056.60009765625,562.9500122070312]]",541.4142999943579
0002042,struck_by_risk,rule_4,random_matched,45,beam,1200,900,"[217, 57, 1057, 772]","[3, 172, 843, 887]",0.5561111111111111,0.5561111111111111,0.45494186046511625,safe,hazard,True,True,0.2184095432912398,0.20573070212507188,False,False,False,0.07150128950911849,"[[840.6000366210938,174.14999389648438,915.0000610351562,234.4499969482422]]","[[797.4000244140625,57.14999771118164,1056.60009765625,562.9500122070312]]",501.61029999435414
0002042,struck_by_risk,rule_4,random_matched,46,beam,1200,900,"[217, 57, 1057, 772]","[34, 179, 874, 894]",0.5561111111111111,0.5561111111111111,0.48004125189902896,safe,safe,False,False,0.23054337252075097,0.20122029308113187,False,False,False,0.008164527811228228,"[[0.6000000238418579,592.6499633789062,25.80000114440918,742.0499877929688]]","[[783.0000610351562,57.14999771118164,1056.60009765625,562.9500122070312]]",535.8279999927618
0002042,struck_by_risk,rule_4,targeted,-1,beam,1200,900,"[217, 57, 1057, 772]","[217, 57, 1057, 772]",0.5561111111111111,0.5561111111111111,1.0,safe,hazard,True,True,0.00044363896038042465,0.3905004722621676,False,False,False,0.03440337166899721,"[[0.6000000238418579,591.75,27.000001907348633,742.949951171875]]","[[17.400001525878906,629.5499877929688,219.00001525878906,744.75]]",557.4695999966934
0002092,fall_hazard,rule_2,random_matched,42,beam,1200,900,"[640, 430, 718, 482]","[243, 752, 321, 804]",0.0037555555555555554,0.0037555555555555554,0.0,compliant,compliant,False,False,1.0,0.0,False,False,False,-4.6614624027663254e-05,"[[611.4000244140625,414.4499816894531,646.2000122070312,483.75]]","[[640.2000122070312,429.75,718.2000122070312,481.9499816894531]]",551.8124999944121
0002092,fall_hazard,rule_2,random_matched,43,beam,1200,900,"[640, 430, 718, 482]","[943, 46, 1021, 98]",0.0037555555555555554,0.0037555555555555554,0.0,compliant,compliant,False,False,1.0,0.0,False,False,False,-0.0007528759805218721,"[[611.4000244140625,414.4499816894531,646.2000122070312,483.75]]","[[640.2000122070312,429.75,718.2000122070312,481.9499816894531]]",568.8801999931457
0002092,fall_hazard,rule_2,random_matched,44,beam,1200,900,"[640, 430, 718, 482]","[348, 752, 426, 804]",0.0037555555555555554,0.0037555555555555554,0.0,compliant,compliant,False,False,1.0,0.0,False,False,False,-0.0003349892795085907,"[[611.4000244140625,414.4499816894531,646.2000122070312,483.75]]","[[640.2000122070312,429.75,718.2000122070312,481.9499816894531]]",609.6954999957234
0002092,fall_hazard,rule_2,random_matched,45,beam,1200,900,"[640, 430, 718, 482]","[514, 448, 592, 500]",0.0037555555555555554,0.0037555555555555554,0.0,compliant,compliant,False,False,0.5523806968701227,0.009178767130307776,False,False,False,0.0019879021149661336,"[[612.6000366210938,414.4499816894531,646.2000122070312,483.75]]","[[612.6000366210938,415.3499755859375,721.800048828125,482.8499755859375]]",542.8591999952914
0002092,fall_hazard,rule_2,random_matched,46,beam,1200,900,"[640, 430, 718, 482]","[5, 84, 83, 136]",0.0037555555555555554,0.0037555555555555554,0.0,compliant,compliant,False,False,1.0,0.0,False,False,False,-1.9662481333448945e-05,"[[611.4000244140625,414.4499816894531,646.2000122070312,483.75]]","[[640.2000122070312,429.75,718.2000122070312,481.9499816894531]]",519.3476999993436
0002092,fall_hazard,rule_2,targeted,-1,beam,1200,900,"[640, 430, 718, 482]","[640, 430, 718, 482]",0.0037555555555555554,0.0037555555555555554,1.0,compliant,compliant,False,False,0.0,0.18250259369143704,False,False,False,0.032595578181956575,"[[587.4000244140625,678.1499633789062,633.0,778.0499877929688]]","[[588.6000366210938,695.25,629.4000244140625,745.6499633789062]]",531.346299991128
0002150,fall_hazard,rule_3,random_matched,42,beam,1280,960,"[445, 672, 1278, 959]","[299, 358, 1132, 645]",0.19455647786458333,0.19455647786458333,0.0,compliant,compliant,False,False,0.9786905495834842,0.0019209335775455729,False,False,False,0.0023373004514724016,"[[236.1599884033203,666.719970703125,325.7599792480469,785.760009765625]]","[[448.6399841308594,677.2799682617188,1278.0799560546875,958.5599975585938]]",503.15419999242295
0002150,fall_hazard,rule_3,random_matched,43,beam,1280,960,"[445, 672, 1278, 959]","[366, 37, 1199, 324]",0.19455647786458333,0.19455647786458333,0.0,compliant,compliant,False,False,0.8598059001624304,0.014150970080656536,False,False,False,0.024854892332639045,"[[236.1599884033203,665.760009765625,325.7599792480469,785.760009765625]]","[[440.9599914550781,627.3599853515625,1278.0799560546875,958.5599975585938]]",509.9670000054175
0002150,fall_hazard,rule_3,random_matched,44,beam,1280,960,"[445, 672, 1278, 959]","[226, 32, 1059, 319]",0.19455647786458333,0.19455647786458333,0.0,compliant,compliant,False,False,0.8598059001624304,0.014150970080656536,False,False,False,0.039692064065353194,"[[236.1599884033203,665.760009765625,325.7599792480469,785.760009765625]]","[[440.9599914550781,627.3599853515625,1278.0799560546875,958.5599975585938]]",555.6062999967253
0002150,fall_hazard,rule_3,random_matched,45,beam,1280,960,"[445, 672, 1278, 959]","[409, 298, 1242, 585]",0.19455647786458333,0.19455647786458333,0.0,compliant,compliant,False,False,0.9870218550967034,0.0012041600914670012,False,False,False,-0.013545273287620896,"[[236.1599884033203,666.719970703125,325.7599792480469,785.760009765625]]","[[447.3599853515625,669.5999755859375,1278.0799560546875,958.5599975585938]]",528.5020000010263
0002150,fall_hazard,rule_3,random_matched,46,beam,1280,960,"[445, 672, 1278, 959]","[447, 319, 1280, 606]",0.19455647786458333,0.19455647786458333,0.0,compliant,compliant,False,False,0.8186813618678742,0.01979999542236328,False,False,False,0.022583793582660827,"[[236.1599884033203,665.760009765625,325.7599792480469,785.760009765625]]","[[444.79998779296875,609.1199951171875,1278.0799560546875,958.5599975585938]]",508.73469999351073
0002150,fall_hazard,rule_3,targeted,-1,beam,1280,960,"[445, 672, 1278, 959]","[445, 672, 1278, 959]",0.19455647786458333,0.19455647786458333,1.0,compliant,compliant,False,False,0.0,0.5381903220769905,False,False,False,0.09966748886342558,"[[236.1599884033203,666.719970703125,325.7599792480469,785.760009765625]]","[[0.6399999856948853,330.7200012207031,218.239990234375,461.2799987792969]]",516.246900006081
0002153,ppe_violation,rule_1,random_matched,42,beam,1200,900,"[152, 378, 199, 420]","[1116, 857, 1163, 899]",0.0018277777777777778,0.0018277777777777778,0.0,compliant,compliant,False,False,0.9352037432987453,0.0003999989828767465,False,False,False,-0.001789561339787027,"[[45.0,362.25,199.8000030517578,645.75]]","[[150.60000610351562,376.6499938964844,198.60000610351562,420.75]]",549.1903999936767
0002153,ppe_violation,rule_1,random_matched,43,beam,1200,900,"[152, 378, 199, 420]","[362, 92, 409, 134]",0.0018277777777777778,0.0018277777777777778,0.0,compliant,compliant,False,False,1.0,0.0,False,False,False,-0.0007110493523734274,"[[45.0,362.25,199.8000030517578,645.75]]","[[151.8000030517578,377.54998779296875,198.60000610351562,419.8499755859375]]",500.278999999864
0002153,ppe_violation,rule_1,random_matched,44,beam,1200,900,"[152, 378, 199, 420]","[310, 346, 357, 388]",0.0018277777777777778,0.0018277777777777778,0.0,compliant,compliant,False,False,1.0,0.0,False,False,False,-0.0024794209748506546,"[[45.0,362.25,201.00001525878906,649.3499755859375]]","[[151.8000030517578,377.54998779296875,198.60000610351562,419.8499755859375]]",510.8676999952877
0002153,ppe_violation,rule_1,random_matched,45,beam,1200,900,"[152, 378, 199, 420]","[529, 482, 576, 524]",0.0018277777777777778,0.0018277777777777778,0.0,compliant,compliant,False,False,0.9546870169817379,0.0005000040690611216,False,False,False,0.0004988542890974612,"[[45.0,362.25,199.8000030517578,643.9500122070312]]","[[150.60000610351562,377.54998779296875,198.60000610351562,420.75]]",559.6798000042327
0002153,ppe_violation,rule_1,random_matched,46,beam,1200,900,"[152, 378, 199, 420]","[557, 577, 604, 619]",0.0018277777777777778,0.0018277777777777778,0.0,compliant,compliant,False,False,1.0,0.0,False,False,False,0.00020507230822530698,"[[45.0,362.25,199.8000030517578,643.9500122070312]]","[[151.8000030517578,377.54998779296875,198.60000610351562,419.8499755859375]]",515.2420999947935
0002153,ppe_violation,rule_1,targeted,-1,beam,1200,900,"[152, 378, 199, 420]","[152, 378, 199, 420]",0.0018277777777777778,0.0018277777777777778,1.0,compliant,compliant,False,False,0.0,0.058636593312339814,False,False,False,-0.041795813212437194,"[[45.0,362.25,203.40000915527344,652.0499877929688]]","[[239.40000915527344,363.1499938964844,282.6000061035156,395.54998779296875]]",507.2016999911284
0002158,fall_hazard,rule_2,random_matched,42,beam,1200,900,"[339, 629, 370, 660]","[348, 830, 379, 861]",0.0008898148148148149,0.0008898148148148149,0.0,violation,violation,False,False,0.9629626141111668,0.00040000406901041666,False,False,False,-5.826613466652919e-05,"[[586.2000122070312,589.0499877929688,640.2000122070312,653.8499755859375]]","[[339.0,628.6499633789062,371.4000244140625,660.1499633789062]]",558.9883000066038
0002158,fall_hazard,rule_2,random_matched,43,beam,1200,900,"[339, 629, 370, 660]","[70, 315, 101, 346]",0.0008898148148148149,0.0008898148148148149,0.0,violation,violation,False,False,0.9629626141111668,0.00040000406901041666,False,False,False,0.0007246559086654392,"[[586.2000122070312,589.0499877929688,640.2000122070312,653.8499755859375]]","[[339.0,628.6499633789062,371.4000244140625,660.1499633789062]]",472.4516999995103
0002158,fall_hazard,rule_2,random_matched,44,beam,1200,900,"[339, 629, 370, 660]","[823, 362, 854, 393]",0.0008898148148148149,0.0008898148148148149,0.0,violation,violation,False,False,1.0,0.0,False,False,False,-4.451934780391742e-05,"[[586.2000122070312,589.0499877929688,640.2000122070312,653.8499755859375]]","[[339.0,628.6499633789062,370.20001220703125,660.1499633789062]]",507.430600002408
0002158,fall_hazard,rule_2,random_matched,45,beam,1200,900,"[339, 629, 370, 660]","[714, 511, 745, 542]",0.0008898148148148149,0.0008898148148148149,0.0,violation,violation,False,False,1.0,0.0,False,False,False,0.0006338744424283504,"[[586.2000122070312,589.0499877929688,640.2000122070312,653.8499755859375]]","[[339.0,628.6499633789062,370.20001220703125,660.1499633789062]]",495.55390000750776
0002158,fall_hazard,rule_2,random_matched,46,beam,1200,900,"[339, 629, 370, 660]","[270, 568, 301, 599]",0.0008898148148148149,0.0008898148148148149,0.0,violation,violation,False,False,0.9629626141111668,0.00040000406901041666,False,False,False,4.128486450227786e-05,"[[586.2000122070312,589.0499877929688,640.2000122070312,653.8499755859375]]","[[339.0,628.6499633789062,371.4000244140625,660.1499633789062]]",477.6662999938708
0002158,fall_hazard,rule_2,targeted,-1,beam,1200,900,"[339, 629, 370, 660]","[339, 629, 370, 660]",0.0008898148148148149,0.0008898148148148149,1.0,violation,compliant,True,True,0.0,0.17371115245517593,False,False,False,0.007797162048518658,"[[586.2000122070312,589.0499877929688,640.2000122070312,653.8499755859375]]","[[587.4000244140625,590.8499755859375,636.6000366210938,616.9500122070312]]",528.2012999959989
0002178,fall_hazard,rule_3,random_matched,42,beam,960,1280,"[0, 670, 572, 1278]","[122, 24, 694, 632]",0.28302083333333333,0.28302083333333333,0.0,compliant,violation,True,True,0.9825957725627236,0.0025298197155083145,False,False,False,-0.022570249657811847,"[[827.0399780273438,380.79998779296875,891.3599853515625,540.7999877929688]]","[[0.47999998927116394,667.5199584960938,579.3599853515625,1278.0799560546875]]",497.28540000796784
0002178,fall_hazard,rule_3,random_matched,43,beam,960,1280,"[0, 670, 572, 1278]","[279, 116, 851, 724]",0.28302083333333333,0.28302083333333333,0.023276889353125507,compliant,compliant,False,False,0.5961923786486112,0.1209000015258789,False,False,False,0.024885160737626588,"[[34.07999801635742,393.6000061035156,88.79999542236328,593.2799682617188]]","[[0.47999998927116394,670.0799560546875,958.5599975585938,1278.0799560546875],[0.47999998927116394,671.3599853515625,571.6799926757812,1278.0799560546875]]",561.1323999910383
0002178,fall_hazard,rule_3,random_matched,44,beam,960,1280,"[0, 670, 572, 1278]","[248, 55, 820, 663]",0.28302083333333333,0.28302083333333333,0.0,compliant,compliant,False,False,0.5936926226215286,0.12090264830737504,False,False,False,0.02153907235090924,"[[34.07999801635742,393.6000061035156,88.79999542236328,593.2799682617188]]","[[0.47999998927116394,667.5199584960938,958.5599975585938,1278.0799560546875],[0.47999998927116394,670.0799560546875,571.6799926757812,1278.0799560546875]]",549.1754999966361
0002178,fall_hazard,rule_3,random_matched,45,beam,960,1280,"[0, 670, 572, 1278]","[298, 6, 870, 614]",0.28302083333333333,0.28302083333333333,0.0,compliant,compliant,False,False,1.0,0.0,False,False,False,-0.028270226404336962,"[[33.119998931884766,393.6000061035156,87.83999633789062,593.2799682617188]]","[[0.47999998927116394,670.0799560546875,571.6799926757812,1278.0799560546875]]",513.7946000031661
0002178,fall_hazard,rule_3,random_matched,46,beam,960,1280,"[0, 670, 572, 1278]","[62, 69, 634, 677]",0.28302083333333333,0.28302083333333333,0.0051590937336520315,compliant,violation,True,True,0.9957893773129113,0.000800018310546875,False,False,False,-0.03545160671429981,"[[827.0399780273438,380.79998779296875,891.3599853515625,540.7999877929688]]","[[0.47999998927116394,672.6400146484375,571.6799926757812,1278.0799560546875]]",479.00330000265967
0002178,fall_hazard,rule_3,targeted,-1,beam,960,1280,"[0, 670, 572, 1278]","[0, 670, 572, 1278]",0.28302083333333333,0.28302083333333333,1.0,compliant,violation,True,True,0.0,0.406265322298076,False,False,False,0.04819307283365304,"[[34.07999801635742,393.6000061035156,87.83999633789062,593.2799682617188]]","[[734.8800048828125,542.0800170898438,958.5599975585938,748.1599731445312]]",498.2529999979306
0002211,ppe_violation,rule_1,random_matched,42,beam,1200,900,"[393, 573, 406, 583]","[58, 160, 71, 170]",0.00012037037037037037,0.00012037037037037037,0.0,compliant,compliant,False,False,1.0,0.0,False,False,False,-0.002028585012469941,"[[384.6000061035156,572.8499755859375,413.4000244140625,635.8499755859375]]","[[393.0000305175781,572.8499755859375,406.20001220703125,582.75]]",489.66059999656864
0002211,ppe_violation,rule_1,random_matched,43,beam,1200,900,"[393, 573, 406, 583]","[290, 149, 303, 159]",0.00012037037037037037,0.00012037037037037037,0.0,compliant,compliant,False,False,1.0,0.0,False,False,False,-0.001934511587023735,"[[384.6000061035156,572.8499755859375,413.4000244140625,635.8499755859375]]","[[393.0000305175781,572.8499755859375,406.20001220703125,582.75]]",522.0374999917112
0002211,ppe_violation,rule_1,random_matched,44,beam,1200,900,"[393, 573, 406, 583]","[125, 537, 138, 547]",0.00012037037037037037,0.00012037037037037037,0.0,compliant,compliant,False,False,1.0,0.0,False,False,False,-0.0009376823103853793,"[[384.6000061035156,572.8499755859375,413.4000244140625,635.8499755859375]]","[[393.0000305175781,572.8499755859375,406.20001220703125,582.75]]",534.6054999972694
0002211,ppe_violation,rule_1,random_matched,45,beam,1200,900,"[393, 573, 406, 583]","[33, 357, 46, 367]",0.00012037037037037037,0.00012037037037037037,0.0,compliant,compliant,False,False,1.0,0.0,False,False,False,2.2861574377364136e-05,"[[384.6000061035156,572.8499755859375,413.4000244140625,635.8499755859375]]","[[393.0000305175781,572.8499755859375,406.20001220703125,582.75]]",521.7357000074117
0002211,ppe_violation,rule_1,random_matched,46,beam,1200,900,"[393, 573, 406, 583]","[1074, 67, 1087, 77]",0.00012037037037037037,0.00012037037037037037,0.0,compliant,compliant,False,False,0.8264453893390973,0.0005000000001034803,False,False,False,-0.0004511800195489135,"[[384.6000061035156,572.8499755859375,413.4000244140625,635.8499755859375]]","[[394.20001220703125,573.75,406.20001220703125,582.75]]",513.8976000016555
0002211,ppe_violation,rule_1,targeted,-1,beam,1200,900,"[393, 573, 406, 583]","[393, 573, 406, 583]",0.00012037037037037037,0.00012037037037037037,1.0,compliant,compliant,False,False,0.5761915165088177,0.0013416498851531828,False,False,False,0.03762308162237915,"[[384.6000061035156,570.1499633789062,415.8000183105469,635.8499755859375]]","[[393.0000305175781,571.9500122070312,409.8000183105469,585.4500122070312]]",552.8473000013037
0002260,ppe_violation,rule_1,random_matched,42,beam,1200,900,"[711, 707, 723, 715]","[526, 587, 538, 595]",8.888888888888889e-05,8.888888888888889e-05,0.0,compliant,compliant,False,False,1.0,0.0,False,False,False,9.595310049403949e-05,"[[708.6000366210938,706.0499877929688,732.6000366210938,768.1499633789062]]","[[711.0,706.949951171875,723.0,715.0499877929688]]",475.18760000821203
0002260,ppe_violation,rule_1,random_matched,43,beam,1200,900,"[711, 707, 723, 715]","[1028, 421, 1040, 429]",8.888888888888889e-05,8.888888888888889e-05,0.0,compliant,compliant,False,False,1.0,0.0,False,False,False,-9.231708411661099e-05,"[[708.6000366210938,706.0499877929688,732.6000366210938,768.1499633789062]]","[[711.0,706.949951171875,723.0,715.0499877929688]]",519.4447999965632
0002260,ppe_violation,rule_1,random_matched,44,beam,1200,900,"[711, 707, 723, 715]","[604, 878, 616, 886]",8.888888888888889e-05,8.888888888888889e-05,0.0,compliant,compliant,False,False,1.0,0.0,False,False,False,-0.0008737321144768329,"[[708.6000366210938,706.0499877929688,732.6000366210938,768.1499633789062]]","[[711.0,706.949951171875,723.0,715.0499877929688]]",513.7399000086589
0002260,ppe_violation,rule_1,random_matched,45,beam,1200,900,"[711, 707, 723, 715]","[1090, 572, 1102, 580]",8.888888888888889e-05,8.888888888888889e-05,0.0,compliant,compliant,False,False,1.0,0.0,False,False,False,0.0002817632630467415,"[[708.6000366210938,706.0499877929688,732.6000366210938,768.1499633789062]]","[[711.0,706.949951171875,723.0,715.0499877929688]]",565.403000000515
0002260,ppe_violation,rule_1,random_matched,46,beam,1200,900,"[711, 707, 723, 715]","[969, 0, 981, 8]",8.888888888888889e-05,8.888888888888889e-05,0.0,compliant,compliant,False,False,1.0,0.0,False,False,False,-0.00013421648847211642,"[[708.6000366210938,706.0499877929688,731.4000244140625,768.1499633789062]]","[[711.0,706.949951171875,723.0,715.0499877929688]]",511.4392000104999
0002260,ppe_violation,rule_1,targeted,-1,beam,1200,900,"[711, 707, 723, 715]","[711, 707, 723, 715]",8.888888888888889e-05,8.888888888888889e-05,1.0,compliant,violation,True,True,0.0,0.12945584679546862,False,False,False,0.05872715018423541,"[[708.6000366210938,705.1499633789062,732.6000366210938,768.1499633789062]]","[[897.0000610351562,727.6499633789062,922.2000122070312,743.8499755859375]]",542.901199994958
0002262,ppe_violation,rule_1,random_matched,42,beam,1200,901,"[767, 323, 801, 348]","[908, 238, 942, 263]",0.0007861635220125787,0.0007861635220125787,0.0,compliant,compliant,False,False,1.0,0.0,False,False,False,-0.0009003063397747813,"[[715.800048828125,321.2065124511719,840.6000366210938,430.2275085449219]]","[[767.4000244140625,323.0085144042969,801.0000610351562,348.23651123046875]]",485.687099993811
0002262,ppe_violation,rule_1,random_matched,43,beam,1200,901,"[767, 323, 801, 348]","[870, 460, 904, 485]",0.0007861635220125787,0.0007861635220125787,0.0,compliant,compliant,False,False,1.0,0.0,False,False,False,0.001114130286233861,"[[715.800048828125,321.2065124511719,840.6000366210938,430.2275085449219]]","[[767.4000244140625,323.0085144042969,801.0000610351562,348.23651123046875]]",506.7189000110375
0002262,ppe_violation,rule_1,random_matched,44,beam,1200,901,"[767, 323, 801, 348]","[254, 553, 288, 578]",0.0007861635220125787,0.0007861635220125787,0.0,compliant,compliant,False,False,1.0,0.0,False,False,False,0.0005700889575694923,"[[715.800048828125,321.2065124511719,840.6000366210938,430.2275085449219]]","[[767.4000244140625,323.0085144042969,801.0000610351562,348.23651123046875]]",511.7192000034265
0002262,ppe_violation,rule_1,random_matched,45,beam,1200,901,"[767, 323, 801, 348]","[690, 535, 724, 560]",0.0007861635220125787,0.0007861635220125787,0.0,compliant,compliant,False,False,1.0,0.0,False,False,False,-6.214429491335771e-05,"[[715.800048828125,321.2065124511719,840.6000366210938,430.2275085449219]]","[[767.4000244140625,323.0085144042969,801.0000610351562,348.23651123046875]]",510.71019998926204
0002262,ppe_violation,rule_1,random_matched,46,beam,1200,901,"[767, 323, 801, 348]","[237, 94, 271, 119]",0.0007861635220125787,0.0007861635220125787,0.0,compliant,compliant,False,False,1.0,0.0,False,False,False,0.000500519959522161,"[[715.800048828125,321.2065124511719,840.6000366210938,430.2275085449219]]","[[767.4000244140625,323.0085144042969,801.0000610351562,348.23651123046875]]",503.52339999517426
0002262,ppe_violation,rule_1,targeted,-1,beam,1200,901,"[767, 323, 801, 348]","[767, 323, 801, 348]",0.0007861635220125787,0.0007861635220125787,1.0,compliant,compliant,False,False,0.0,0.027691884333271983,False,False,False,-0.030357783992907783,"[[715.800048828125,320.3055114746094,840.6000366210938,430.2275085449219]]","[[767.4000244140625,283.364501953125,795.0000610351562,304.9884948730469]]",520.1434000045992
0002291,ppe_violation,rule_1,random_matched,42,beam,1200,800,"[200, 396, 218, 408]","[193, 141, 211, 153]",0.000225,0.000225,0.0,compliant,compliant,False,False,1.0,0.0,False,False,False,-0.00019662168675238512,"[[179.40000915527344,394.8000183105469,231.00001525878906,457.20001220703125]]","[[199.8000030517578,395.6000061035156,217.8000030517578,408.3999938964844]]",475.6078000064008
0002291,ppe_violation,rule_1,random_matched,43,beam,1200,800,"[200, 396, 218, 408]","[422, 383, 440, 395]",0.000225,0.000225,0.0,compliant,compliant,False,False,1.0,0.0,False,False,False,0.0003430486124540444,"[[179.40000915527344,394.8000183105469,231.00001525878906,457.20001220703125]]","[[199.8000030517578,395.6000061035156,217.8000030517578,408.3999938964844]]",556.8611000053352
0002291,ppe_violation,rule_1,random_matched,44,beam,1200,800,"[200, 396, 218, 408]","[157, 579, 175, 591]",0.000225,0.000225,0.0,compliant,compliant,False,False,0.941175150624376,0.0002773564461525799,False,False,False,0.00020975486508434393,"[[179.40000915527344,394.8000183105469,231.00001525878906,457.20001220703125]]","[[199.8000030517578,395.6000061035156,217.8000030517578,409.20001220703125]]",532.5184999965131
0002291,ppe_violation,rule_1,random_matched,45,beam,1200,800,"[200, 396, 218, 408]","[824, 747, 842, 759]",0.000225,0.000225,0.0,compliant,compliant,False,False,1.0,0.0,False,False,False,0.0005638623344046412,"[[179.40000915527344,394.8000183105469,231.00001525878906,457.20001220703125]]","[[199.8000030517578,395.6000061035156,217.8000030517578,408.3999938964844]]",512.3338999983389
0002291,ppe_violation,rule_1,random_matched,46,beam,1200,800,"[200, 396, 218, 408]","[892, 551, 910, 563]",0.000225,0.000225,0.0,compliant,compliant,False,False,0.941175150624376,0.0002773564461525799,False,False,False,0.000195701540048554,"[[179.40000915527344,394.8000183105469,231.00001525878906,457.20001220703125]]","[[199.8000030517578,395.6000061035156,217.8000030517578,409.20001220703125]]",505.08949998766184
0002291,ppe_violation,rule_1,targeted,-1,beam,1200,800,"[200, 396, 218, 408]","[200, 396, 218, 408]",0.000225,0.000225,1.0,compliant,compliant,False,False,0.4571424765380952,0.0008770596921768015,False,False,False,0.025970481735254958,"[[195.00001525878906,391.6000061035156,232.20001220703125,457.20001220703125]]","[[197.40000915527344,392.3999938964844,222.60000610351562,412.3999938964844]]",508.11629999952856
0002348,ppe_violation,rule_1,random_matched,42,beam,1200,900,"[705, 582, 747, 628]","[801, 550, 843, 596]",0.001788888888888889,0.001788888888888889,0.0,compliant,compliant,False,False,1.0,0.0,False,False,False,-0.0021836720407009125,"[[673.800048828125,582.75,773.4000244140625,850.949951171875]]","[[705.0,581.8499755859375,747.0,627.75]]",509.1831999889109
0002348,ppe_violation,rule_1,random_matched,43,beam,1200,900,"[705, 582, 747, 628]","[178, 456, 220, 502]",0.001788888888888889,0.001788888888888889,0.0,compliant,compliant,False,False,1.0,0.0,False,False,False,-0.0001960736034172239,"[[673.800048828125,582.75,773.4000244140625,850.949951171875]]","[[705.0,581.8499755859375,747.0,627.75]]",498.16449999343604
0002348,ppe_violation,rule_1,random_matched,44,beam,1200,900,"[705, 582, 747, 628]","[489, 518, 531, 564]",0.001788888888888889,0.001788888888888889,0.0,compliant,compliant,False,False,1.0,0.0,False,False,False,-0.0016811866579311552,"[[673.800048828125,582.75,773.4000244140625,850.949951171875]]","[[705.0,581.8499755859375,747.0,627.75]]",450.84279999719
0002348,ppe_violation,rule_1,random_matched,45,beam,1200,900,"[705, 582, 747, 628]","[414, 434, 456, 480]",0.001788888888888889,0.001788888888888889,0.0,compliant,compliant,False,False,1.0,0.0,False,False,False,-0.0024248502616370793,"[[673.800048828125,581.8499755859375,773.4000244140625,850.949951171875]]","[[705.0,581.8499755859375,747.0,627.75]]",533.4658000065247
0002348,ppe_violation,rule_1,random_matched,46,beam,1200,900,"[705, 582, 747, 628]","[773, 614, 815, 660]",0.001788888888888889,0.001788888888888889,0.0,compliant,compliant,False,False,1.0,0.0,False,False,False,-0.0028859466048223315,"[[673.800048828125,582.75,773.4000244140625,851.8499755859375]]","[[705.0,581.8499755859375,747.0,627.75]]",531.8565999914426
0002348,ppe_violation,rule_1,targeted,-1,beam,1200,900,"[705, 582, 747, 628]","[705, 582, 747, 628]",0.001788888888888889,0.001788888888888889,1.0,compliant,compliant,False,False,0.5668467888564968,0.002408320605408415,False,False,False,0.0235441333747336,"[[673.800048828125,578.25,773.4000244140625,850.949951171875]]","[[700.2000122070312,577.3499755859375,756.6000366210938,637.6499633789062]]",515.1803999906406
0002446,struck_by_risk,rule_4,random_matched,42,beam,1200,900,"[377, 181, 526, 490]","[526, 102, 675, 411]",0.042630555555555553,0.042630555555555553,0.0,hazard,hazard,False,False,0.9810025982683285,0.00029999796566725995,False,False,False,-0.017218564356130228,"[[377.4000244140625,180.4499969482422,523.800048828125,487.3499755859375]]","[[378.6000061035156,181.34999084472656,525.0,489.1499938964844]]",481.49710000143386
0002446,struck_by_risk,rule_4,random_matched,43,beam,1200,900,"[377, 181, 526, 490]","[726, 430, 875, 739]",0.042630555555555553,0.042630555555555553,0.0,hazard,hazard,False,False,0.9919354011728759,0.00040000406901041666,False,False,False,0.00833456182763681,"[[559.800048828125,420.75,589.800048828125,468.4499816894531]]","[[377.4000244140625,181.34999084472656,525.0,490.04998779296875]]",540.3293999988819
0002446,struck_by_risk,rule_4,random_matched,44,beam,1200,900,"[377, 181, 526, 490]","[915, 43, 1064, 352]",0.042630555555555553,0.042630555555555553,0.0,hazard,hazard,False,False,0.9919354011728759,0.00040000406901041666,False,False,False,0.007478918466303108,"[[559.800048828125,420.75,589.800048828125,469.3499755859375]]","[[377.4000244140625,181.34999084472656,525.0,490.04998779296875]]",510.8777999994345
0002446,struck_by_risk,rule_4,random_matched,45,beam,1200,900,"[377, 181, 526, 490]","[782, 266, 931, 575]",0.042630555555555553,0.042630555555555553,0.0,hazard,hazard,False,False,0.9919354011728759,0.00040000406901041666,False,False,False,0.0008431507481467815,"[[558.6000366210938,419.8499755859375,591.0,470.25]]","[[377.4000244140625,181.34999084472656,525.0,490.04998779296875]]",528.6717999988468
0002446,struck_by_risk,rule_4,random_matched,46,beam,1200,900,"[377, 181, 526, 490]","[888, 512, 1037, 821]",0.042630555555555553,0.042630555555555553,0.0,hazard,hazard,False,False,1.0,0.0,False,False,False,-0.003663461359720399,"[[558.6000366210938,419.8499755859375,591.0,470.25]]","[[377.4000244140625,181.34999084472656,526.2000122070312,490.04998779296875]]",508.805499994196
0002446,struck_by_risk,rule_4,targeted,-1,beam,1200,900,"[377, 181, 526, 490]","[377, 181, 526, 490]",0.042630555555555553,0.042630555555555553,1.0,hazard,safe,True,True,0.0,0.40676525658172424,False,False,False,-0.015557056026799465,"[[558.6000366210938,419.8499755859375,591.0,470.25]]","[[881.4000244140625,356.8499755859375,1198.2000732421875,640.3499755859375]]",508.9873999968404
0002480,ppe_violation,rule_1,random_matched,42,beam,1200,900,"[357, 255, 428, 329]","[589, 709, 660, 783]",0.004864814814814815,0.004864814814814815,0.0,compliant,compliant,False,False,1.0,0.0,False,False,False,0.0031819398781018915,"[[287.4000244140625,255.14999389648438,493.8000183105469,831.1499633789062]]","[[357.0,255.14999389648438,427.8000183105469,328.9499816894531]]",505.39399999252055
0002480,ppe_violation,rule_1,random_matched,43,beam,1200,900,"[357, 255, 428, 329]","[55, 14, 126, 88]",0.004864814814814815,0.004864814814814815,0.0,compliant,compliant,False,False,1.0,0.0,False,False,False,-0.016027319843747834,"[[287.4000244140625,255.14999389648438,493.8000183105469,831.1499633789062]]","[[357.0,255.14999389648438,427.8000183105469,328.9499816894531]]",470.2571999951033
0002480,ppe_violation,rule_1,random_matched,44,beam,1200,900,"[357, 255, 428, 329]","[97, 135, 168, 209]",0.004864814814814815,0.004864814814814815,0.0,compliant,compliant,False,False,1.0,0.0,False,False,False,0.001243906694331387,"[[287.4000244140625,255.14999389648438,493.8000183105469,831.1499633789062]]","[[357.0,255.14999389648438,427.8000183105469,328.9499816894531]]",494.02440000267234
0002480,ppe_violation,rule_1,random_matched,45,beam,1200,900,"[357, 255, 428, 329]","[551, 606, 622, 680]",0.004864814814814815,0.004864814814814815,0.0,compliant,compliant,False,False,1.0,0.0,False,False,False,0.0033467852377465634,"[[287.4000244140625,255.14999389648438,493.8000183105469,831.1499633789062]]","[[357.0,255.14999389648438,427.8000183105469,328.9499816894531]]",495.56209999718703
0002480,ppe_violation,rule_1,random_matched,46,beam,1200,900,"[357, 255, 428, 329]","[1120, 680, 1191, 754]",0.004864814814814815,0.004864814814814815,0.0,compliant,compliant,False,False,1.0,0.0,False,False,False,0.0019925227388739586,"[[287.4000244140625,255.14999389648438,493.8000183105469,831.1499633789062]]","[[357.0,255.14999389648438,427.8000183105469,328.9499816894531]]",551.5464000054635
0002480,ppe_violation,rule_1,targeted,-1,beam,1200,900,"[357, 255, 428, 329]","[357, 255, 428, 329]",0.004864814814814815,0.004864814814814815,1.0,compliant,violation,True,True,0.0,0.21918074989160632,False,False,False,0.009217805029558268,"[[287.4000244140625,252.4499969482422,493.8000183105469,832.949951171875]]","[[695.4000244140625,313.6499938964844,741.0,358.6499938964844]]",524.3688999908045
0002525,ppe_violation,rule_1,random_matched,42,beam,1600,1200,"[887, 889, 924, 919]","[510, 1039, 547, 1069]",0.000578125,0.000578125,0.0,violation,violation,False,False,1.0,0.0,False,False,False,-0.0010467796320362543,"[[1386.4000244140625,844.2000122070312,1452.0,1032.60009765625]]","[[887.2000122070312,888.6000366210938,924.0,918.6000366210938]]",528.8586000096984
0002525,ppe_violation,rule_1,random_matched,43,beam,1600,1200,"[887, 889, 924, 919]","[1252, 692, 1289, 722]",0.000578125,0.000578125,0.0,violation,violation,False,False,1.0,0.0,False,False,False,-0.0011877523336026874,"[[1386.4000244140625,844.2000122070312,1452.0,1032.60009765625]]","[[887.2000122070312,888.6000366210938,924.0,918.6000366210938]]",528.1416999932844
0002525,ppe_violation,rule_1,random_matched,44,beam,1600,1200,"[887, 889, 924, 919]","[1095, 123, 1132, 153]",0.000578125,0.000578125,0.0,violation,violation,False,False,0.9615380853357226,0.0003000030517578125,False,False,False,-0.0004891854976969423,"[[1386.4000244140625,844.2000122070312,1452.0,1032.60009765625]]","[[887.2000122070312,888.6000366210938,924.0,919.800048828125]]",520.4735000006622
0002525,ppe_violation,rule_1,random_matched,45,beam,1600,1200,"[887, 889, 924, 919]","[510, 946, 547, 976]",0.000578125,0.000578125,0.0,violation,violation,False,False,1.0,0.0,False,False,False,-0.0011935848077493372,"[[1386.4000244140625,844.2000122070312,1452.0,1032.60009765625]]","[[887.2000122070312,888.6000366210938,924.0,918.6000366210938]]",552.9609999939566
0002525,ppe_violation,rule_1,random_matched,46,beam,1600,1200,"[887, 889, 924, 919]","[1557, 766, 1594, 796]",0.000578125,0.000578125,0.0,violation,violation,False,False,1.0,0.0,False,False,False,-0.0009168717078864574,"[[1386.4000244140625,844.2000122070312,1452.0,1032.60009765625]]","[[887.2000122070312,888.6000366210938,924.0,918.6000366210938]]",506.60369999241084
0002525,ppe_violation,rule_1,targeted,-1,beam,1600,1200,"[887, 889, 924, 919]","[887, 889, 924, 919]",0.000578125,0.000578125,1.0,violation,compliant,True,True,0.0,0.23664360449954527,False,False,False,0.013566014290388062,"[[1386.4000244140625,844.2000122070312,1452.0,1032.60009765625]]","[[1357.5999755859375,841.800048828125,1396.0,876.6000366210938]]",465.6431000039447
0002534,fall_hazard,rule_3,random_matched,42,beam,1200,900,"[1, 562, 585, 899]","[314, 34, 898, 371]",0.18222962962962963,0.18222962962962963,0.0,violation,violation,False,False,1.0,0.0,False,False,False,0.010305120709485305,"[[865.800048828125,391.04998779296875,892.2000122070312,453.1499938964844]]","[[0.6000000238418579,562.0499877929688,585.0,898.6499633789062]]",568.0931999959284
0002534,fall_hazard,rule_3,random_matched,43,beam,1200,900,"[1, 562, 585, 899]","[475, 296, 1059, 633]",0.18222962962962963,0.18222962962962963,0.020243334733000523,violation,compliant,True,True,0.8882179837314265,0.020905748526467684,False,False,False,-0.0015269434744757948,"[[288.6000061035156,448.6499938964844,306.6000061035156,484.6499938964844]]","[[0.6000000238418579,568.3499755859375,647.4000244140625,898.6499633789062]]",511.9210999982897
0002534,fall_hazard,rule_3,random_matched,44,beam,1200,900,"[1, 562, 585, 899]","[298, 217, 882, 554]",0.18222962962962963,0.18222962962962963,0.0,violation,compliant,True,True,0.8279151117743844,0.03801894239019303,False,False,False,0.03194485629709165,"[[563.4000244140625,553.0499877929688,606.6000366210938,634.0499877929688]]","[[0.6000000238418579,558.4500122070312,699.0,898.6499633789062]]",534.0012999949977
0002534,fall_hazard,rule_3,random_matched,45,beam,1200,900,"[1, 562, 585, 899]","[552, 368, 1136, 705]",0.18222962962962963,0.18222962962962963,0.012134318341360308,violation,compliant,True,True,0.9438769698296577,0.010017983585393023,False,False,False,-0.004341925361326826,"[[227.40000915527344,246.14999389648438,556.2000122070312,557.5499877929688]]","[[0.6000000238418579,560.25,555.0,898.6499633789062]]",491.73069999960717
0002534,fall_hazard,rule_3,random_matched,46,beam,1200,900,"[1, 562, 585, 899]","[473, 151, 1057, 488]",0.18222962962962963,0.18222962962962963,0.0,violation,compliant,True,True,0.9906126208610563,0.0010000040690435303,False,False,False,0.022097071932096535,"[[227.40000915527344,246.14999389648438,586.2000122070312,554.8499755859375]]","[[0.6000000238418579,560.25,587.4000244140625,898.6499633789062]]",524.3091000011191
0002534,fall_hazard,rule_3,targeted,-1,beam,1200,900,"[1, 562, 585, 899]","[1, 562, 585, 899]",0.18222962962962963,0.18222962962962963,1.0,violation,violation,False,False,0.00529279620904893,0.18000276964105472,False,False,False,0.058699602660323924,"[[868.2000122070312,393.75,886.2000122070312,445.04998779296875]]","[[0.6000000238418579,460.3499755859375,263.4000244140625,566.5499877929688]]",494.79270000301767
0002595,fall_hazard,rule_3,random_matched,42,beam,1200,900,"[489, 261, 1027, 899]","[7, 203, 545, 841]",0.3178185185185185,0.3178185185185185,0.049663001064207166,compliant,compliant,False,False,0.7495770376667875,0.05919999186197917,False,False,False,-0.011722135412994661,"[[643.800048828125,466.6499938964844,724.2000122070312,638.5499877929688]]","[[495.0000305175781,261.4499816894531,1198.2000732421875,898.6499633789062],[496.20001220703125,266.8500061035156,1024.2000732421875,898.6499633789062]]",548.2263000012608
0002595,fall_hazard,rule_3,random_matched,43,beam,1200,900,"[489, 261, 1027, 899]","[2, 160, 540, 798]",0.3178185185185185,0.3178185185185185,0.04155205347890536,compliant,compliant,False,False,0.7495770376667875,0.05919999186197917,False,False,False,-0.012947258295580022,"[[643.800048828125,466.6499938964844,724.2000122070312,638.5499877929688]]","[[495.0000305175781,261.4499816894531,1198.2000732421875,898.6499633789062],[496.20001220703125,266.8500061035156,1024.2000732421875,898.6499633789062]]",575.5423000082374
0002595,fall_hazard,rule_3,random_matched,44,beam,1200,900,"[489, 261, 1027, 899]","[25, 54, 563, 692]",0.3178185185185185,0.3178185185185185,0.04872333079741031,compliant,compliant,False,False,0.7546531880991608,0.05799998982747396,False,False,False,-0.01352536979885327,"[[643.800048828125,466.6499938964844,724.2000122070312,638.5499877929688]]","[[491.4000244140625,261.4499816894531,1198.2000732421875,898.6499633789062],[492.6000061035156,265.9499816894531,1026.60009765625,898.6499633789062]]",570.8572000003187
0002595,fall_hazard,rule_3,random_matched,45,beam,1200,900,"[489, 261, 1027, 899]","[16, 113, 554, 751]",0.3178185185185185,0.3178185185185185,0.04865284325077371,compliant,compliant,False,False,0.7546531880991608,0.05799998982747396,False,False,False,-0.012960833985181164,"[[643.800048828125,466.6499938964844,724.2000122070312,638.5499877929688]]","[[491.4000244140625,261.4499816894531,1198.2000732421875,898.6499633789062],[492.6000061035156,265.9499816894531,1026.60009765625,898.6499633789062]]",573.3485000091605
0002595,fall_hazard,rule_3,random_matched,46,beam,1200,900,"[489, 261, 1027, 899]","[25, 47, 563, 685]",0.3178185185185185,0.3178185185185185,0.04789410055074552,compliant,compliant,False,False,0.7546531880991608,0.05799998982747396,False,False,False,-0.014373255572060095,"[[643.800048828125,466.6499938964844,724.2000122070312,638.5499877929688]]","[[491.4000244140625,261.4499816894531,1198.2000732421875,898.6499633789062],[492.6000061035156,265.9499816894531,1026.60009765625,898.6499633789062]]",549.3688999995356
0002595,fall_hazard,rule_3,targeted,-1,beam,1200,900,"[489, 261, 1027, 899]","[489, 261, 1027, 899]",0.3178185185185185,0.3178185185185185,1.0,compliant,violation,True,True,0.0,0.4494373707155587,False,False,False,-0.11552394690945572,"[[1137.0,189.4499969482422,1198.2000732421875,350.54998779296875]]","[[0.6000000238418579,208.34999084472656,323.4000244140625,320.8500061035156]]",516.4613999950234
0002599,ppe_violation,rule_1,random_matched,42,beam,1200,900,"[225, 324, 247, 341]","[64, 802, 86, 819]",0.0003462962962962963,0.0003462962962962963,0.0,compliant,compliant,False,False,1.0,0.0,False,False,False,-0.00023468118160963058,"[[208.20001220703125,320.8500061035156,274.20001220703125,454.9499816894531]]","[[225.00001525878906,323.54998779296875,246.60000610351562,340.6499938964844]]",500.126500002807
0002599,ppe_violation,rule_1,random_matched,43,beam,1200,900,"[225, 324, 247, 341]","[55, 323, 77, 340]",0.0003462962962962963,0.0003462962962962963,0.0,compliant,compliant,False,False,1.0,0.0,False,False,False,0.00024045285369678204,"[[208.20001220703125,320.8500061035156,274.20001220703125,455.8499755859375]]","[[225.00001525878906,323.54998779296875,246.60000610351562,340.6499938964844]]",467.1873999905074
0002599,ppe_violation,rule_1,random_matched,44,beam,1200,900,"[225, 324, 247, 341]","[596, 472, 618, 489]",0.0003462962962962963,0.0003462962962962963,0.0,compliant,compliant,False,False,1.0,0.0,False,False,False,-7.270848644624905e-05,"[[208.20001220703125,320.8500061035156,274.20001220703125,454.9499816894531]]","[[225.00001525878906,323.54998779296875,246.60000610351562,340.6499938964844]]",527.5892000063322
0002599,ppe_violation,rule_1,random_matched,45,beam,1200,900,"[225, 324, 247, 341]","[367, 546, 389, 563]",0.0003462962962962963,0.0003462962962962963,0.0,compliant,compliant,False,False,1.0,0.0,False,False,False,0.0003038221704108057,"[[208.20001220703125,320.8500061035156,274.20001220703125,454.9499816894531]]","[[225.00001525878906,323.54998779296875,246.60000610351562,340.6499938964844]]",508.4266000048956
0002599,ppe_violation,rule_1,random_matched,46,beam,1200,900,"[225, 324, 247, 341]","[586, 17, 608, 34]",0.0003462962962962963,0.0003462962962962963,0.0,compliant,compliant,False,False,1.0,0.0,False,False,False,-0.00022140318261720804,"[[208.20001220703125,320.8500061035156,274.20001220703125,454.9499816894531]]","[[225.00001525878906,323.54998779296875,246.60000610351562,340.6499938964844]]",525.3394000028493
0002599,ppe_violation,rule_1,targeted,-1,beam,1200,900,"[225, 324, 247, 341]","[225, 324, 247, 341]",0.0003462962962962963,0.0003462962962962963,1.0,compliant,compliant,False,False,0.5699999014535782,0.0010000020345238348,False,False,False,0.031314101203211764,"[[208.20001220703125,319.9499816894531,274.20001220703125,454.04998779296875]]","[[222.60000610351562,321.75,251.40000915527344,344.25]]",538.5059000109322
0002668,ppe_violation,rule_1,random_matched,42,beam,1200,900,"[704, 487, 723, 499]","[990, 882, 1009, 894]",0.0002111111111111111,0.0002111111111111111,0.0,compliant,compliant,False,False,1.0,0.0,False,False,False,-0.00019846763461828232,"[[687.0,484.6499938964844,733.800048828125,632.25]]","[[703.800048828125,487.3499755859375,723.0,499.04998779296875]]",550.9617000061553
0002668,ppe_violation,rule_1,random_matched,43,beam,1200,900,"[704, 487, 723, 499]","[1179, 152, 1198, 164]",0.0002111111111111111,0.0002111111111111111,0.0,compliant,compliant,False,False,1.0,0.0,False,False,False,0.00022336122180721674,"[[687.0,484.6499938964844,733.800048828125,632.25]]","[[703.800048828125,487.3499755859375,723.0,499.04998779296875]]",516.7718000011519
0002668,ppe_violation,rule_1,random_matched,44,beam,1200,900,"[704, 487, 723, 499]","[753, 350, 772, 362]",0.0002111111111111111,0.0002111111111111111,0.0,compliant,compliant,False,False,1.0,0.0,False,False,False,0.0013000057744128046,"[[687.0,484.6499938964844,733.800048828125,632.25]]","[[703.800048828125,487.3499755859375,723.0,499.04998779296875]]",529.0927000023657
0002668,ppe_violation,rule_1,random_matched,45,beam,1200,900,"[704, 487, 723, 499]","[732, 882, 751, 894]",0.0002111111111111111,0.0002111111111111111,0.0,compliant,compliant,False,False,1.0,0.0,False,False,False,-0.0004088253315006618,"[[687.0,484.6499938964844,733.800048828125,632.25]]","[[703.800048828125,487.3499755859375,723.0,499.04998779296875]]",544.519200004288
0002668,ppe_violation,rule_1,random_matched,46,beam,1200,900,"[704, 487, 723, 499]","[36, 491, 55, 503]",0.0002111111111111111,0.0002111111111111111,0.0,compliant,compliant,False,False,1.0,0.0,False,False,False,-9.500727589650815e-05,"[[687.0,484.6499938964844,733.800048828125,632.25]]","[[703.800048828125,487.3499755859375,723.0,499.04998779296875]]",536.7084999888903
0002668,ppe_violation,rule_1,targeted,-1,beam,1200,900,"[704, 487, 723, 499]","[704, 487, 723, 499]",0.0002111111111111111,0.0002111111111111111,1.0,compliant,compliant,False,False,0.5502640803807228,0.0005000020345217652,False,False,False,-0.0026022962161473817,"[[687.0,483.75,733.800048828125,633.1499633789062]]","[[701.4000244140625,484.6499938964844,726.6000366210938,500.8499755859375]]",511.66859999648295
0002815,fall_hazard,rule_2,random_matched,42,beam,1080,1440,"[706, 810, 806, 889]","[846, 606, 946, 685]",0.005079732510288066,0.005079732510288066,0.0,violation,violation,False,False,1.0,0.0,False,False,False,-0.005440540844574571,"[[489.780029296875,464.4000244140625,585.9000244140625,689.0400390625]]","[[705.780029296875,810.0000610351562,806.2200317382812,889.2000122070312]]",563.6674999987008
0002815,fall_hazard,rule_2,random_matched,43,beam,1080,1440,"[706, 810, 806, 889]","[134, 315, 234, 394]",0.005079732510288066,0.005079732510288066,0.0,violation,violation,False,False,0.5393859419624406,0.007375635198054107,False,False,False,-0.0021713237677301045,"[[489.780029296875,464.4000244140625,585.9000244140625,687.6000366210938]]","[[688.5,797.0400390625,806.2200317382812,922.3200073242188]]",526.0602000053041
0002815,fall_hazard,rule_2,random_matched,44,beam,1080,1440,"[706, 810, 806, 889]","[783, 305, 883, 384]",0.005079732510288066,0.005079732510288066,0.0,violation,violation,False,False,0.5393859419624406,0.007375635198054107,False,False,False,-0.0020519866541559573,"[[489.780029296875,464.4000244140625,585.9000244140625,687.6000366210938]]","[[688.5,797.0400390625,806.2200317382812,922.3200073242188]]",530.2941999980249
0002815,fall_hazard,rule_2,random_matched,45,beam,1080,1440,"[706, 810, 806, 889]","[390, 1024, 490, 1103]",0.005079732510288066,0.005079732510288066,0.0,violation,violation,False,False,1.0,0.0,False,False,False,-0.008502217641632503,"[[489.780029296875,464.4000244140625,585.9000244140625,689.0400390625]]","[[705.780029296875,810.0000610351562,806.2200317382812,889.2000122070312]]",542.5278999900911
0002815,fall_hazard,rule_2,random_matched,46,beam,1080,1440,"[706, 810, 806, 889]","[102, 332, 202, 411]",0.005079732510288066,0.005079732510288066,0.0,violation,violation,False,False,0.9607041916594865,0.00039998372395833335,False,False,False,-0.0030114830671144066,"[[489.780029296875,464.4000244140625,585.9000244140625,687.6000366210938]]","[[706.8600463867188,811.4400024414062,805.1400146484375,889.2000122070312]]",549.0149999968708
0002815,fall_hazard,rule_2,targeted,-1,beam,1080,1440,"[706, 810, 806, 889]","[706, 810, 806, 889]",0.005079732510288066,0.005079732510288066,1.0,violation,violation,False,False,0.0,0.2334919527841892,False,False,False,-0.016253123891406762,"[[489.780029296875,464.4000244140625,585.9000244140625,689.0400390625]]","[[294.3000183105469,822.9600219726562,387.1800231933594,1005.8400268554688]]",578.7024000019301
0002925,fall_hazard,rule_3,random_matched,42,beam,1200,900,"[1, 414, 541, 460]","[204, 633, 744, 679]",0.023,0.023,0.0,violation,violation,False,False,0.9785898466888876,0.0005000020345217652,False,False,False,-0.0064231538479881944,"[[1149.0,489.1499938964844,1198.2000732421875,683.5499877929688]]","[[0.6000000238418579,413.54998779296875,539.4000244140625,459.4499816894531]]",514.7962999908486
0002925,fall_hazard,rule_3,random_matched,43,beam,1200,900,"[1, 414, 541, 460]","[175, 817, 715, 863]",0.023,0.023,0.0,violation,violation,False,False,0.9622643923704746,0.0005999959309895834,False,False,False,0.0008287470388624874,"[[1149.0,488.25,1198.2000732421875,689.8499755859375]]","[[0.6000000238418579,412.6499938964844,540.6000366210938,459.4499816894531]]",503.19250000757165
0002925,fall_hazard,rule_3,random_matched,44,beam,1200,900,"[1, 414, 541, 460]","[497, 631, 1037, 677]",0.023,0.023,0.0,violation,violation,False,False,0.9622643923704746,0.0005999959309895834,False,False,False,-0.006054839252361277,"[[1149.0,487.3499755859375,1198.2000732421875,689.8499755859375]]","[[0.6000000238418579,412.6499938964844,540.6000366210938,459.4499816894531]]",488.11820000992157
0002925,fall_hazard,rule_3,random_matched,45,beam,1200,900,"[1, 414, 541, 460]","[452, 271, 992, 317]",0.023,0.023,0.0,violation,violation,False,False,1.0,0.0,False,False,False,-0.0010536030999253043,"[[1149.0,487.3499755859375,1198.2000732421875,689.8499755859375]]","[[0.6000000238418579,413.54998779296875,540.6000366210938,460.3499755859375]]",503.6078999983147
0002925,fall_hazard,rule_3,random_matched,46,beam,1200,900,"[1, 414, 541, 460]","[228, 617, 768, 663]",0.023,0.023,0.0,violation,violation,False,False,0.9622643923704746,0.0005999959309895834,False,False,False,-0.0029320839925537356,"[[1149.0,489.1499938964844,1198.2000732421875,683.5499877929688]]","[[0.6000000238418579,412.6499938964844,540.6000366210938,459.4499816894531]]",531.9718999962788
0002925,fall_hazard,rule_3,targeted,-1,beam,1200,900,"[1, 414, 541, 460]","[1, 414, 541, 460]",0.023,0.023,1.0,violation,compliant,True,True,0.0,0.5173188051162089,False,False,False,-0.09039121021383578,"[[1149.0,487.3499755859375,1198.2000732421875,689.8499755859375]]","[[773.4000244140625,577.3499755859375,1198.2000732421875,898.6499633789062]]",608.7809000018751
0002957,ppe_violation,rule_1,random_matched,42,beam,1200,900,"[610, 460, 635, 477]","[22, 319, 47, 336]",0.0003935185185185185,0.0003935185185185185,0.0,compliant,compliant,False,False,1.0,0.0,False,False,False,0.0002566707719648953,"[[628.2000122070312,457.6499938964844,678.6000366210938,584.5499877929688]]","[[610.2000122070312,460.3499755859375,635.4000244140625,476.54998779296875]]",504.7684000019217
0002957,ppe_violation,rule_1,random_matched,43,beam,1200,900,"[610, 460, 635, 477]","[647, 697, 672, 714]",0.0003935185185185185,0.0003935185185185185,0.0,compliant,compliant,False,False,1.0,0.0,False,False,False,-1.3081756021326996e-05,"[[628.2000122070312,457.6499938964844,678.6000366210938,584.5499877929688]]","[[610.2000122070312,460.3499755859375,635.4000244140625,476.54998779296875]]",533.2673999946564
0002957,ppe_violation,rule_1,random_matched,44,beam,1200,900,"[610, 460, 635, 477]","[271, 761, 296, 778]",0.0003935185185185185,0.0003935185185185185,0.0,compliant,compliant,False,False,1.0,0.0,False,False,False,-0.00030728961740233984,"[[628.2000122070312,457.6499938964844,678.6000366210938,584.5499877929688]]","[[610.2000122070312,460.3499755859375,635.4000244140625,476.54998779296875]]",583.9166000077967
0002957,ppe_violation,rule_1,random_matched,45,beam,1200,900,"[610, 460, 635, 477]","[870, 505, 895, 522]",0.0003935185185185185,0.0003935185185185185,0.0,compliant,compliant,False,False,1.0,0.0,False,False,False,-0.0002636924119933104,"[[628.2000122070312,457.6499938964844,678.6000366210938,584.5499877929688]]","[[610.2000122070312,460.3499755859375,635.4000244140625,476.54998779296875]]",551.2232999899425
0002957,ppe_violation,rule_1,random_matched,46,beam,1200,900,"[610, 460, 635, 477]","[315, 63, 340, 80]",0.0003935185185185185,0.0003935185185185185,0.0,compliant,compliant,False,False,1.0,0.0,False,False,False,-0.0006641604538475399,"[[628.2000122070312,457.6499938964844,678.6000366210938,584.5499877929688]]","[[610.2000122070312,460.3499755859375,635.4000244140625,476.54998779296875]]",543.2849000062561
0002957,ppe_violation,rule_1,targeted,-1,beam,1200,900,"[610, 460, 635, 477]","[610, 460, 635, 477]",0.0003935185185185185,0.0003935185185185185,1.0,compliant,compliant,False,False,0.0,0.016970569941540812,False,False,False,-0.016648837498256186,"[[627.0,457.6499938964844,678.6000366210938,584.5499877929688]]","[[640.2000122070312,459.4499816894531,655.800048828125,470.25]]",536.4509999926668
0003067,ppe_violation,rule_1,random_matched,42,beam,1280,960,"[854, 329, 903, 363]","[1078, 910, 1127, 944]",0.0013557942708333334,0.0013557942708333334,0.0,compliant,compliant,False,False,1.0,0.0,False,False,False,-0.0009397952152150335,"[[789.1199951171875,330.7200012207031,984.9599609375,592.7999877929688]]","[[854.3999633789062,328.79998779296875,903.0399780273438,363.3599853515625]]",453.7626000092132
0003067,ppe_violation,rule_1,random_matched,43,beam,1280,960,"[854, 329, 903, 363]","[393, 594, 442, 628]",0.0013557942708333334,0.0013557942708333334,0.0,compliant,compliant,False,False,1.0,0.0,False,False,False,0.00010765117726152518,"[[789.1199951171875,330.7200012207031,984.9599609375,592.7999877929688]]","[[854.3999633789062,328.79998779296875,903.0399780273438,363.3599853515625]]",476.70949999883305
0003067,ppe_violation,rule_1,random_matched,44,beam,1280,960,"[854, 329, 903, 363]","[979, 313, 1028, 347]",0.0013557942708333334,0.0013557942708333334,0.0,compliant,compliant,False,False,1.0,0.0,False,False,False,0.007080895427082234,"[[789.1199951171875,330.7200012207031,984.9599609375,592.7999877929688]]","[[854.3999633789062,328.79998779296875,903.0399780273438,363.3599853515625]]",515.9600000042701
0003067,ppe_violation,rule_1,random_matched,45,beam,1280,960,"[854, 329, 903, 363]","[230, 868, 279, 902]",0.0013557942708333334,0.0013557942708333334,0.0,compliant,compliant,False,False,1.0,0.0,False,False,False,-0.0008580007457307248,"[[789.1199951171875,330.7200012207031,984.9599609375,592.7999877929688]]","[[854.3999633789062,328.79998779296875,903.0399780273438,363.3599853515625]]",483.31949999555945
0003067,ppe_violation,rule_1,random_matched,46,beam,1280,960,"[854, 329, 903, 363]","[602, 480, 651, 514]",0.0013557942708333334,0.0013557942708333334,0.0,compliant,compliant,False,False,1.0,0.0,False,False,False,-0.000735429248639452,"[[789.1199951171875,330.7200012207031,984.9599609375,592.7999877929688]]","[[854.3999633789062,328.79998779296875,903.0399780273438,363.3599853515625]]",476.67550000187475
0003067,ppe_violation,rule_1,targeted,-1,beam,1280,960,"[854, 329, 903, 363]","[854, 329, 903, 363]",0.0013557942708333334,0.0013557942708333334,1.0,compliant,compliant,False,False,0.5259515340875456,0.002500009536743164,False,False,False,0.006873904727399349,"[[789.1199951171875,324.9599914550781,984.9599609375,592.7999877929688]]","[[849.2799682617188,324.0,914.5599975585938,372.9599914550781]]",470.34030000213534
0003071,ppe_violation,rule_1,random_matched,42,beam,1200,900,"[561, 36, 800, 213]","[878, 191, 1117, 368]",0.039169444444444444,0.039169444444444444,0.0,compliant,compliant,False,False,1.0,0.0,False,False,False,0.002403582313231123,"[[562.2000122070312,35.54999923706055,970.2000122070312,898.6499633789062]]","[[561.0,35.54999923706055,799.800048828125,212.84999084472656]]",444.28419999894686
0003071,ppe_violation,rule_1,random_matched,43,beam,1200,900,"[561, 36, 800, 213]","[610, 396, 849, 573]",0.039169444444444444,0.039169444444444444,0.0,compliant,compliant,False,False,1.0,0.0,False,False,False,-0.0015809913831097422,"[[562.2000122070312,35.54999923706055,970.2000122070312,898.6499633789062]]","[[561.0,35.54999923706055,799.800048828125,212.84999084472656]]",457.9743999929633
0003071,ppe_violation,rule_1,random_matched,44,beam,1200,900,"[561, 36, 800, 213]","[292, 235, 531, 412]",0.039169444444444444,0.039169444444444444,0.0,compliant,compliant,False,False,1.0,0.0,False,False,False,-0.0014222232358795939,"[[562.2000122070312,35.54999923706055,970.2000122070312,898.6499633789062]]","[[561.0,35.54999923706055,799.800048828125,212.84999084472656]]",446.24629999452736
0003071,ppe_violation,rule_1,random_matched,45,beam,1200,900,"[561, 36, 800, 213]","[556, 515, 795, 692]",0.039169444444444444,0.039169444444444444,0.0,compliant,compliant,False,False,1.0,0.0,False,False,False,0.001871650506343192,"[[562.2000122070312,35.54999923706055,970.2000122070312,898.6499633789062]]","[[561.0,35.54999923706055,799.800048828125,212.84999084472656]]",464.3588000035379
0003071,ppe_violation,rule_1,random_matched,46,beam,1200,900,"[561, 36, 800, 213]","[181, 366, 420, 543]",0.039169444444444444,0.039169444444444444,0.0,compliant,compliant,False,False,1.0,0.0,False,False,False,0.0006394718906709285,"[[562.2000122070312,35.54999923706055,970.2000122070312,898.6499633789062]]","[[561.0,35.54999923706055,799.800048828125,212.84999084472656]]",479.6786999941105
0003071,ppe_violation,rule_1,targeted,-1,beam,1200,900,"[561, 36, 800, 213]","[561, 36, 800, 213]",0.039169444444444444,0.039169444444444444,1.0,compliant,compliant,False,False,0.02201351661263451,0.07409622370308408,False,False,False,-0.02855152410588091,"[[559.800048828125,0.44999998807907104,970.2000122070312,898.6499633789062]]","[[660.6000366210938,0.44999998807907104,787.800048828125,43.64999771118164]]",451.8441999971401
0003088,struck_by_risk,rule_4,random_matched,42,beam,1200,900,"[319, 275, 889, 812]","[0, 0, 570, 537]",0.28341666666666665,0.28341666666666665,0.12035108653082438,safe,safe,False,False,0.610589748658191,0.06704811072365402,False,False,False,0.02053883151402547,"[[145.8000030517578,630.4500122070312,209.40000915527344,790.6499633789062]]","[[519.0,303.75,887.4000244140625,811.3499755859375]]",505.44219999574125
0003088,struck_by_risk,rule_4,random_matched,43,beam,1200,900,"[319, 275, 889, 812]","[0, 0, 570, 537]",0.28341666666666665,0.28341666666666665,0.12035108653082438,safe,safe,False,False,0.610589748658191,0.06704811072365402,False,False,False,0.02053883151402547,"[[145.8000030517578,630.4500122070312,209.40000915527344,790.6499633789062]]","[[519.0,303.75,887.4000244140625,811.3499755859375]]",435.4834999976447
0003088,struck_by_risk,rule_4,random_matched,44,beam,1200,900,"[319, 275, 889, 812]","[0, 0, 570, 537]",0.28341666666666665,0.28341666666666665,0.12035108653082438,safe,safe,False,False,0.610589748658191,0.06704811072365402,False,False,False,0.02053883151402547,"[[145.8000030517578,630.4500122070312,209.40000915527344,790.6499633789062]]","[[519.0,303.75,887.4000244140625,811.3499755859375]]",563.9097999955993
0003088,struck_by_risk,rule_4,random_matched,45,beam,1200,900,"[319, 275, 889, 812]","[0, 0, 570, 537]",0.28341666666666665,0.28341666666666665,0.12035108653082438,safe,safe,False,False,0.610589748658191,0.06704811072365402,False,False,False,0.02053883151402547,"[[145.8000030517578,630.4500122070312,209.40000915527344,790.6499633789062]]","[[519.0,303.75,887.4000244140625,811.3499755859375]]",560.9181000036187
0003088,struck_by_risk,rule_4,random_matched,46,beam,1200,900,"[319, 275, 889, 812]","[0, 0, 570, 537]",0.28341666666666665,0.28341666666666665,0.12035108653082438,safe,safe,False,False,0.610589748658191,0.06704811072365402,False,False,False,0.02053883151402547,"[[145.8000030517578,630.4500122070312,209.40000915527344,790.6499633789062]]","[[519.0,303.75,887.4000244140625,811.3499755859375]]",475.53660000266973
0003088,struck_by_risk,rule_4,targeted,-1,beam,1200,900,"[319, 275, 889, 812]","[319, 275, 889, 812]",0.28341666666666665,0.28341666666666665,1.0,safe,hazard,True,True,0.0018200675490673871,0.3001466396689445,False,False,False,0.02697157824323282,"[[145.8000030517578,630.4500122070312,208.20001220703125,791.5499877929688]]","[[0.6000000238418579,535.9500122070312,322.20001220703125,720.449951171875]]",523.2982000015909
0003164,ppe_violation,rule_1,random_matched,42,beam,1200,800,"[173, 484, 193, 500]","[192, 223, 212, 239]",0.0003333333333333333,0.0003333333333333333,0.0,compliant,compliant,False,False,0.8963593204310568,0.0004999967721878475,False,False,False,-0.00044635962694883347,"[[160.20001220703125,482.0,229.8000030517578,602.7999877929688]]","[[172.20001220703125,483.6000061035156,192.60000610351562,500.3999938964844]]",479.0002999943681
0003164,ppe_violation,rule_1,random_matched,43,beam,1200,800,"[173, 484, 193, 500]","[162, 567, 182, 583]",0.0003333333333333333,0.0003333333333333333,0.0,compliant,compliant,False,False,1.0,0.0,False,False,False,0.0024557139591445676,"[[160.20001220703125,482.0,229.8000030517578,602.7999877929688]]","[[173.40000915527344,484.3999938964844,192.60000610351562,500.3999938964844]]",530.6050999934087
0003164,ppe_violation,rule_1,random_matched,44,beam,1200,800,"[173, 484, 193, 500]","[1174, 775, 1194, 791]",0.0003333333333333333,0.0003333333333333333,0.0,compliant,compliant,False,False,1.0,0.0,False,False,False,-0.0005620985424945601,"[[160.20001220703125,482.0,229.8000030517578,602.7999877929688]]","[[173.40000915527344,484.3999938964844,192.60000610351562,500.3999938964844]]",492.49520000012126
0003164,ppe_violation,rule_1,random_matched,45,beam,1200,800,"[173, 484, 193, 500]","[322, 614, 342, 630]",0.0003333333333333333,0.0003333333333333333,0.0,compliant,compliant,False,False,1.0,0.0,False,False,False,-0.00011174819831349936,"[[160.20001220703125,482.0,229.8000030517578,602.7999877929688]]","[[173.40000915527344,484.3999938964844,192.60000610351562,500.3999938964844]]",438.85980000777636
0003164,ppe_violation,rule_1,random_matched,46,beam,1200,800,"[173, 484, 193, 500]","[826, 688, 846, 704]",0.0003333333333333333,0.0003333333333333333,0.0,compliant,compliant,False,False,1.0,0.0,False,False,False,-0.00013626513204412216,"[[160.20001220703125,482.0,229.8000030517578,602.7999877929688]]","[[173.40000915527344,484.3999938964844,192.60000610351562,500.3999938964844]]",548.3634999982314
0003164,ppe_violation,rule_1,targeted,-1,beam,1200,800,"[173, 484, 193, 500]","[173, 484, 193, 500]",0.0003333333333333333,0.0003333333333333333,1.0,compliant,compliant,False,False,0.4571422862364056,0.0006933678392478255,False,False,False,0.02998760076505791,"[[160.20001220703125,479.6000061035156,229.8000030517578,602.7999877929688]]","[[168.60000610351562,480.3999938964844,198.60000610351562,502.8000183105469]]",437.96319999091793
0003206,ppe_violation,rule_1,random_matched,42,beam,1200,900,"[1, 394, 26, 415]","[435, 688, 460, 709]",0.0004861111111111111,0.0004861111111111111,0.0,compliant,compliant,False,False,1.0,0.0,False,False,False,0.00031641511512647824,"[[0.6000000238418579,392.8499755859375,49.80000305175781,556.6499633789062]]","[[0.6000000238418579,393.75,25.80000114440918,415.3499755859375]]",545.0205999950413
0003206,ppe_violation,rule_1,random_matched,43,beam,1200,900,"[1, 394, 26, 415]","[1175, 575, 1200, 596]",0.0004861111111111111,0.0004861111111111111,0.0,compliant,compliant,False,False,1.0,0.0,False,False,False,0.00014299633247505383,"[[0.6000000238418579,392.8499755859375,49.80000305175781,556.6499633789062]]","[[0.6000000238418579,393.75,25.80000114440918,415.3499755859375]]",487.95090000203345
0003206,ppe_violation,rule_1,random_matched,44,beam,1200,900,"[1, 394, 26, 415]","[213, 390, 238, 411]",0.0004861111111111111,0.0004861111111111111,0.0,compliant,compliant,False,False,1.0,0.0,False,False,False,-0.00011242327413385489,"[[0.6000000238418579,392.8499755859375,49.80000305175781,556.6499633789062]]","[[0.6000000238418579,393.75,25.80000114440918,415.3499755859375]]",424.80500000237953
0003206,ppe_violation,rule_1,random_matched,45,beam,1200,900,"[1, 394, 26, 415]","[165, 310, 190, 331]",0.0004861111111111111,0.0004861111111111111,0.0,compliant,compliant,False,False,1.0,0.0,False,False,False,-0.00022245823804822873,"[[0.6000000238418579,392.8499755859375,49.80000305175781,556.6499633789062]]","[[0.6000000238418579,393.75,25.80000114440918,415.3499755859375]]",465.2769999956945
0003206,ppe_violation,rule_1,random_matched,46,beam,1200,900,"[1, 394, 26, 415]","[173, 863, 198, 884]",0.0004861111111111111,0.0004861111111111111,0.0,compliant,compliant,False,False,1.0,0.0,False,False,False,-0.01099865165139946,"[[0.6000000238418579,392.8499755859375,49.80000305175781,555.75]]","[[0.6000000238418579,393.75,25.80000114440918,415.3499755859375]]",486.9055000017397
0003206,ppe_violation,rule_1,targeted,-1,beam,1200,900,"[1, 394, 26, 415]","[1, 394, 26, 415]",0.0004861111111111111,0.0004861111111111111,1.0,compliant,compliant,False,False,0.0,0.26406289884682066,False,False,False,0.02699525920408119,"[[377.4000244140625,515.25,411.0000305175781,587.25]]","[[384.6000061035156,517.9500122070312,397.8000183105469,527.8499755859375]]",479.53070000221487
0003302,ppe_violation,rule_1,random_matched,42,beam,1200,900,"[289, 573, 301, 585]","[5, 825, 17, 837]",0.00013333333333333334,0.00013333333333333334,0.0,compliant,compliant,False,False,1.0,0.0,False,False,False,-0.0015502292662858963,"[[285.0,572.8499755859375,303.0,613.3499755859375]]","[[288.6000061035156,572.8499755859375,300.6000061035156,584.5499877929688]]",428.062899998622
0003302,ppe_violation,rule_1,random_matched,43,beam,1200,900,"[289, 573, 301, 585]","[119, 633, 131, 645]",0.00013333333333333334,0.00013333333333333334,0.0,compliant,compliant,False,False,1.0,0.0,False,False,False,-0.0001992595248988538,"[[285.0,572.8499755859375,303.0,613.3499755859375]]","[[288.6000061035156,572.8499755859375,300.6000061035156,584.5499877929688]]",425.75540000689216
0003302,ppe_violation,rule_1,random_matched,44,beam,1200,900,"[289, 573, 301, 585]","[844, 820, 856, 832]",0.00013333333333333334,0.00013333333333333334,0.0,compliant,compliant,False,False,1.0,0.0,False,False,False,-0.00016436606113401364,"[[285.0,572.8499755859375,303.0,613.3499755859375]]","[[288.6000061035156,572.8499755859375,300.6000061035156,584.5499877929688]]",517.0399999915389
0003302,ppe_violation,rule_1,random_matched,45,beam,1200,900,"[289, 573, 301, 585]","[837, 544, 849, 556]",0.00013333333333333334,0.00013333333333333334,0.0,compliant,compliant,False,False,1.0,0.0,False,False,False,1.3005387570208526e-05,"[[285.0,572.8499755859375,303.0,613.3499755859375]]","[[288.6000061035156,572.8499755859375,300.6000061035156,584.5499877929688]]",558.005899991258
0003302,ppe_violation,rule_1,random_matched,46,beam,1200,900,"[289, 573, 301, 585]","[148, 187, 160, 199]",0.00013333333333333334,0.00013333333333333334,0.0,compliant,compliant,False,False,1.0,0.0,False,False,False,0.0004634933014001641,"[[285.0,572.8499755859375,303.0,613.3499755859375]]","[[288.6000061035156,572.8499755859375,300.6000061035156,584.5499877929688]]",457.32289999432396
0003302,ppe_violation,rule_1,targeted,-1,beam,1200,900,"[289, 573, 301, 585]","[289, 573, 301, 585]",0.00013333333333333334,0.00013333333333333334,1.0,compliant,violation,True,True,0.0,0.09724694157907834,False,False,False,0.004807594631399459,"[[154.20001220703125,696.1499633789062,234.60000610351562,898.6499633789062]]","[[337.8000183105469,696.1499633789062,376.20001220703125,724.949951171875]]",551.7131999949925
0003339,ppe_violation,rule_1,random_matched,42,beam,1200,675,"[49, 189, 157, 249]","[617, 192, 725, 252]",0.008,0.008,0.0,compliant,compliant,False,False,0.9776514915152036,0.0004999995774047568,False,False,False,-0.029794567929846916,"[[216.60000610351562,152.8874969482422,354.6000061035156,671.9625244140625]]","[[48.60000228881836,189.33750915527344,155.40000915527344,248.0625],[269.4000244140625,152.8874969482422,354.6000061035156,211.6125030517578]]",566.8795999954455
0003339,ppe_violation,rule_1,random_matched,43,beam,1200,675,"[49, 189, 157, 249]","[1047, 531, 1155, 591]",0.008,0.008,0.0,compliant,compliant,False,False,0.9776514915152036,0.0004999995774047568,False,False,False,-0.031921905598470135,"[[216.60000610351562,152.8874969482422,354.6000061035156,671.9625244140625]]","[[48.60000228881836,189.33750915527344,155.40000915527344,248.0625]]",489.06520000309683
0003339,ppe_violation,rule_1,random_matched,44,beam,1200,675,"[49, 189, 157, 249]","[240, 535, 348, 595]",0.008,0.008,0.0,compliant,compliant,False,False,0.9886363110923188,0.0002451317280818856,False,False,False,-0.03394853656313246,"[[216.60000610351562,152.8874969482422,354.6000061035156,671.9625244140625]]","[[48.60000228881836,189.33750915527344,156.60000610351562,248.0625]]",458.22809998935554
0003339,ppe_violation,rule_1,random_matched,45,beam,1200,675,"[49, 189, 157, 249]","[322, 476, 430, 536]",0.008,0.008,0.0,compliant,compliant,False,False,0.9886363110923188,0.0002451317280818856,False,False,False,-0.030536695383489132,"[[215.40000915527344,152.8874969482422,353.4000244140625,671.9625244140625]]","[[48.60000228881836,189.33750915527344,156.60000610351562,248.0625]]",447.71140000375453
0003339,ppe_violation,rule_1,random_matched,46,beam,1200,675,"[49, 189, 157, 249]","[510, 80, 618, 140]",0.008,0.008,0.0,compliant,compliant,False,False,0.9776514915152036,0.0004999995774047568,False,False,False,-0.004076966816293326,"[[216.60000610351562,152.8874969482422,354.6000061035156,671.9625244140625]]","[[48.60000228881836,189.33750915527344,155.40000915527344,248.0625]]",570.4771000018809
0003339,ppe_violation,rule_1,targeted,-1,beam,1200,675,"[49, 189, 157, 249]","[49, 189, 157, 249]",0.008,0.008,1.0,compliant,violation,True,True,0.0,0.4694458479665079,False,False,False,-0.04298071529982339,"[[216.60000610351562,153.5625,354.6000061035156,671.9625244140625]]","[[707.4000244140625,200.1374969482422,790.2000122070312,264.9375]]",435.95810000260826
0003429,ppe_violation,rule_1,random_matched,42,beam,2560,1920,"[1253, 729, 1327, 786]","[2308, 17, 2382, 74]",0.000858154296875,0.000858154296875,0.0,violation,violation,False,False,1.0,0.0,False,False,False,-7.302353956872842e-05,"[[687.3599853515625,655.6799926757812,1004.7999877929688,1552.3199462890625]]","[[1253.1199951171875,728.6399536132812,1327.3599853515625,786.239990234375]]",559.4484000030207
0003429,ppe_violation,rule_1,random_matched,43,beam,2560,1920,"[1253, 729, 1327, 786]","[715, 1688, 789, 1745]",0.000858154296875,0.000858154296875,0.0,violation,violation,False,False,1.0,0.0,False,False,False,-0.002258814139557752,"[[687.3599853515625,655.6799926757812,1004.7999877929688,1550.4000244140625]]","[[1253.1199951171875,728.6399536132812,1327.3599853515625,786.239990234375]]",581.5652000019327
0003429,ppe_violation,rule_1,random_matched,44,beam,2560,1920,"[1253, 729, 1327, 786]","[2279, 1360, 2353, 1417]",0.000858154296875,0.000858154296875,0.0,violation,violation,False,False,1.0,0.0,False,False,False,0.0006443367206624417,"[[687.3599853515625,655.6799926757812,1004.7999877929688,1552.3199462890625]]","[[1253.1199951171875,728.6399536132812,1327.3599853515625,786.239990234375]]",579.7128000122029
0003429,ppe_violation,rule_1,random_matched,45,beam,2560,1920,"[1253, 729, 1327, 786]","[2184, 960, 2258, 1017]",0.000858154296875,0.000858154296875,0.0,violation,violation,False,False,1.0,0.0,False,False,False,0.00013732078618233778,"[[687.3599853515625,655.6799926757812,1004.7999877929688,1552.3199462890625]]","[[1253.1199951171875,728.6399536132812,1327.3599853515625,786.239990234375]]",578.532700004871
0003429,ppe_violation,rule_1,random_matched,46,beam,2560,1920,"[1253, 729, 1327, 786]","[1654, 1149, 1728, 1206]",0.000858154296875,0.000858154296875,0.0,violation,violation,False,False,1.0,0.0,False,False,False,-0.0004937932161348524,"[[687.3599853515625,655.6799926757812,1004.7999877929688,1552.3199462890625]]","[[1253.1199951171875,728.6399536132812,1327.3599853515625,786.239990234375]]",602.3926999914693
0003429,ppe_violation,rule_1,targeted,-1,beam,2560,1920,"[1253, 729, 1327, 786]","[1253, 729, 1327, 786]",0.000858154296875,0.000858154296875,1.0,violation,compliant,True,True,0.0,0.14474836337414482,False,False,False,-0.021565265753971663,"[[687.3599853515625,655.6799926757812,1004.7999877929688,1550.4000244140625]]","[[802.5599975585938,680.6400146484375,856.3200073242188,740.1599731445312]]",610.0939000025392
0003479,fall_hazard,rule_2,random_matched,42,beam,675,1200,"[416, 319, 577, 415]","[169, 637, 330, 733]",0.01908148148148148,0.01908148148148148,0.0,compliant,compliant,False,False,0.9753083939027645,0.000871584403249398,False,False,False,0.0009642269329300235,"[[393.8625183105469,319.8000183105469,577.4625244140625,528.6000366210938]]","[[416.13751220703125,319.8000183105469,577.4625244140625,415.8000183105469],[416.13751220703125,319.8000183105469,576.7875366210938,414.6000061035156],[416.13751220703125,319.8000183105469,489.7124938964844,376.20001220703125]]",597.39609999815
0003479,fall_hazard,rule_2,random_matched,43,beam,675,1200,"[416, 319, 577, 415]","[436, 34, 597, 130]",0.01908148148148148,0.01908148148148148,0.0,compliant,compliant,False,False,1.0,0.0,False,False,False,0.0022285613065052834,"[[395.2124938964844,319.8000183105469,577.4625244140625,528.6000366210938]]","[[416.13751220703125,318.6000061035156,577.4625244140625,414.6000061035156],[416.13751220703125,318.6000061035156,576.7875366210938,413.4000244140625]]",556.6574999975273
0003479,fall_hazard,rule_2,random_matched,44,beam,675,1200,"[416, 319, 577, 415]","[427, 931, 588, 1027]",0.01908148148148148,0.01908148148148148,0.0,compliant,compliant,False,False,1.0,0.0,False,False,False,0.0009810872309441443,"[[395.2124938964844,319.8000183105469,577.4625244140625,527.4000244140625]]","[[416.13751220703125,318.6000061035156,577.4625244140625,414.6000061035156],[416.13751220703125,318.6000061035156,576.7875366210938,413.4000244140625],[416.13751220703125,318.6000061035156,489.0375061035156,376.20001220703125]]",695.7576999993762
0003479,fall_hazard,rule_2,random_matched,45,beam,675,1200,"[416, 319, 577, 415]","[74, 740, 235, 836]",0.01908148148148148,0.01908148148148148,0.0,compliant,compliant,False,False,1.0,0.0,False,False,False,0.001060338624353896,"[[395.2124938964844,319.8000183105469,577.4625244140625,527.4000244140625]]","[[416.13751220703125,318.6000061035156,577.4625244140625,414.6000061035156],[416.13751220703125,318.6000061035156,576.7875366210938,413.4000244140625],[416.13751220703125,318.6000061035156,489.0375061035156,376.20001220703125]]",569.829000000027
0003479,fall_hazard,rule_2,random_matched,46,beam,675,1200,"[416, 319, 577, 415]","[89, 704, 250, 800]",0.01908148148148148,0.01908148148148148,0.0,compliant,compliant,False,False,0.9753083939027645,0.000871584403249398,False,False,False,-0.0014668639549719753,"[[395.2124938964844,319.8000183105469,577.4625244140625,527.4000244140625]]","[[416.13751220703125,319.8000183105469,577.4625244140625,415.8000183105469],[416.13751220703125,319.8000183105469,576.7875366210938,414.6000061035156],[416.13751220703125,319.8000183105469,489.7124938964844,376.20001220703125]]",548.0722000065725
0003479,fall_hazard,rule_2,targeted,-1,beam,675,1200,"[416, 319, 577, 415]","[416, 319, 577, 415]",0.01908148148148148,0.01908148148148148,1.0,compliant,compliant,False,False,0.0191967106803252,0.20502103939658797,False,False,False,-0.08716489900169633,"[[399.9375,409.8000183105469,507.9375,519.0]]","[[0.3375000059604645,0.6000000238418579,673.9874877929688,1198.2000732421875]]",504.0230000013253
0003516,ppe_violation,rule_1,random_matched,42,beam,1200,800,"[98, 405, 115, 420]","[788, 749, 805, 764]",0.000265625,0.000265625,0.0,compliant,compliant,False,False,1.0,0.0,False,False,False,2.0235643855115448e-05,"[[93.0,406.0,125.4000015258789,477.20001220703125]]","[[97.80000305175781,405.20001220703125,114.60000610351562,420.3999938964844]]",511.25260000117123
0003516,ppe_violation,rule_1,random_matched,43,beam,1200,800,"[98, 405, 115, 420]","[54, 29, 71, 44]",0.000265625,0.000265625,0.0,compliant,compliant,False,False,1.0,0.0,False,False,False,-0.00033035927585189917,"[[93.0,406.0,125.4000015258789,477.20001220703125]]","[[97.80000305175781,405.20001220703125,114.60000610351562,420.3999938964844]]",455.7929000002332
0003516,ppe_violation,rule_1,random_matched,44,beam,1200,800,"[98, 405, 115, 420]","[290, 609, 307, 624]",0.000265625,0.000265625,0.0,compliant,compliant,False,False,1.0,0.0,False,False,False,-7.649338138959738e-05,"[[93.0,406.0,125.4000015258789,477.20001220703125]]","[[97.80000305175781,405.20001220703125,114.60000610351562,420.3999938964844]]",446.14059999003075
0003516,ppe_violation,rule_1,random_matched,45,beam,1200,800,"[98, 405, 115, 420]","[343, 305, 360, 320]",0.000265625,0.000265625,0.0,compliant,compliant,False,False,1.0,0.0,False,False,False,0.0001710590773394971,"[[93.0,406.0,125.4000015258789,477.20001220703125]]","[[97.80000305175781,405.20001220703125,114.60000610351562,420.3999938964844]]",495.07059999450576
0003516,ppe_violation,rule_1,random_matched,46,beam,1200,800,"[98, 405, 115, 420]","[187, 84, 204, 99]",0.000265625,0.000265625,0.0,compliant,compliant,False,False,1.0,0.0,False,False,False,-0.00011118554643219092,"[[93.0,406.0,125.4000015258789,477.20001220703125]]","[[97.80000305175781,405.20001220703125,114.60000610351562,420.3999938964844]]",485.12749999645166
0003516,ppe_violation,rule_1,targeted,-1,beam,1200,800,"[98, 405, 115, 420]","[98, 405, 115, 420]",0.000265625,0.000265625,1.0,compliant,compliant,False,False,0.017543604977954565,0.012106099365043952,False,False,False,0.04542434441723997,"[[93.0,402.0,125.4000015258789,477.20001220703125]]","[[96.60000610351562,419.6000061035156,121.80000305175781,440.3999938964844]]",463.707599992631
0003613,fall_hazard,rule_3,random_matched,42,beam,960,1280,"[203, 269, 496, 1059]","[550, 466, 843, 1256]",0.18837076822916668,0.18837076822916668,0.0,compliant,compliant,False,False,0.9934903378197857,0.0003000068666066571,False,False,False,-0.012569716916634444,[],"[[203.0399932861328,270.7200012207031,494.8799743652344,1057.919921875]]",579.7629000007873
0003613,fall_hazard,rule_3,random_matched,43,beam,960,1280,"[203, 269, 496, 1059]","[581, 151, 874, 941]",0.18837076822916668,0.18837076822916668,0.0,compliant,violation,True,True,,,True,False,False,-0.06464718605627062,[],[],627.3491000029026
0003613,fall_hazard,rule_3,random_matched,44,beam,960,1280,"[203, 269, 496, 1059]","[520, 424, 813, 1214]",0.18837076822916668,0.18837076822916668,0.0,compliant,compliant,False,False,0.998379217255911,0.0004000091552734375,False,False,False,-0.002635110671130536,[],"[[203.0399932861328,269.44000244140625,495.8399963378906,1057.919921875]]",599.0157000051113
0003613,fall_hazard,rule_3,random_matched,45,beam,960,1280,"[203, 269, 496, 1059]","[662, 483, 955, 1273]",0.18837076822916668,0.18837076822916668,0.0,compliant,violation,True,True,,,True,False,False,-0.07805077981326602,[],[],679.3773000099463
0003613,fall_hazard,rule_3,random_matched,46,beam,960,1280,"[203, 269, 496, 1059]","[643, 419, 936, 1209]",0.18837076822916668,0.18837076822916668,0.0,compliant,compliant,False,False,0.998379217255911,0.0004000091552734375,False,False,False,-0.0007003418241555703,[],"[[203.0399932861328,269.44000244140625,495.8399963378906,1057.919921875]]",537.3472999926889
0003613,fall_hazard,rule_3,targeted,-1,beam,960,1280,"[203, 269, 496, 1059]","[203, 269, 496, 1059]",0.18837076822916668,0.18837076822916668,1.0,compliant,violation,True,True,,,True,False,False,-0.038888916127629236,[],[],626.1388000129955
0003632,fall_hazard,rule_2,random_matched,42,beam,907,765,"[468, 168, 542, 264]","[109, 379, 183, 475]",0.010238450396696717,0.010238450396696717,0.0,compliant,compliant,False,False,1.0,0.0,False,False,False,-0.0004447827647839908,"[[467.5585021972656,167.91749572753906,541.0255126953125,262.7774963378906]]","[[467.5585021972656,167.91749572753906,541.9324951171875,264.3074951171875]]",466.04740001203027
0003632,fall_hazard,rule_2,random_matched,43,beam,907,765,"[468, 168, 542, 264]","[397, 418, 471, 514]",0.010238450396696717,0.010238450396696717,0.0,compliant,compliant,False,False,1.0,0.0,False,False,False,-0.002938851847180346,"[[467.5585021972656,167.91749572753906,541.0255126953125,262.7774963378906]]","[[467.5585021972656,167.91749572753906,541.9324951171875,264.3074951171875]]",482.89630000363104
0003632,fall_hazard,rule_2,random_matched,44,beam,907,765,"[468, 168, 542, 264]","[543, 651, 617, 747]",0.010238450396696717,0.010238450396696717,0.0,compliant,compliant,False,False,1.0,0.0,False,False,False,-0.00274200378251932,"[[467.5585021972656,167.91749572753906,541.0255126953125,262.7774963378906]]","[[467.5585021972656,167.91749572753906,541.9324951171875,264.3074951171875]]",433.26939998951275
0003632,fall_hazard,rule_2,random_matched,45,beam,907,765,"[468, 168, 542, 264]","[169, 617, 243, 713]",0.010238450396696717,0.010238450396696717,0.0,compliant,compliant,False,False,1.0,0.0,False,False,False,-0.0027150637470185757,"[[467.5585021972656,167.91749572753906,541.0255126953125,262.7774963378906]]","[[467.5585021972656,167.91749572753906,541.9324951171875,264.3074951171875]]",458.25429999968037
0003632,fall_hazard,rule_2,random_matched,46,beam,907,765,"[468, 168, 542, 264]","[268, 382, 342, 478]",0.010238450396696717,0.010238450396696717,0.0,compliant,compliant,False,False,1.0,0.0,False,False,False,-0.00043058954179286957,"[[467.5585021972656,167.91749572753906,541.0255126953125,262.7774963378906]]","[[467.5585021972656,167.91749572753906,541.9324951171875,264.3074951171875]]",458.52410000225063
0003632,fall_hazard,rule_2,targeted,-1,beam,907,765,"[468, 168, 542, 264]","[468, 168, 542, 264]",0.010238450396696717,0.010238450396696717,1.0,compliant,compliant,False,False,0.010373451258571796,0.14653466012522212,False,True,False,-0.07239184949901856,[],"[[0.45350000262260437,0.3824999928474426,905.6395263671875,763.8524780273438]]",623.3955000061542
0003813,struck_by_risk,rule_4,random_matched,42,beam,1200,800,"[625, 158, 956, 435]","[664, 521, 995, 798]",0.09550729166666666,0.09550729166666666,0.0,safe,safe,False,False,1.0,0.0,False,False,False,-0.00024742857804360696,"[[387.0000305175781,511.6000061035156,585.0,798.7999877929688]]","[[624.6000366210938,158.0,955.800048828125,434.8000183105469]]",561.6865999909351
0003813,struck_by_risk,rule_4,random_matched,43,beam,1200,800,"[625, 158, 956, 435]","[530, 520, 861, 797]",0.09550729166666666,0.09550729166666666,0.0,safe,safe,False,False,1.0,0.0,False,False,False,0.010882698590793383,"[[387.0000305175781,511.6000061035156,537.0,798.7999877929688]]","[[624.6000366210938,158.0,955.800048828125,434.8000183105469]]",478.6227000004146
0003813,struck_by_risk,rule_4,random_matched,44,beam,1200,800,"[625, 158, 956, 435]","[94, 230, 425, 507]",0.09550729166666666,0.09550729166666666,0.0,safe,safe,False,False,1.0,0.0,False,False,False,-0.03367782348678228,"[[387.0000305175781,511.6000061035156,585.0,798.7999877929688]]","[[624.6000366210938,158.0,955.800048828125,434.8000183105469]]",477.7604999981122
0003813,struck_by_risk,rule_4,random_matched,45,beam,1200,800,"[625, 158, 956, 435]","[43, 32, 374, 309]",0.09550729166666666,0.09550729166666666,0.0,safe,safe,False,False,1.0,0.0,False,False,False,7.576353493199406e-05,"[[387.0000305175781,511.6000061035156,583.800048828125,798.7999877929688]]","[[624.6000366210938,158.0,955.800048828125,434.8000183105469]]",486.77269999461714
0003813,struck_by_risk,rule_4,random_matched,46,beam,1200,800,"[625, 158, 956, 435]","[46, 277, 377, 554]",0.09550729166666666,0.09550729166666666,0.0,safe,safe,False,False,1.0,0.0,False,False,False,-0.04618208063027218,"[[387.0000305175781,511.6000061035156,585.0,798.7999877929688]]","[[624.6000366210938,158.0,955.800048828125,434.8000183105469]]",490.77250000846107
0003813,struck_by_risk,rule_4,targeted,-1,beam,1200,800,"[625, 158, 956, 435]","[625, 158, 956, 435]",0.09550729166666666,0.09550729166666666,1.0,safe,hazard,True,True,0.0,0.2535259558091251,False,False,False,0.04773161400641723,"[[387.0000305175781,511.6000061035156,585.0,798.7999877929688]]","[[575.4000244140625,572.4000244140625,780.6000366210938,716.4000244140625]]",481.28300000098534
0003922,ppe_violation,rule_1,random_matched,42,beam,1160,637,"[697, 476, 716, 490]","[943, 39, 962, 53]",0.00035998484274346343,0.00035998484274346343,0.0,compliant,compliant,False,False,1.0,0.0,False,False,False,0.002300616640311004,[],"[[696.5799560546875,475.5205078125,716.2999877929688,490.1715087890625]]",554.619400005322
0003922,ppe_violation,rule_1,random_matched,43,beam,1160,637,"[697, 476, 716, 490]","[770, 420, 789, 434]",0.00035998484274346343,0.00035998484274346343,0.0,compliant,compliant,False,False,1.0,0.0,False,False,False,0.001538379905888676,[],"[[696.5799560546875,475.5205078125,716.2999877929688,490.1715087890625]]",552.7092999982415
0003922,ppe_violation,rule_1,random_matched,44,beam,1160,637,"[697, 476, 716, 490]","[139, 60, 158, 74]",0.00035998484274346343,0.00035998484274346343,0.0,compliant,compliant,False,False,1.0,0.0,False,False,False,0.004463737472318763,[],"[[696.5799560546875,475.5205078125,716.2999877929688,490.1715087890625]]",543.3238999976311
0003922,ppe_violation,rule_1,random_matched,45,beam,1160,637,"[697, 476, 716, 490]","[167, 551, 186, 565]",0.00035998484274346343,0.00035998484274346343,0.0,compliant,compliant,False,False,1.0,0.0,False,False,False,-0.0003456640988588333,[],"[[696.5799560546875,475.5205078125,716.2999877929688,490.1715087890625]]",674.1386000066996
0003922,ppe_violation,rule_1,random_matched,46,beam,1160,637,"[697, 476, 716, 490]","[636, 93, 655, 107]",0.00035998484274346343,0.00035998484274346343,0.0,compliant,compliant,False,False,1.0,0.0,False,False,False,0.0046311876235100025,[],"[[696.5799560546875,475.5205078125,716.2999877929688,490.1715087890625]]",557.6049000083003
0003922,ppe_violation,rule_1,targeted,-1,beam,1160,637,"[697, 476, 716, 490]","[697, 476, 716, 490]",0.00035998484274346343,0.00035998484274346343,1.0,compliant,compliant,False,False,0.5430563581907737,0.000500015670361406,False,False,False,0.03414936564289606,[],"[[693.0999755859375,473.6095275878906,720.9400024414062,492.7195129394531]]",513.7263999931747
0003928,ppe_violation,rule_1,random_matched,42,beam,1200,675,"[1029, 267, 1046, 279]","[977, 174, 994, 186]",0.00025185185185185185,0.00025185185185185185,0.0,compliant,compliant,False,False,1.0,0.0,False,False,False,-0.0007648396172694749,"[[1008.6000366210938,264.9375,1053.0,345.9375]]","[[1029.0,266.9624938964844,1045.800048828125,279.1125183105469]]",521.9052000029478
0003928,ppe_violation,rule_1,random_matched,43,beam,1200,675,"[1029, 267, 1046, 279]","[696, 23, 713, 35]",0.00025185185185185185,0.00025185185185185185,0.0,compliant,compliant,False,False,1.0,0.0,False,False,False,0.0004568219717059341,"[[1008.6000366210938,264.9375,1053.0,345.9375]]","[[1029.0,266.9624938964844,1045.800048828125,279.1125183105469]]",489.4155000074534
0003928,ppe_violation,rule_1,random_matched,44,beam,1200,675,"[1029, 267, 1046, 279]","[860, 581, 877, 593]",0.00025185185185185185,0.00025185185185185185,0.0,compliant,compliant,False,False,1.0,0.0,False,False,False,-4.799304796121451e-05,"[[1008.6000366210938,264.9375,1053.0,345.9375]]","[[1029.0,266.9624938964844,1045.800048828125,279.1125183105469]]",534.9379999970552
0003928,ppe_violation,rule_1,random_matched,45,beam,1200,675,"[1029, 267, 1046, 279]","[1138, 322, 1155, 334]",0.00025185185185185185,0.00025185185185185185,0.0,compliant,compliant,False,False,1.0,0.0,False,False,False,0.0002307524638516245,"[[1008.6000366210938,264.9375,1053.0,345.9375]]","[[1029.0,266.9624938964844,1045.800048828125,279.1125183105469]]",473.170500001288
0003928,ppe_violation,rule_1,random_matched,46,beam,1200,675,"[1029, 267, 1046, 279]","[907, 312, 924, 324]",0.00025185185185185185,0.00025185185185185185,0.0,compliant,compliant,False,False,1.0,0.0,False,False,False,0.0005657734748507615,"[[1008.6000366210938,264.9375,1053.0,345.9375]]","[[1029.0,266.9624938964844,1045.800048828125,279.1125183105469]]",434.2878000024939
0003928,ppe_violation,rule_1,targeted,-1,beam,1200,675,"[1029, 267, 1046, 279]","[1029, 267, 1046, 279]",0.00025185185185185185,0.00025185185185185185,1.0,compliant,violation,True,True,0.0,0.39597088477962483,False,False,False,-0.008545268859182054,"[[631.800048828125,356.7375183105469,660.6000366210938,395.2124938964844]]","[[529.800048828125,482.9624938964844,543.0,493.0874938964844]]",443.5780000058003
0003943,ppe_violation,rule_1,random_matched,42,beam,1200,900,"[62, 568, 79, 582]","[573, 163, 590, 177]",0.00022037037037037037,0.00022037037037037037,0.0,compliant,compliant,False,False,0.7291662207052917,0.0009000040690113149,False,False,False,0.00038355495780706406,"[[51.000003814697266,566.5499877929688,90.60000610351562,619.6499633789062]]","[[60.60000228881836,568.3499755859375,79.80000305175781,584.5499877929688]]",473.8893000030657
0003943,ppe_violation,rule_1,random_matched,43,beam,1200,900,"[62, 568, 79, 582]","[996, 611, 1013, 625]",0.00022037037037037037,0.00022037037037037037,0.0,compliant,compliant,False,False,0.9374984105455008,0.00030000813802083336,False,False,False,0.0010354078507849307,"[[51.000003814697266,566.5499877929688,90.60000610351562,619.6499633789062]]","[[61.80000305175781,568.3499755859375,78.60000610351562,582.75]]",464.4232999999076
0003943,ppe_violation,rule_1,random_matched,44,beam,1200,900,"[62, 568, 79, 582]","[1175, 252, 1192, 266]",0.00022037037037037037,0.00022037037037037037,0.0,compliant,compliant,False,False,1.0,0.0,False,False,False,-3.410463354414084e-05,"[[51.000003814697266,566.5499877929688,90.60000610351562,619.6499633789062]]","[[61.80000305175781,568.3499755859375,78.60000610351562,581.8499755859375]]",460.87599999736995
0003943,ppe_violation,rule_1,random_matched,45,beam,1200,900,"[62, 568, 79, 582]","[1055, 163, 1072, 177]",0.00022037037037037037,0.00022037037037037037,0.0,compliant,compliant,False,False,0.9374984105455008,0.00030000813802083336,False,False,False,0.0007547274498003187,"[[51.000003814697266,566.5499877929688,90.60000610351562,619.6499633789062]]","[[61.80000305175781,568.3499755859375,78.60000610351562,582.75]]",543.1952999933856
0003943,ppe_violation,rule_1,random_matched,46,beam,1200,900,"[62, 568, 79, 582]","[848, 333, 865, 347]",0.00022037037037037037,0.00022037037037037037,0.0,compliant,compliant,False,False,0.9374984105455008,0.00030000813802083336,False,False,False,0.016129235603979608,"[[51.000003814697266,566.5499877929688,90.60000610351562,619.6499633789062]]","[[61.80000305175781,568.3499755859375,78.60000610351562,582.75]]",457.42159998917487
0003943,ppe_violation,rule_1,targeted,-1,beam,1200,900,"[62, 568, 79, 582]","[62, 568, 79, 582]",0.00022037037037037037,0.00022037037037037037,1.0,compliant,violation,True,True,0.11290324400002995,0.01050761619821311,False,False,False,0.025528247867311782,"[[413.4000244140625,434.25,831.0000610351562,661.0499877929688]]","[[52.20000076293945,563.8499755859375,89.4000015258789,617.8499755859375]]",460.1608000084525
0004032,fall_hazard,rule_3,random_matched,42,beam,1200,900,"[1, 347, 578, 559]","[269, 169, 846, 381]",0.11326296296296297,0.11326296296296297,0.044870206968420874,violation,violation,False,False,0.8372388671558456,0.010807423317487507,False,False,False,-0.0015040803035455408,"[[844.2000122070312,258.75,925.800048828125,463.04998779296875]]","[[0.6000000238418579,380.25,576.6000366210938,558.4500122070312]]",434.15129999630153
0004032,fall_hazard,rule_3,random_matched,43,beam,1200,900,"[1, 347, 578, 559]","[574, 214, 1151, 426]",0.11326296296296297,0.11326296296296297,0.001293322200939705,violation,compliant,True,True,0.9874026722942443,0.0010000040690435303,False,False,False,0.0018122146305229458,"[[153.0,627.75,214.20001220703125,768.1499633789062]]","[[0.6000000238418579,346.9499816894531,575.4000244140625,557.5499877929688]]",443.89209999644663
0004032,fall_hazard,rule_3,random_matched,44,beam,1200,900,"[1, 347, 578, 559]","[395, 648, 972, 860]",0.11326296296296297,0.11326296296296297,0.0,violation,violation,False,False,0.9957628841583448,0.00029998779296875,False,False,False,-0.0031798207201063633,"[[839.4000244140625,258.75,925.800048828125,463.04998779296875]]","[[0.6000000238418579,346.9499816894531,577.800048828125,558.4500122070312]]",486.77270000916906
0004032,fall_hazard,rule_3,random_matched,45,beam,1200,900,"[1, 347, 578, 559]","[248, 95, 825, 307]",0.11326296296296297,0.11326296296296297,0.0,violation,violation,False,False,0.9957628841583448,0.00029998779296875,False,False,False,0.0019573272605027947,"[[840.6000366210938,258.75,925.800048828125,463.04998779296875]]","[[0.6000000238418579,346.9499816894531,577.800048828125,558.4500122070312]]",479.9929000000702
0004032,fall_hazard,rule_3,random_matched,46,beam,1200,900,"[1, 347, 578, 559]","[146, 549, 723, 761]",0.11326296296296297,0.11326296296296297,0.017975433574115376,violation,violation,False,False,0.9661016364692542,0.0024000040690104166,False,False,False,-0.012734844748462981,"[[838.2000122070312,258.75,924.6000366210938,463.9499816894531]]","[[0.6000000238418579,346.9499816894531,577.800048828125,552.1499633789062]]",461.5336999995634
0004032,fall_hazard,rule_3,targeted,-1,beam,1200,900,"[1, 347, 578, 559]","[1, 347, 578, 559]",0.11326296296296297,0.11326296296296297,1.0,violation,compliant,True,True,0.0,0.14959626106036975,False,False,False,-0.02636114913704135,"[[154.20001220703125,627.75,214.20001220703125,768.1499633789062]]","[[0.6000000238418579,643.9500122070312,469.8000183105469,697.949951171875]]",457.9280000034487
0004171,ppe_violation,rule_1,random_matched,42,beam,1200,900,"[1011, 467, 1030, 482]","[344, 377, 363, 392]",0.00026388888888888886,0.00026388888888888886,0.0,compliant,compliant,False,False,1.0,0.0,False,False,False,-0.0005612737898316178,"[[913.800048828125,463.04998779296875,966.6000366210938,576.4500122070312]]","[[1011.0000610351562,466.6499938964844,1030.2000732421875,481.9499816894531]]",541.8417000037152
0004171,ppe_violation,rule_1,random_matched,43,beam,1200,900,"[1011, 467, 1030, 482]","[1158, 572, 1177, 587]",0.00026388888888888886,0.00026388888888888886,0.0,compliant,compliant,False,False,1.0,0.0,False,False,False,-0.004367802558200795,"[[913.800048828125,463.04998779296875,966.6000366210938,576.4500122070312]]","[[1011.0000610351562,466.6499938964844,1030.2000732421875,481.9499816894531]]",451.9897999998648
0004171,ppe_violation,rule_1,random_matched,44,beam,1200,900,"[1011, 467, 1030, 482]","[947, 329, 966, 344]",0.00026388888888888886,0.00026388888888888886,0.0,compliant,compliant,False,False,1.0,0.0,False,False,False,-0.0013640174376112757,"[[913.800048828125,463.04998779296875,966.6000366210938,576.4500122070312]]","[[1011.0000610351562,466.6499938964844,1030.2000732421875,481.9499816894531]]",452.751899996656
0004171,ppe_violation,rule_1,random_matched,45,beam,1200,900,"[1011, 467, 1030, 482]","[633, 780, 652, 795]",0.00026388888888888886,0.00026388888888888886,0.0,compliant,compliant,False,False,1.0,0.0,False,False,False,-5.076160388339801e-05,"[[913.800048828125,463.04998779296875,966.6000366210938,576.4500122070312]]","[[1011.0000610351562,466.6499938964844,1030.2000732421875,481.9499816894531]]",439.3973999976879
0004171,ppe_violation,rule_1,random_matched,46,beam,1200,900,"[1011, 467, 1030, 482]","[507, 95, 526, 110]",0.00026388888888888886,0.00026388888888888886,0.0,compliant,compliant,False,False,1.0,0.0,False,False,False,-0.0019359721669129915,"[[913.800048828125,463.04998779296875,966.6000366210938,576.4500122070312]]","[[1011.0000610351562,466.6499938964844,1030.2000732421875,481.9499816894531]]",454.97410000825766
0004171,ppe_violation,rule_1,targeted,-1,beam,1200,900,"[1011, 467, 1030, 482]","[1011, 467, 1030, 482]",0.00026388888888888886,0.00026388888888888886,1.0,compliant,compliant,False,False,0.5375485058874749,2.0345052083333333e-08,False,False,False,-0.01852577312716419,"[[913.800048828125,463.04998779296875,966.6000366210938,576.4500122070312]]","[[1007.4000244140625,463.9499816894531,1033.800048828125,484.6499938964844]]",452.3598999949172
0004196,struck_by_risk,rule_4,random_matched,42,beam,1200,900,"[439, 173, 785, 821]","[71, 61, 417, 709]",0.2076,0.2076,0.0,safe,hazard,True,True,0.9965517767544451,0.000399993896484375,False,False,False,0.030286714671150072,"[[676.2000122070312,519.75,753.0,609.75]]","[[437.4000244140625,173.25,785.4000244140625,821.25]]",479.5464000053471
0004196,struck_by_risk,rule_4,random_matched,43,beam,1200,900,"[439, 173, 785, 821]","[766, 248, 1112, 896]",0.2076,0.2076,0.024882922046310072,safe,safe,False,False,0.9571461856658452,0.004011234832676682,False,False,False,-0.009671923541833438,"[[76.20000457763672,635.8499755859375,131.40000915527344,793.3499755859375]]","[[439.8000183105469,173.25,772.2000122070312,820.3499755859375]]",450.14650000666734
0004196,struck_by_risk,rule_4,random_matched,44,beam,1200,900,"[439, 173, 785, 821]","[796, 2, 1142, 650]",0.2076,0.2076,0.0,safe,safe,False,False,0.9986110734350887,0.00030000813802083336,False,False,False,8.003756640451165e-05,"[[76.20000457763672,635.8499755859375,132.60000610351562,793.3499755859375]]","[[438.6000061035156,173.25,785.4000244140625,820.3499755859375]]",479.8540000047069
0004196,struck_by_risk,rule_4,random_matched,45,beam,1200,900,"[439, 173, 785, 821]","[38, 61, 384, 709]",0.2076,0.2076,0.0,safe,hazard,True,True,1.0,0.0,False,False,False,0.029344062246973612,"[[676.2000122070312,519.75,753.0,609.75]]","[[438.6000061035156,173.25,785.4000244140625,821.25]]",535.578600000008
0004196,struck_by_risk,rule_4,random_matched,46,beam,1200,900,"[439, 173, 785, 821]","[797, 50, 1143, 698]",0.2076,0.2076,0.0,safe,safe,False,False,0.9556815482867059,0.005208659312736123,False,False,False,0.012229614373710396,"[[76.20000457763672,635.8499755859375,131.40000915527344,793.3499755859375]]","[[438.6000061035156,173.25,801.0000610351562,820.3499755859375]]",544.7559000022011
0004196,struck_by_risk,rule_4,targeted,-1,beam,1200,900,"[439, 173, 785, 821]","[439, 173, 785, 821]",0.2076,0.2076,1.0,safe,hazard,True,True,0.0,0.3678682410785002,False,False,False,0.012778879808527988,"[[76.20000457763672,634.9500122070312,132.60000610351562,794.25]]","[[77.4000015258789,635.8499755859375,132.60000610351562,794.25]]",564.4743000011658
0004273,ppe_violation,rule_1,random_matched,42,beam,1200,900,"[991, 455, 1019, 470]","[1097, 438, 1125, 453]",0.00038888888888888887,0.00038888888888888887,0.0,compliant,compliant,False,False,1.0,0.0,False,False,False,0.0005938143336348123,"[[984.6000366210938,454.9499816894531,1031.4000244140625,553.9500122070312]]","[[990.6000366210938,454.9499816894531,1019.4000244140625,470.25]]",614.7323999903165
0004273,ppe_violation,rule_1,random_matched,43,beam,1200,900,"[991, 455, 1019, 470]","[1133, 521, 1161, 536]",0.00038888888888888887,0.00038888888888888887,0.0,compliant,compliant,False,False,1.0,0.0,False,False,False,0.0013643050832408132,"[[984.6000366210938,454.9499816894531,1031.4000244140625,553.9500122070312]]","[[990.6000366210938,454.9499816894531,1019.4000244140625,470.25]]",549.0045999904396
0004273,ppe_violation,rule_1,random_matched,44,beam,1200,900,"[991, 455, 1019, 470]","[13, 442, 41, 457]",0.00038888888888888887,0.00038888888888888887,0.0,compliant,compliant,False,False,1.0,0.0,False,False,False,0.00012991404426954123,"[[984.6000366210938,454.9499816894531,1031.4000244140625,553.9500122070312]]","[[990.6000366210938,454.9499816894531,1019.4000244140625,470.25]]",502.2276000090642
0004273,ppe_violation,rule_1,random_matched,45,beam,1200,900,"[991, 455, 1019, 470]","[640, 390, 668, 405]",0.00038888888888888887,0.00038888888888888887,0.0,compliant,compliant,False,False,1.0,0.0,False,False,False,-0.00012690946459770203,"[[984.6000366210938,454.9499816894531,1031.4000244140625,553.9500122070312]]","[[990.6000366210938,454.9499816894531,1019.4000244140625,470.25]]",472.56180000840686
0004273,ppe_violation,rule_1,random_matched,46,beam,1200,900,"[991, 455, 1019, 470]","[758, 365, 786, 380]",0.00038888888888888887,0.00038888888888888887,0.0,compliant,compliant,False,False,1.0,0.0,False,False,False,4.186228449865048e-05,"[[984.6000366210938,454.9499816894531,1031.4000244140625,553.9500122070312]]","[[990.6000366210938,454.9499816894531,1019.4000244140625,470.25]]",483.8632000028156
0004273,ppe_violation,rule_1,targeted,-1,beam,1200,900,"[991, 455, 1019, 470]","[991, 455, 1019, 470]",0.00038888888888888887,0.00038888888888888887,1.0,compliant,compliant,False,False,0.526451847050932,0.00040002441419184246,False,False,False,0.03385589418134527,"[[984.6000366210938,450.4499816894531,1035.0,557.5499877929688]]","[[987.0000610351562,451.3499755859375,1024.2000732421875,473.8499755859375]]",562.6555000053486
0004332,ppe_violation,rule_1,random_matched,42,beam,1200,900,"[1, 125, 111, 225]","[723, 346, 833, 446]",0.010185185185185186,0.010185185185185186,0.0,compliant,compliant,False,False,1.0,0.0,False,False,False,0.0037962802286658492,"[[0.6000000238418579,124.64999389648438,204.60000610351562,859.0499877929688]]","[[0.6000000238418579,124.64999389648438,111.00000762939453,224.54998779296875]]",446.9171999953687
0004332,ppe_violation,rule_1,random_matched,43,beam,1200,900,"[1, 125, 111, 225]","[371, 711, 481, 811]",0.010185185185185186,0.010185185185185186,0.0,compliant,compliant,False,False,1.0,0.0,False,False,False,0.002787132614425203,"[[0.6000000238418579,124.64999389648438,204.60000610351562,858.1499633789062]]","[[0.6000000238418579,124.64999389648438,111.00000762939453,224.54998779296875]]",477.82489999372046
0004332,ppe_violation,rule_1,random_matched,44,beam,1200,900,"[1, 125, 111, 225]","[983, 768, 1093, 868]",0.010185185185185186,0.010185185185185186,0.0,compliant,compliant,False,False,1.0,0.0,False,False,False,0.002688564892326162,"[[0.6000000238418579,124.64999389648438,204.60000610351562,858.1499633789062]]","[[0.6000000238418579,124.64999389648438,111.00000762939453,224.54998779296875]]",456.1299000051804
0004332,ppe_violation,rule_1,random_matched,45,beam,1200,900,"[1, 125, 111, 225]","[166, 68, 276, 168]",0.010185185185185186,0.010185185185185186,0.0,compliant,compliant,False,False,1.0,0.0,False,False,False,-0.0060361213982105255,"[[0.6000000238418579,124.64999389648438,204.60000610351562,859.0499877929688]]","[[0.6000000238418579,124.64999389648438,111.00000762939453,224.54998779296875]]",557.9500000021653
0004332,ppe_violation,rule_1,random_matched,46,beam,1200,900,"[1, 125, 111, 225]","[822, 178, 932, 278]",0.010185185185185186,0.010185185185185186,0.0,compliant,compliant,False,False,1.0,0.0,False,False,False,0.010224947705864906,"[[0.6000000238418579,124.64999389648438,204.60000610351562,859.0499877929688]]","[[0.6000000238418579,124.64999389648438,111.00000762939453,224.54998779296875]]",459.2659000045387
0004332,ppe_violation,rule_1,targeted,-1,beam,1200,900,"[1, 125, 111, 225]","[1, 125, 111, 225]",0.010185185185185186,0.010185185185185186,1.0,compliant,violation,True,True,0.0,0.1216332629483414,False,False,False,0.050148528601442144,"[[429.0000305175781,135.4499969482422,599.4000244140625,738.449951171875]]","[[222.60000610351562,205.64999389648438,245.40000915527344,221.84999084472656]]",485.28630001237616
0004380,ppe_violation,rule_1,random_matched,42,beam,1200,900,"[827, 408, 855, 436]","[919, 32, 947, 60]",0.000725925925925926,0.000725925925925926,0.0,violation,violation,False,False,1.0,0.0,False,False,False,-0.000364913472107542,"[[540.6000366210938,416.25,600.6000366210938,558.4500122070312]]","[[827.4000244140625,408.1499938964844,855.0000610351562,436.04998779296875]]",514.9832000024617
0004380,ppe_violation,rule_1,random_matched,43,beam,1200,900,"[827, 408, 855, 436]","[1131, 22, 1159, 50]",0.000725925925925926,0.000725925925925926,0.0,violation,violation,False,False,1.0,0.0,False,False,False,0.0006316825747489929,"[[540.6000366210938,416.25,600.6000366210938,558.4500122070312]]","[[827.4000244140625,408.1499938964844,855.0000610351562,436.04998779296875]]",468.92359999765176
0004380,ppe_violation,rule_1,random_matched,44,beam,1200,900,"[827, 408, 855, 436]","[169, 379, 197, 407]",0.000725925925925926,0.000725925925925926,0.0,violation,violation,False,False,1.0,0.0,False,False,False,0.0010451320558786392,"[[540.6000366210938,416.25,600.6000366210938,558.4500122070312]]","[[827.4000244140625,408.1499938964844,855.0000610351562,436.04998779296875]]",409.97259999858215
0004380,ppe_violation,rule_1,random_matched,45,beam,1200,900,"[827, 408, 855, 436]","[964, 600, 992, 628]",0.000725925925925926,0.000725925925925926,0.0,violation,violation,False,False,1.0,0.0,False,False,False,-0.0005716016249996958,"[[540.6000366210938,416.25,600.6000366210938,558.4500122070312]]","[[827.4000244140625,408.1499938964844,855.0000610351562,436.04998779296875]]",403.7588000064716
0004380,ppe_violation,rule_1,random_matched,46,beam,1200,900,"[827, 408, 855, 436]","[512, 125, 540, 153]",0.000725925925925926,0.000725925925925926,0.0,violation,violation,False,False,1.0,0.0,False,False,False,0.0005191729537078471,"[[540.6000366210938,416.25,601.800048828125,558.4500122070312]]","[[827.4000244140625,408.1499938964844,855.0000610351562,436.04998779296875]]",402.83310000086203
0004380,ppe_violation,rule_1,targeted,-1,beam,1200,900,"[827, 408, 855, 436]","[827, 408, 855, 436]",0.000725925925925926,0.000725925925925926,1.0,violation,violation,False,False,0.0,0.044004070320290085,False,False,False,-0.013455630612692726,"[[540.6000366210938,416.25,600.6000366210938,558.4500122070312]]","[[892.2000122070312,409.9499816894531,922.2000122070312,436.04998779296875]]",537.4993000004906
0004497,ppe_violation,rule_1,random_matched,42,beam,1200,900,"[4, 536, 38, 561]","[440, 498, 474, 523]",0.000787037037037037,0.000787037037037037,0.0,compliant,compliant,False,False,0.965517328790007,0.0003999989827473958,False,False,False,-9.232074288390013e-05,"[[0.6000000238418579,535.0499877929688,49.80000305175781,706.949951171875]]","[[4.200000286102295,535.9500122070312,39.0,561.1499633789062]]",425.0723000004655
0004497,ppe_violation,rule_1,random_matched,43,beam,1200,900,"[4, 536, 38, 561]","[166, 436, 200, 461]",0.000787037037037037,0.000787037037037037,0.0,compliant,compliant,False,False,1.0,0.0,False,False,False,-8.66656856877146e-05,"[[0.6000000238418579,535.0499877929688,51.000003814697266,706.949951171875]]","[[4.200000286102295,535.9500122070312,37.80000305175781,561.1499633789062]]",465.6947999901604
0004497,ppe_violation,rule_1,random_matched,44,beam,1200,900,"[4, 536, 38, 561]","[138, 320, 172, 345]",0.000787037037037037,0.000787037037037037,0.0,compliant,compliant,False,False,0.965517328790007,0.0003999989827473958,False,False,False,-0.0003472374353026275,"[[0.6000000238418579,535.0499877929688,49.80000305175781,706.949951171875]]","[[4.200000286102295,535.9500122070312,39.0,561.1499633789062]]",497.02300000353716
0004497,ppe_violation,rule_1,random_matched,45,beam,1200,900,"[4, 536, 38, 561]","[697, 367, 731, 392]",0.000787037037037037,0.000787037037037037,0.0,compliant,compliant,False,False,1.0,0.0,False,False,False,-0.00017797467964042468,"[[0.6000000238418579,535.0499877929688,52.20000076293945,707.8499755859375]]","[[4.200000286102295,535.9500122070312,37.80000305175781,561.1499633789062]]",385.237499998766
0004497,ppe_violation,rule_1,random_matched,46,beam,1200,900,"[4, 536, 38, 561]","[778, 269, 812, 294]",0.000787037037037037,0.000787037037037037,0.0,compliant,compliant,False,False,0.965517328790007,0.0003999989827473958,False,False,False,-0.0007837734717344169,"[[0.6000000238418579,535.0499877929688,49.80000305175781,706.949951171875]]","[[4.200000286102295,535.9500122070312,39.0,561.1499633789062]]",459.62389999476727
0004497,ppe_violation,rule_1,targeted,-1,beam,1200,900,"[4, 536, 38, 561]","[4, 536, 38, 561]",0.000787037037037037,0.000787037037037037,1.0,compliant,compliant,False,False,0.09081076189216084,0.01155205060830113,False,False,False,-0.0014909246404256615,"[[0.6000000238418579,533.25,48.60000228881836,707.8499755859375]]","[[0.6000000238418579,554.8499755859375,18.600000381469727,568.3499755859375]]",429.1455000056885
0004552,fall_hazard,rule_3,random_matched,42,beam,1200,675,"[367, 314, 728, 536]","[700, 183, 1061, 405]",0.09894074074074075,0.09894074074074075,0.01615357305878176,compliant,compliant,False,False,0.996951274563791,0.00024512618675385513,False,False,False,0.0029677893700345015,"[[317.4000244140625,49.61249923706055,413.4000244140625,298.6875]]","[[366.6000061035156,314.2124938964844,727.800048828125,534.9375],[366.6000061035156,314.2124938964844,564.6000366210938,534.9375]]",434.4427000032738
0004552,fall_hazard,rule_3,random_matched,43,beam,1200,675,"[367, 314, 728, 536]","[79, 111, 440, 333]",0.09894074074074075,0.09894074074074075,0.00872892502690422,compliant,compliant,False,False,0.49718418530461866,0.05828285516765796,False,False,False,-0.027322284256418472,"[[745.800048828125,233.8874969482422,832.2000122070312,536.9625244140625]]","[[370.20001220703125,331.0874938964844,564.6000366210938,535.6124877929688]]",397.1982999937609
0004552,fall_hazard,rule_3,random_matched,44,beam,1200,675,"[367, 314, 728, 536]","[750, 309, 1111, 531]",0.09894074074074075,0.09894074074074075,0.0,compliant,compliant,False,False,0.996951274563791,0.00024512618675385513,False,False,False,0.00034311804033460014,"[[748.2000122070312,233.21250915527344,827.4000244140625,314.88751220703125]]","[[366.6000061035156,314.2124938964844,727.800048828125,534.9375],[366.6000061035156,314.2124938964844,564.6000366210938,534.9375]]",440.13340001401957
0004552,fall_hazard,rule_3,random_matched,45,beam,1200,675,"[367, 314, 728, 536]","[497, 3, 858, 225]",0.09894074074074075,0.09894074074074075,0.0,compliant,compliant,False,False,1.0,0.0,False,False,False,0.0196100165462727,"[[745.800048828125,233.8874969482422,832.2000122070312,536.9625244140625]]","[[366.6000061035156,314.2124938964844,727.800048828125,535.6124877929688],[366.6000061035156,314.2124938964844,564.6000366210938,535.6124877929688]]",486.70389999460895
0004552,fall_hazard,rule_3,random_matched,46,beam,1200,675,"[367, 314, 728, 536]","[754, 193, 1115, 415]",0.09894074074074075,0.09894074074074075,0.0,compliant,compliant,False,False,0.996951274563791,0.00024512618675385513,False,False,False,-0.013009619544304574,"[[316.20001220703125,49.61249923706055,412.20001220703125,298.6875]]","[[366.6000061035156,314.2124938964844,727.800048828125,534.9375],[366.6000061035156,314.2124938964844,564.6000366210938,534.9375]]",459.67640000162646
0004552,fall_hazard,rule_3,targeted,-1,beam,1200,675,"[367, 314, 728, 536]","[367, 314, 728, 536]",0.09894074074074075,0.09894074074074075,1.0,compliant,compliant,False,False,0.0,0.30126937745279647,False,False,False,-0.03756407195968281,"[[745.800048828125,233.8874969482422,832.2000122070312,536.9625244140625]]","[[657.0,564.6375122070312,1198.2000732421875,615.9375],[917.4000244140625,428.2875061035156,1198.2000732421875,494.4375]]",510.4286999994656
0004680,ppe_violation,rule_1,random_matched,42,beam,720,576,"[142, 158, 154, 165]","[453, 392, 465, 399]",0.0002025462962962963,0.0002025462962962963,0.0,compliant,compliant,False,False,1.0,0.0,False,False,False,-0.0005899799137335515,[],"[[142.20001220703125,157.53599548339844,153.72000122070312,165.02398681640625]]",668.3491000003414
0004680,ppe_violation,rule_1,random_matched,43,beam,720,576,"[142, 158, 154, 165]","[634, 98, 646, 105]",0.0002025462962962963,0.0002025462962962963,0.0,compliant,compliant,False,False,1.0,0.0,False,False,False,0.0005623808778498773,[],"[[142.20001220703125,157.53599548339844,153.72000122070312,165.02398681640625]]",563.6450000019977
0004680,ppe_violation,rule_1,random_matched,44,beam,720,576,"[142, 158, 154, 165]","[299, 28, 311, 35]",0.0002025462962962963,0.0002025462962962963,0.0,compliant,compliant,False,False,0.865383874734461,0.0005000018815054703,False,False,False,-4.695254661457593e-05,[],"[[142.20001220703125,158.11199951171875,153.0,165.02398681640625]]",367.6065000036033
0004680,ppe_violation,rule_1,random_matched,45,beam,720,576,"[142, 158, 154, 165]","[62, 59, 74, 66]",0.0002025462962962963,0.0002025462962962963,0.0,compliant,compliant,False,False,1.0,0.0,False,False,False,0.0012728610359457049,[],"[[142.20001220703125,157.53599548339844,153.72000122070312,165.02398681640625]]",661.2355999968713
0004680,ppe_violation,rule_1,random_matched,46,beam,720,576,"[142, 158, 154, 165]","[256, 153, 268, 160]",0.0002025462962962963,0.0002025462962962963,0.0,compliant,compliant,False,False,1.0,0.0,False,False,False,0.00039275848995090623,[],"[[142.20001220703125,157.53599548339844,153.72000122070312,165.02398681640625]]",713.7293999985559
0004680,ppe_violation,rule_1,targeted,-1,beam,720,576,"[142, 158, 154, 165]","[142, 158, 154, 165]",0.0002025462962962963,0.0002025462962962963,1.0,compliant,compliant,False,False,0.4521734563373741,0.0005000018815054703,False,False,False,0.015399881900229007,[],"[[140.04000854492188,155.80799865722656,156.60000610351562,167.32798767089844]]",438.2748000061838
0004716,ppe_violation,rule_1,random_matched,42,beam,1200,800,"[281, 404, 293, 416]","[16, 329, 28, 341]",0.00015,0.00015,0.0,compliant,compliant,False,False,1.0,0.0,False,False,False,0.0009231462276407809,"[[279.0,402.8000183105469,311.4000244140625,469.20001220703125]]","[[281.4000244140625,403.6000061035156,293.4000244140625,416.3999938964844]]",520.0665000011213
0004716,ppe_violation,rule_1,random_matched,43,beam,1200,800,"[281, 404, 293, 416]","[870, 352, 882, 364]",0.00015,0.00015,0.0,compliant,compliant,False,False,1.0,0.0,False,False,False,0.00033117471528898434,"[[279.0,403.6000061035156,310.20001220703125,469.20001220703125]]","[[281.4000244140625,403.6000061035156,293.4000244140625,416.3999938964844]]",447.20399999641813
0004716,ppe_violation,rule_1,random_matched,44,beam,1200,800,"[281, 404, 293, 416]","[106, 174, 118, 186]",0.00015,0.00015,0.0,compliant,compliant,False,False,1.0,0.0,False,False,False,-0.00012859941593235114,"[[279.0,402.8000183105469,311.4000244140625,469.20001220703125]]","[[281.4000244140625,403.6000061035156,293.4000244140625,416.3999938964844]]",447.65539999934845
0004716,ppe_violation,rule_1,random_matched,45,beam,1200,800,"[281, 404, 293, 416]","[912, 425, 924, 437]",0.00015,0.00015,0.0,compliant,compliant,False,False,1.0,0.0,False,False,False,0.00014599718685659457,"[[279.0,403.6000061035156,310.20001220703125,469.20001220703125]]","[[281.4000244140625,403.6000061035156,293.4000244140625,416.3999938964844]]",475.91120000288356
0004716,ppe_violation,rule_1,random_matched,46,beam,1200,800,"[281, 404, 293, 416]","[522, 366, 534, 378]",0.00015,0.00015,0.0,compliant,compliant,False,False,1.0,0.0,False,False,False,0.0004595436954072385,"[[279.0,402.8000183105469,311.4000244140625,469.20001220703125]]","[[281.4000244140625,403.6000061035156,293.4000244140625,416.3999938964844]]",447.9481000016676
0004716,ppe_violation,rule_1,targeted,-1,beam,1200,800,"[281, 404, 293, 416]","[281, 404, 293, 416]",0.00015,0.00015,1.0,compliant,compliant,False,False,0.4968944619365774,0.0008770479822319786,False,False,False,0.013253820927015436,"[[279.0,402.0,311.4000244140625,470.0]]","[[280.20001220703125,401.20001220703125,297.0,419.6000061035156]]",428.8205999910133
0004831,fall_hazard,rule_2,random_matched,42,beam,1200,900,"[425, 537, 494, 588]","[175, 731, 244, 782]",0.003258333333333333,0.003258333333333333,0.0,compliant,compliant,False,False,1.0,0.0,False,False,False,0.0007753592716263635,"[[481.8000183105469,498.1499938964844,529.800048828125,614.25]]","[[425.4000244140625,536.8499755859375,493.8000183105469,588.1499633789062]]",464.1484000021592
0004831,fall_hazard,rule_2,random_matched,43,beam,1200,900,"[425, 537, 494, 588]","[278, 129, 347, 180]",0.003258333333333333,0.003258333333333333,0.0,compliant,compliant,False,False,1.0,0.0,False,False,False,-0.0019790970587305057,"[[481.8000183105469,498.1499938964844,529.800048828125,615.1499633789062]]","[[425.4000244140625,536.8499755859375,493.8000183105469,588.1499633789062]]",462.0798999967519
0004831,fall_hazard,rule_2,random_matched,44,beam,1200,900,"[425, 537, 494, 588]","[595, 606, 664, 657]",0.003258333333333333,0.003258333333333333,0.0,compliant,compliant,False,False,0.982456406483469,0.000399993896484375,False,False,False,0.0037998245762926874,"[[481.8000183105469,498.1499938964844,529.800048828125,615.1499633789062]]","[[426.6000061035156,536.8499755859375,493.8000183105469,588.1499633789062]]",442.32479999482166
0004831,fall_hazard,rule_2,random_matched,45,beam,1200,900,"[425, 537, 494, 588]","[30, 461, 99, 512]",0.003258333333333333,0.003258333333333333,0.0,compliant,compliant,False,False,1.0,0.0,False,False,False,-0.0008797234456454639,"[[481.8000183105469,498.1499938964844,529.800048828125,615.1499633789062]]","[[425.4000244140625,536.8499755859375,493.8000183105469,588.1499633789062]]",482.604499993613
0004831,fall_hazard,rule_2,random_matched,46,beam,1200,900,"[425, 537, 494, 588]","[347, 377, 416, 428]",0.003258333333333333,0.003258333333333333,0.0,compliant,compliant,False,False,1.0,0.0,False,False,False,-0.0009496244269290854,"[[481.8000183105469,498.1499938964844,529.800048828125,615.1499633789062]]","[[425.4000244140625,536.8499755859375,493.8000183105469,588.1499633789062]]",457.4018999992404
0004831,fall_hazard,rule_2,targeted,-1,beam,1200,900,"[425, 537, 494, 588]","[425, 537, 494, 588]",0.003258333333333333,0.003258333333333333,1.0,compliant,violation,True,True,0.0,0.1258062069573062,False,False,False,-0.03129872400313627,"[[485.4000244140625,498.1499938964844,529.800048828125,614.25]]","[[629.4000244140625,558.4500122070312,666.6000366210938,588.1499633789062]]",467.9659000103129
